timestamp,open,high,low,close,volume
2025-10-16 03:45:00,25401.0,25430.150390625,25382.849609375,25424.19921875,0.0
2025-10-16 04:00:00,25424.75,25440.349609375,25412.0,25431.400390625,0.0
2025-10-16 04:15:00,25431.05078125,25452.75,25430.69921875,25434.55078125,0.0
2025-10-16 04:30:00,25434.75,25445.75,25422.349609375,25423.44921875,0.0
2025-10-16 04:45:00,25423.650390625,25459.099609375,25417.55078125,25453.25,0.0
2025-10-16 05:00:00,25452.900390625,25460.94921875,25450.55078125,25458.94921875,0.0
2025-10-16 05:15:00,25459.150390625,25468.75,25453.900390625,25467.5,0.0
2025-10-16 05:30:00,25467.849609375,25472.599609375,25459.44921875,25462.25,0.0
2025-10-16 05:45:00,25461.75,25465.150390625,25450.0,25459.650390625,0.0
2025-10-16 06:00:00,25459.30078125,25468.44921875,25445.25,25447.099609375,0.0
2025-10-16 06:15:00,25447.0,25463.80078125,25441.599609375,25451.349609375,0.0
2025-10-16 06:30:00,25450.650390625,25478.05078125,25450.44921875,25477.0,0.0
2025-10-16 06:45:00,25476.900390625,25500.599609375,25474.75,25496.0,0.0
2025-10-16 07:00:00,25496.25,25516.25,25496.25,25506.650390625,0.0
2025-10-16 07:15:00,25507.099609375,25518.849609375,25493.349609375,25503.849609375,0.0
2025-10-16 07:30:00,25503.80078125,25525.599609375,25499.400390625,25524.0,0.0
2025-10-16 07:45:00,25523.80078125,25529.75,25504.099609375,25524.849609375,0.0
2025-10-16 08:00:00,25525.150390625,25543.19921875,25515.19921875,25539.5,0.0
2025-10-16 08:15:00,25539.19921875,25544.099609375,25524.5,25540.0,0.0
2025-10-16 08:30:00,25539.75,25576.400390625,25538.400390625,25551.849609375,0.0
2025-10-16 08:45:00,25552.650390625,25589.0,25552.599609375,25581.25,0.0
2025-10-16 09:00:00,25581.25,25621.75,25577.94921875,25607.849609375,0.0
2025-10-16 09:15:00,25608.75,25624.80078125,25581.55078125,25621.0,0.0
2025-10-16 09:30:00,25621.849609375,25624.650390625,25566.650390625,25568.55078125,0.0
2025-10-16 09:45:00,25567.80078125,25582.900390625,25565.900390625,25566.30078125,0.0
2025-10-17 03:45:00,25541.30078125,25604.400390625,25508.94921875,25604.400390625,0.0
2025-10-17 04:00:00,25604.55078125,25623.599609375,25596.25,25618.900390625,0.0
2025-10-17 04:15:00,25619.05078125,25620.849609375,25562.55078125,25603.19921875,0.0
2025-10-17 04:30:00,25603.349609375,25677.0,25603.150390625,25670.150390625,0.0
2025-10-17 04:45:00,25670.150390625,25685.05078125,25665.099609375,25676.099609375,0.0
2025-10-17 05:00:00,25677.099609375,25698.80078125,25674.650390625,25689.69921875,0.0
2025-10-17 05:15:00,25692.94921875,25728.94921875,25684.900390625,25727.75,0.0
2025-10-17 05:30:00,25727.69921875,25757.94921875,25727.05078125,25750.650390625,0.0
2025-10-17 05:45:00,25751.05078125,25771.75,25744.25,25766.400390625,0.0
2025-10-17 06:00:00,25767.650390625,25776.69921875,25730.80078125,25743.349609375,0.0
2025-10-17 06:15:00,25742.05078125,25756.900390625,25710.400390625,25754.849609375,0.0
2025-10-17 06:30:00,25754.75,25768.650390625,25746.349609375,25760.599609375,0.0
2025-10-17 06:45:00,25763.94921875,25780.94921875,25738.69921875,25776.75,0.0
2025-10-17 07:00:00,25778.400390625,25778.55078125,25750.5,25756.400390625,0.0
2025-10-17 07:15:00,25757.650390625,25770.400390625,25684.75,25701.19921875,0.0
2025-10-17 07:30:00,25703.44921875,25716.25,25652.80078125,25668.75,0.0
2025-10-17 07:45:00,25670.25,25705.19921875,25663.650390625,25677.349609375,0.0
2025-10-17 08:00:00,25682.05078125,25684.19921875,25620.44921875,25663.19921875,0.0
2025-10-17 08:15:00,25664.55078125,25675.849609375,25632.849609375,25673.900390625,0.0
2025-10-17 08:30:00,25677.400390625,25709.099609375,25658.599609375,25682.099609375,0.0
2025-10-17 08:45:00,25683.94921875,25721.0,25658.25,25679.5,0.0
2025-10-17 09:00:00,25683.0,25742.0,25672.30078125,25731.099609375,0.0
2025-10-17 09:15:00,25732.80078125,25751.69921875,25702.150390625,25725.099609375,0.0
2025-10-17 09:30:00,25725.94921875,25725.94921875,25698.55078125,25708.349609375,0.0
2025-10-17 09:45:00,25708.30078125,25717.349609375,25696.0,25704.69921875,0.0
2025-10-20 03:45:00,25816.349609375,25924.650390625,25816.349609375,25878.650390625,0.0
2025-10-20 04:00:00,25879.400390625,25895.30078125,25835.0,25840.900390625,0.0
2025-10-20 04:15:00,25840.55078125,25845.69921875,25788.55078125,25808.55078125,0.0
2025-10-20 04:30:00,25806.849609375,25858.650390625,25795.900390625,25856.55078125,0.0
2025-10-20 04:45:00,25859.19921875,25862.44921875,25826.5,25832.900390625,0.0
2025-10-20 05:00:00,25832.05078125,25867.19921875,25816.349609375,25862.75,0.0
2025-10-20 05:15:00,25863.0,25887.849609375,25861.30078125,25881.0,0.0
2025-10-20 05:30:00,25879.400390625,25892.94921875,25866.150390625,25873.80078125,0.0
2025-10-20 05:45:00,25874.900390625,25878.25,25828.900390625,25854.900390625,0.0
2025-10-20 06:00:00,25855.400390625,25860.69921875,25822.349609375,25842.5,0.0
2025-10-20 06:15:00,25843.0,25849.80078125,25829.30078125,25843.349609375,0.0
2025-10-20 06:30:00,25844.05078125,25856.19921875,25838.05078125,25855.25,0.0
2025-10-20 06:45:00,25854.55078125,25860.69921875,25833.849609375,25849.0,0.0
2025-10-20 07:00:00,25847.849609375,25875.599609375,25840.94921875,25868.69921875,0.0
2025-10-20 07:15:00,25867.849609375,25889.150390625,25862.55078125,25885.349609375,0.0
2025-10-20 07:30:00,25885.19921875,25910.25,25882.55078125,25898.400390625,0.0
2025-10-20 07:45:00,25897.900390625,25901.5,25872.650390625,25888.150390625,0.0
2025-10-20 08:00:00,25888.55078125,25895.80078125,25870.05078125,25876.69921875,0.0
2025-10-20 08:15:00,25876.5,25885.0,25837.650390625,25854.400390625,0.0
2025-10-20 08:30:00,25854.150390625,25861.69921875,25841.69921875,25861.05078125,0.0
2025-10-20 08:45:00,25860.5,25884.150390625,25806.75,25817.150390625,0.0
2025-10-20 09:00:00,25817.099609375,25836.05078125,25805.80078125,25817.349609375,0.0
2025-10-20 09:15:00,25816.80078125,25837.099609375,25796.75,25821.650390625,0.0
2025-10-20 09:30:00,25821.650390625,25859.650390625,25814.19921875,25846.30078125,0.0
2025-10-20 09:45:00,25845.150390625,25861.599609375,25839.55078125,25850.69921875,0.0
2025-10-21 08:00:00,25901.19921875,25901.19921875,25901.19921875,25901.19921875,0.0
2025-10-21 08:15:00,25897.400390625,25932.5,25873.80078125,25893.650390625,0.0
2025-10-21 08:30:00,25893.849609375,25900.849609375,25878.849609375,25896.900390625,0.0
2025-10-21 08:45:00,25897.0,25908.099609375,25873.150390625,25874.75,0.0
2025-10-21 09:00:00,25874.099609375,25874.099609375,25826.80078125,25833.30078125,0.0
2025-10-21 09:15:00,25826.25,25868.599609375,25826.25,25868.599609375,0.0
2025-10-23 03:45:00,26058.5,26058.5,25991.849609375,26053.099609375,0.0
2025-10-23 04:00:00,26055.25,26094.75,26050.5,26074.30078125,0.0
2025-10-23 04:15:00,26073.849609375,26084.44921875,26040.30078125,26058.900390625,0.0
2025-10-23 04:30:00,26058.400390625,26096.69921875,26058.400390625,26095.900390625,0.0
2025-10-23 04:45:00,26095.900390625,26099.599609375,26073.400390625,26073.400390625,0.0
2025-10-23 05:00:00,26072.80078125,26085.5,26058.900390625,26071.400390625,0.0
2025-10-23 05:15:00,26071.650390625,26072.0,26047.599609375,26063.400390625,0.0
2025-10-23 05:30:00,26064.099609375,26077.25,26044.0,26058.0,0.0
2025-10-23 05:45:00,26057.05078125,26064.19921875,26042.900390625,26047.0,0.0
2025-10-23 06:00:00,26047.19921875,26061.849609375,26041.900390625,26056.55078125,0.0
2025-10-23 06:15:00,26056.400390625,26084.5,26056.349609375,26082.55078125,0.0
2025-10-23 06:30:00,26083.30078125,26087.05078125,26062.30078125,26077.099609375,0.0
2025-10-23 06:45:00,26076.650390625,26094.05078125,26069.25,26086.150390625,0.0
2025-10-23 07:00:00,26086.55078125,26097.30078125,26081.75,26088.150390625,0.0
2025-10-23 07:15:00,26089.349609375,26103.80078125,26056.349609375,26057.400390625,0.0
2025-10-23 07:30:00,26058.099609375,26067.650390625,26038.44921875,26059.599609375,0.0
2025-10-23 07:45:00,26059.05078125,26079.30078125,26043.849609375,26047.69921875,0.0
2025-10-23 08:00:00,26047.099609375,26052.5,26004.150390625,26026.5,0.0
2025-10-23 08:15:00,26025.900390625,26036.599609375,25988.150390625,25990.0,0.0
2025-10-23 08:30:00,25988.849609375,25990.650390625,25946.69921875,25958.55078125,0.0
2025-10-23 08:45:00,25958.19921875,25969.849609375,25926.400390625,25943.05078125,0.0
2025-10-23 09:00:00,25942.55078125,25992.44921875,25929.150390625,25980.94921875,0.0
2025-10-23 09:15:00,25981.599609375,25996.849609375,25946.900390625,25951.099609375,0.0
2025-10-23 09:30:00,25954.19921875,25954.55078125,25863.5,25865.349609375,0.0
2025-10-23 09:45:00,25864.5,25900.30078125,25862.599609375,25870.30078125,0.0
2025-10-24 03:45:00,25939.30078125,25939.30078125,25840.400390625,25886.400390625,0.0
2025-10-24 04:00:00,25885.849609375,25914.69921875,25862.55078125,25903.5,0.0
2025-10-24 04:15:00,25903.5,25904.150390625,25864.099609375,25893.099609375,0.0
2025-10-24 04:30:00,25893.19921875,25903.0,25873.849609375,25876.19921875,0.0
2025-10-24 04:45:00,25875.75,25875.75,25822.099609375,25826.94921875,0.0
2025-10-24 05:00:00,25826.650390625,25840.099609375,25811.44921875,25819.80078125,0.0
2025-10-24 05:15:00,25820.25,25831.30078125,25810.55078125,25825.05078125,0.0
2025-10-24 05:30:00,25824.599609375,25835.44921875,25796.5,25827.30078125,0.0
2025-10-24 05:45:00,25826.30078125,25830.44921875,25799.900390625,25801.849609375,0.0
2025-10-24 06:00:00,25801.349609375,25839.400390625,25783.75,25837.099609375,0.0
2025-10-24 06:15:00,25836.900390625,25850.5,25821.69921875,25821.80078125,0.0
2025-10-24 06:30:00,25821.150390625,25857.849609375,25815.099609375,25850.44921875,0.0
2025-10-24 06:45:00,25850.25,25874.69921875,25837.900390625,25843.55078125,0.0
2025-10-24 07:00:00,25843.400390625,25853.150390625,25827.0,25842.44921875,0.0
2025-10-24 07:15:00,25841.150390625,25845.69921875,25806.0,25810.69921875,0.0
2025-10-24 07:30:00,25810.75,25826.94921875,25807.0,25825.94921875,0.0
2025-10-24 07:45:00,25826.400390625,25831.099609375,25770.400390625,25771.5,0.0
2025-10-24 08:00:00,25771.0,25784.80078125,25722.0,25724.400390625,0.0
2025-10-24 08:15:00,25724.400390625,25747.25,25718.650390625,25739.599609375,0.0
2025-10-24 08:30:00,25739.44921875,25774.400390625,25733.75,25755.400390625,0.0
2025-10-24 08:45:00,25755.400390625,25779.69921875,25749.55078125,25775.599609375,0.0
2025-10-24 09:00:00,25776.349609375,25784.30078125,25747.900390625,25752.5,0.0
2025-10-24 09:15:00,25751.599609375,25763.0,25737.94921875,25744.099609375,0.0
2025-10-24 09:30:00,25745.44921875,25807.75,25745.44921875,25799.5,0.0
2025-10-24 09:45:00,25798.94921875,25809.25,25790.150390625,25797.44921875,0.0
2025-10-27 03:45:00,25851.94921875,25891.0,25828.099609375,25889.05078125,0.0
2025-10-27 04:00:00,25889.150390625,25944.650390625,25880.94921875,25937.19921875,0.0
2025-10-27 04:15:00,25937.400390625,25946.44921875,25926.30078125,25935.849609375,0.0
2025-10-27 04:30:00,25935.75,25974.849609375,25920.69921875,25961.849609375,0.0
2025-10-27 04:45:00,25962.75,25978.650390625,25957.25,25970.25,0.0
2025-10-27 05:00:00,25969.80078125,25971.150390625,25946.75,25963.5,0.0
2025-10-27 05:15:00,25963.75,25967.80078125,25949.55078125,25966.44921875,0.0
2025-10-27 05:30:00,25966.55078125,25981.30078125,25960.30078125,25976.30078125,0.0
2025-10-27 05:45:00,25975.650390625,25986.900390625,25965.80078125,25977.849609375,0.0
2025-10-27 06:00:00,25978.44921875,25979.349609375,25955.150390625,25957.25,0.0
2025-10-27 06:15:00,25957.19921875,25995.099609375,25946.25,25994.900390625,0.0
2025-10-27 06:30:00,25994.94921875,26004.900390625,25989.80078125,25996.25,0.0
2025-10-27 06:45:00,25996.849609375,26001.099609375,25965.69921875,25968.900390625,0.0
2025-10-27 07:00:00,25969.900390625,25980.69921875,25957.150390625,25974.30078125,0.0
2025-10-27 07:15:00,25974.900390625,25983.0,25956.30078125,25974.400390625,0.0
2025-10-27 07:30:00,25974.69921875,25977.650390625,25958.25,25970.599609375,0.0
2025-10-27 07:45:00,25970.650390625,25971.0,25918.400390625,25939.55078125,0.0
2025-10-27 08:00:00,25940.25,25944.849609375,25921.05078125,25944.650390625,0.0
2025-10-27 08:15:00,25944.44921875,25966.099609375,25934.44921875,25954.25,0.0
2025-10-27 08:30:00,25954.30078125,25964.099609375,25936.099609375,25938.5,0.0
2025-10-27 08:45:00,25939.30078125,25984.099609375,25938.05078125,25977.80078125,0.0
2025-10-27 09:00:00,25977.150390625,25984.900390625,25960.400390625,25967.05078125,0.0
2025-10-27 09:15:00,25967.19921875,25971.400390625,25926.75,25958.19921875,0.0
2025-10-27 09:30:00,25958.400390625,25970.650390625,25945.80078125,25963.80078125,0.0
2025-10-27 09:45:00,25963.75,25981.0,25958.05078125,25974.0,0.0
2025-10-28 03:45:00,25937.099609375,26004.05078125,25937.099609375,25988.849609375,0.0
2025-10-28 04:00:00,25987.44921875,26040.900390625,25978.099609375,26019.5,0.0
2025-10-28 04:15:00,26019.599609375,26027.30078125,25956.05078125,25970.30078125,0.0
2025-10-28 04:30:00,25969.5,25970.05078125,25886.55078125,25905.25,0.0
2025-10-28 04:45:00,25905.099609375,25912.5,25886.900390625,25901.5,0.0
2025-10-28 05:00:00,25901.150390625,25902.5,25866.80078125,25891.150390625,0.0
2025-10-28 05:15:00,25891.349609375,25904.349609375,25854.150390625,25862.5,0.0
2025-10-28 05:30:00,25861.650390625,25865.05078125,25840.19921875,25852.30078125,0.0
2025-10-28 05:45:00,25852.25,25892.69921875,25844.69921875,25880.19921875,0.0
2025-10-28 06:00:00,25879.80078125,25894.5,25869.75,25878.05078125,0.0
2025-10-28 06:15:00,25877.5,25899.400390625,25848.650390625,25848.650390625,0.0
2025-10-28 06:30:00,25848.75,25855.30078125,25826.400390625,25843.650390625,0.0
2025-10-28 06:45:00,25843.94921875,25875.55078125,25829.650390625,25863.25,0.0
2025-10-28 07:00:00,25862.599609375,25931.69921875,25854.25,25929.0,0.0
2025-10-28 07:15:00,25930.150390625,25947.19921875,25911.94921875,25935.44921875,0.0
2025-10-28 07:30:00,25934.75,25949.05078125,25910.69921875,25926.349609375,0.0
2025-10-28 07:45:00,25926.05078125,25956.0,25902.25,25943.05078125,0.0
2025-10-28 08:00:00,25940.0,25953.849609375,25879.599609375,25879.599609375,0.0
2025-10-28 08:15:00,25878.94921875,25901.69921875,25858.75,25882.349609375,0.0
2025-10-28 08:30:00,25882.5,25900.25,25841.55078125,25873.69921875,0.0
2025-10-28 08:45:00,25872.650390625,25876.94921875,25810.5,25833.5,0.0
2025-10-28 09:00:00,25832.94921875,25846.80078125,25818.5,25826.75,0.0
2025-10-28 09:15:00,25825.05078125,25868.650390625,25814.599609375,25850.599609375,0.0
2025-10-28 09:30:00,25852.69921875,25948.75,25852.69921875,25943.0,0.0
2025-10-28 09:45:00,25941.849609375,25968.150390625,25940.55078125,25965.400390625,0.0
2025-10-29 03:45:00,25979.900390625,26022.05078125,25968.349609375,26010.0,0.0
2025-10-29 04:00:00,26010.75,26024.80078125,25960.55078125,25972.30078125,0.0
2025-10-29 04:15:00,25970.55078125,25995.599609375,25965.0,25983.69921875,0.0
2025-10-29 04:30:00,25983.599609375,26016.25,25983.599609375,25997.69921875,0.0
2025-10-29 04:45:00,25998.19921875,26042.349609375,25987.650390625,26040.400390625,0.0
2025-10-29 05:00:00,26040.900390625,26064.0,26038.349609375,26046.150390625,0.0
2025-10-29 05:15:00,26045.80078125,26050.599609375,26022.0,26041.400390625,0.0
2025-10-29 05:30:00,26040.30078125,26046.94921875,26017.69921875,26022.44921875,0.0
2025-10-29 05:45:00,26022.30078125,26049.0,26007.900390625,26040.69921875,0.0
2025-10-29 06:00:00,26040.349609375,26053.94921875,26028.5,26049.599609375,0.0
2025-10-29 06:15:00,26049.55078125,26052.650390625,26024.44921875,26034.19921875,0.0
2025-10-29 06:30:00,26034.80078125,26063.650390625,26025.55078125,26054.75,0.0
2025-10-29 06:45:00,26055.19921875,26069.349609375,26048.94921875,26065.30078125,0.0
2025-10-29 07:00:00,26065.94921875,26076.55078125,26056.0,26073.0,0.0
2025-10-29 07:15:00,26073.05078125,26083.900390625,26067.94921875,26073.849609375,0.0
2025-10-29 07:30:00,26073.900390625,26084.30078125,26056.94921875,26080.25,0.0
2025-10-29 07:45:00,26080.0,26085.25,26066.150390625,26067.150390625,0.0
2025-10-29 08:00:00,26068.0,26097.849609375,26064.30078125,26072.0,0.0
2025-10-29 08:15:00,26072.650390625,26080.25,26058.400390625,26060.400390625,0.0
2025-10-29 08:30:00,26061.400390625,26061.400390625,26038.900390625,26052.849609375,0.0
2025-10-29 08:45:00,26053.150390625,26082.400390625,26047.30078125,26059.849609375,0.0
2025-10-29 09:00:00,26060.650390625,26065.80078125,26047.69921875,26055.75,0.0
2025-10-29 09:15:00,26056.94921875,26057.5,26015.30078125,26045.900390625,0.0
2025-10-29 09:30:00,26046.94921875,26046.94921875,26036.94921875,26043.55078125,0.0
2025-10-29 09:45:00,26044.80078125,26075.5,26042.80078125,26068.30078125,0.0
2025-10-30 03:45:00,26006.400390625,26028.30078125,25964.19921875,25978.69921875,0.0
2025-10-30 04:00:00,25978.849609375,25978.849609375,25915.650390625,25921.55078125,0.0
2025-10-30 04:15:00,25921.25,25942.349609375,25892.75,25905.849609375,0.0
2025-10-30 04:30:00,25907.099609375,25959.849609375,25900.400390625,25959.44921875,0.0
2025-10-30 04:45:00,25959.5,25967.400390625,25928.349609375,25938.05078125,0.0
2025-10-30 05:00:00,25938.5,25942.0,25912.30078125,25917.80078125,0.0
2025-10-30 05:15:00,25918.19921875,25932.19921875,25913.349609375,25916.349609375,0.0
2025-10-30 05:30:00,25916.55078125,25957.400390625,25911.94921875,25956.099609375,0.0
2025-10-30 05:45:00,25956.30078125,25975.0,25947.25,25954.650390625,0.0
2025-10-30 06:00:00,25954.30078125,25957.5,25930.69921875,25931.80078125,0.0
2025-10-30 06:15:00,25931.75,25940.400390625,25902.25,25906.900390625,0.0
2025-10-30 06:30:00,25907.05078125,25923.94921875,25904.400390625,25912.25,0.0
2025-10-30 06:45:00,25911.849609375,25927.30078125,25896.900390625,25919.94921875,0.0
2025-10-30 07:00:00,25919.69921875,25926.44921875,25902.349609375,25920.44921875,0.0
2025-10-30 07:15:00,25919.55078125,25927.599609375,25905.80078125,25906.5,0.0
2025-10-30 07:30:00,25907.25,25925.150390625,25901.5,25923.05078125,0.0
2025-10-30 07:45:00,25924.0,25932.349609375,25893.650390625,25896.900390625,0.0
2025-10-30 08:00:00,25896.30078125,25901.19921875,25867.150390625,25880.80078125,0.0
2025-10-30 08:15:00,25881.25,25893.650390625,25864.44921875,25889.0,0.0
2025-10-30 08:30:00,25889.69921875,25892.400390625,25870.80078125,25889.349609375,0.0
2025-10-30 08:45:00,25887.75,25917.80078125,25872.650390625,25895.849609375,0.0
2025-10-30 09:00:00,25896.849609375,25909.900390625,25872.05078125,25904.599609375,0.0
2025-10-30 09:15:00,25904.80078125,25911.75,25845.55078125,25862.30078125,0.0
2025-10-30 09:30:00,25863.099609375,25888.849609375,25861.900390625,25873.75,0.0
2025-10-30 09:45:00,25874.599609375,25893.94921875,25873.80078125,25891.19921875,0.0
2025-10-31 03:45:00,25863.80078125,25927.150390625,25822.19921875,25914.44921875,0.0
2025-10-31 04:00:00,25914.900390625,25953.69921875,25913.80078125,25925.599609375,0.0
2025-10-31 04:15:00,25926.650390625,25937.599609375,25910.19921875,25925.94921875,0.0
2025-10-31 04:30:00,25924.55078125,25929.55078125,25865.099609375,25878.849609375,0.0
2025-10-31 04:45:00,25879.0,25879.0,25823.150390625,25836.0,0.0
2025-10-31 05:00:00,25836.55078125,25837.05078125,25788.849609375,25818.099609375,0.0
2025-10-31 05:15:00,25818.75,25830.69921875,25797.849609375,25801.150390625,0.0
2025-10-31 05:30:00,25801.150390625,25802.25,25763.349609375,25776.75,0.0
2025-10-31 05:45:00,25777.19921875,25794.05078125,25769.55078125,25777.75,0.0
2025-10-31 06:00:00,25777.69921875,25809.55078125,25773.69921875,25806.5,0.0
2025-10-31 06:15:00,25806.25,25819.44921875,25791.349609375,25819.0,0.0
2025-10-31 06:30:00,25819.80078125,25834.75,25796.599609375,25797.849609375,0.0
2025-10-31 06:45:00,25798.150390625,25811.69921875,25781.75,25786.5,0.0
2025-10-31 07:00:00,25787.150390625,25807.94921875,25779.900390625,25789.80078125,0.0
2025-10-31 07:15:00,25791.44921875,25806.099609375,25784.55078125,25793.900390625,0.0
2025-10-31 07:30:00,25794.849609375,25816.400390625,25790.25,25800.150390625,0.0
2025-10-31 07:45:00,25800.650390625,25809.849609375,25773.599609375,25777.44921875,0.0
2025-10-31 08:00:00,25777.69921875,25784.19921875,25759.150390625,25764.69921875,0.0
2025-10-31 08:15:00,25765.349609375,25782.150390625,25754.150390625,25774.80078125,0.0
2025-10-31 08:30:00,25775.349609375,25790.099609375,25763.650390625,25776.55078125,0.0
2025-10-31 08:45:00,25777.400390625,25785.0,25743.0,25783.0,0.0
2025-10-31 09:00:00,25782.099609375,25786.400390625,25759.349609375,25773.900390625,0.0
2025-10-31 09:15:00,25774.25,25774.25,25740.80078125,25753.30078125,0.0
2025-10-31 09:30:00,25754.80078125,25754.80078125,25713.0,25715.55078125,0.0
2025-10-31 09:45:00,25715.75,25736.25,25711.400390625,25731.900390625,0.0
2025-11-03 03:45:00,25694.099609375,25737.44921875,25659.19921875,25678.599609375,0.0
2025-11-03 04:00:00,25677.69921875,25739.0,25645.94921875,25723.25,0.0
2025-11-03 04:15:00,25722.5,25761.5,25721.900390625,25759.900390625,0.0
2025-11-03 04:30:00,25759.44921875,25761.30078125,25708.25,25712.349609375,0.0
2025-11-03 04:45:00,25711.849609375,25730.349609375,25695.349609375,25729.30078125,0.0
2025-11-03 05:00:00,25727.5,25771.55078125,25718.400390625,25771.05078125,0.0
2025-11-03 05:15:00,25772.150390625,25773.30078125,25736.69921875,25749.25,0.0
2025-11-03 05:30:00,25749.349609375,25761.75,25746.5,25753.900390625,0.0
2025-11-03 05:45:00,25753.94921875,25760.900390625,25743.099609375,25753.80078125,0.0
2025-11-03 06:00:00,25753.30078125,25758.0,25723.849609375,25726.099609375,0.0
2025-11-03 06:15:00,25725.69921875,25737.400390625,25707.849609375,25724.900390625,0.0
2025-11-03 06:30:00,25724.650390625,25726.400390625,25700.599609375,25702.69921875,0.0
2025-11-03 06:45:00,25703.099609375,25733.80078125,25699.80078125,25713.349609375,0.0
2025-11-03 07:00:00,25713.900390625,25737.099609375,25697.0,25733.19921875,0.0
2025-11-03 07:15:00,25732.5,25755.94921875,25727.900390625,25755.05078125,0.0
2025-11-03 07:30:00,25754.349609375,25759.80078125,25737.55078125,25752.099609375,0.0
2025-11-03 07:45:00,25752.0,25764.69921875,25738.19921875,25754.30078125,0.0
2025-11-03 08:00:00,25754.05078125,25770.80078125,25749.25,25755.55078125,0.0
2025-11-03 08:15:00,25755.19921875,25765.599609375,25726.94921875,25765.25,0.0
2025-11-03 08:30:00,25765.150390625,25780.349609375,25751.0,25770.80078125,0.0
2025-11-03 08:45:00,25771.099609375,25802.5,25770.25,25783.650390625,0.0
2025-11-03 09:00:00,25783.19921875,25788.80078125,25770.25,25776.900390625,0.0
2025-11-03 09:15:00,25777.150390625,25777.150390625,25736.55078125,25759.0,0.0
2025-11-03 09:30:00,25758.849609375,25773.0,25747.19921875,25765.94921875,0.0
2025-11-03 09:45:00,25765.599609375,25785.900390625,25761.75,25774.30078125,0.0
2025-11-04 03:45:00,25744.75,25785.69921875,25722.849609375,25729.900390625,0.0
2025-11-04 04:00:00,25730.55078125,25730.55078125,25695.400390625,25718.400390625,0.0
2025-11-04 04:15:00,25718.599609375,25718.599609375,25685.400390625,25705.650390625,0.0
2025-11-04 04:30:00,25705.69921875,25722.25,25695.69921875,25698.19921875,0.0
2025-11-04 04:45:00,25698.55078125,25712.55078125,25674.05078125,25708.5,0.0
2025-11-04 05:00:00,25709.19921875,25717.900390625,25692.900390625,25692.900390625,0.0
2025-11-04 05:15:00,25693.44921875,25711.75,25688.099609375,25710.599609375,0.0
2025-11-04 05:30:00,25710.650390625,25720.55078125,25677.0,25684.69921875,0.0
2025-11-04 05:45:00,25684.69921875,25692.05078125,25658.650390625,25682.19921875,0.0
2025-11-04 06:00:00,25681.400390625,25683.650390625,25649.099609375,25662.80078125,0.0
2025-11-04 06:15:00,25662.44921875,25675.400390625,25659.80078125,25663.80078125,0.0
2025-11-04 06:30:00,25664.650390625,25681.25,25662.75,25680.5,0.0
2025-11-04 06:45:00,25680.5,25690.400390625,25667.44921875,25670.900390625,0.0
2025-11-04 07:00:00,25670.69921875,25680.099609375,25664.25,25679.44921875,0.0
2025-11-04 07:15:00,25679.349609375,25686.80078125,25657.94921875,25668.900390625,0.0
2025-11-04 07:30:00,25669.849609375,25684.69921875,25654.0,25658.55078125,0.0
2025-11-04 07:45:00,25660.349609375,25670.94921875,25646.400390625,25670.94921875,0.0
2025-11-04 08:00:00,25671.55078125,25683.05078125,25652.0,25674.099609375,0.0
2025-11-04 08:15:00,25675.05078125,25677.69921875,25654.349609375,25655.849609375,0.0
2025-11-04 08:30:00,25657.44921875,25657.900390625,25607.5,25616.5,0.0
2025-11-04 08:45:00,25617.05078125,25623.650390625,25592.900390625,25614.349609375,0.0
2025-11-04 09:00:00,25615.05078125,25634.650390625,25608.400390625,25610.099609375,0.0
2025-11-04 09:15:00,25609.900390625,25618.599609375,25585.150390625,25606.849609375,0.0
2025-11-04 09:30:00,25607.30078125,25621.69921875,25589.349609375,25601.25,0.0
2025-11-04 09:45:00,25600.0,25602.94921875,25579.44921875,25585.349609375,0.0
2025-11-06 03:45:00,25604.05078125,25678.150390625,25596.849609375,25626.599609375,0.0
2025-11-06 04:00:00,25625.599609375,25632.849609375,25600.099609375,25610.0,0.0
2025-11-06 04:15:00,25610.05078125,25633.900390625,25599.30078125,25628.94921875,0.0
2025-11-06 04:30:00,25629.30078125,25639.69921875,25542.44921875,25542.75,0.0
2025-11-06 04:45:00,25542.900390625,25550.30078125,25532.75,25536.94921875,0.0
2025-11-06 05:00:00,25537.69921875,25545.0,25520.75,25536.05078125,0.0
2025-11-06 05:15:00,25536.599609375,25565.099609375,25533.69921875,25562.5,0.0
2025-11-06 05:30:00,25562.94921875,25575.25,25553.849609375,25560.5,0.0
2025-11-06 05:45:00,25560.69921875,25561.150390625,25534.0,25543.0,0.0
2025-11-06 06:00:00,25542.900390625,25547.55078125,25525.0,25531.94921875,0.0
2025-11-06 06:15:00,25531.099609375,25561.349609375,25529.94921875,25561.349609375,0.0
2025-11-06 06:30:00,25559.30078125,25574.400390625,25543.75,25546.650390625,0.0
2025-11-06 06:45:00,25546.650390625,25561.349609375,25530.55078125,25545.75,0.0
2025-11-06 07:00:00,25545.599609375,25575.75,25539.44921875,25560.30078125,0.0
2025-11-06 07:15:00,25561.099609375,25608.150390625,25556.75,25591.099609375,0.0
2025-11-06 07:30:00,25591.650390625,25616.849609375,25561.80078125,25583.599609375,0.0
2025-11-06 07:45:00,25584.19921875,25603.099609375,25575.900390625,25583.849609375,0.0
2025-11-06 08:00:00,25583.80078125,25599.94921875,25565.599609375,25567.44921875,0.0
2025-11-06 08:15:00,25567.400390625,25573.69921875,25516.0,25539.900390625,0.0
2025-11-06 08:30:00,25539.19921875,25555.5,25525.55078125,25552.94921875,0.0
2025-11-06 08:45:00,25552.25,25555.75,25520.599609375,25541.599609375,0.0
2025-11-06 09:00:00,25542.099609375,25560.599609375,25527.55078125,25542.400390625,0.0
2025-11-06 09:15:00,25542.55078125,25564.599609375,25526.94921875,25555.55078125,0.0
2025-11-06 09:30:00,25555.099609375,25555.099609375,25491.75,25500.599609375,0.0
2025-11-06 09:45:00,25500.349609375,25521.44921875,25498.69921875,25519.94921875,0.0
2025-11-07 03:45:00,25433.80078125,25438.5,25325.44921875,25348.94921875,0.0
2025-11-07 04:00:00,25348.849609375,25362.349609375,25318.650390625,25355.05078125,0.0
2025-11-07 04:15:00,25354.25,25391.150390625,25336.94921875,25342.25,0.0
2025-11-07 04:30:00,25342.25,25352.30078125,25331.05078125,25343.25,0.0
2025-11-07 04:45:00,25343.94921875,25357.25,25338.19921875,25356.849609375,0.0
2025-11-07 05:00:00,25356.80078125,25385.900390625,25348.650390625,25378.599609375,0.0
2025-11-07 05:15:00,25379.099609375,25386.55078125,25354.19921875,25356.44921875,0.0
2025-11-07 05:30:00,25357.75,25413.80078125,25354.400390625,25409.94921875,0.0
2025-11-07 05:45:00,25410.55078125,25441.75,25405.150390625,25440.25,0.0
2025-11-07 06:00:00,25439.69921875,25471.05078125,25439.69921875,25447.150390625,0.0
2025-11-07 06:15:00,25446.94921875,25456.25,25425.099609375,25437.94921875,0.0
2025-11-07 06:30:00,25437.75,25460.05078125,25429.05078125,25454.19921875,0.0
2025-11-07 06:45:00,25454.849609375,25466.150390625,25447.05078125,25457.150390625,0.0
2025-11-07 07:00:00,25456.900390625,25483.650390625,25456.849609375,25482.599609375,0.0
2025-11-07 07:15:00,25483.05078125,25502.349609375,25472.55078125,25491.25,0.0
2025-11-07 07:30:00,25491.5,25499.80078125,25477.75,25486.30078125,0.0
2025-11-07 07:45:00,25487.5,25539.94921875,25483.650390625,25531.19921875,0.0
2025-11-07 08:00:00,25531.80078125,25547.75,25526.0,25537.05078125,0.0
2025-11-07 08:15:00,25537.19921875,25550.80078125,25491.349609375,25492.849609375,0.0
2025-11-07 08:30:00,25493.900390625,25496.55078125,25456.599609375,25474.400390625,0.0
2025-11-07 08:45:00,25474.0,25536.650390625,25469.30078125,25533.650390625,0.0
2025-11-07 09:00:00,25533.19921875,25540.5,25507.75,25512.75,0.0
2025-11-07 09:15:00,25512.75,25513.80078125,25484.599609375,25490.19921875,0.0
2025-11-07 09:30:00,25490.099609375,25496.75,25473.099609375,25486.849609375,0.0
2025-11-07 09:45:00,25486.599609375,25516.099609375,25485.75,25510.80078125,0.0
2025-11-10 03:45:00,25515.80078125,25590.349609375,25515.30078125,25539.25,0.0
2025-11-10 04:00:00,25539.599609375,25579.150390625,25538.650390625,25552.75,0.0
2025-11-10 04:15:00,25553.19921875,25595.5,25548.69921875,25568.099609375,0.0
2025-11-10 04:30:00,25568.19921875,25579.55078125,25552.30078125,25576.0,0.0
2025-11-10 04:45:00,25575.900390625,25621.75,25575.19921875,25615.599609375,0.0
2025-11-10 05:00:00,25615.349609375,25625.099609375,25598.44921875,25601.44921875,0.0
2025-11-10 05:15:00,25600.849609375,25614.44921875,25587.75,25612.19921875,0.0
2025-11-10 05:30:00,25612.80078125,25631.80078125,25610.25,25629.900390625,0.0
2025-11-10 05:45:00,25629.099609375,25651.44921875,25625.94921875,25649.80078125,0.0
2025-11-10 06:00:00,25649.099609375,25649.349609375,25629.75,25633.0,0.0
2025-11-10 06:15:00,25632.75,25644.5,25619.05078125,25620.849609375,0.0
2025-11-10 06:30:00,25620.19921875,25633.5,25618.75,25624.30078125,0.0
2025-11-10 06:45:00,25623.099609375,25639.80078125,25620.30078125,25633.05078125,0.0
2025-11-10 07:00:00,25634.150390625,25647.30078125,25629.69921875,25646.150390625,0.0
2025-11-10 07:15:00,25644.30078125,25652.0,25639.44921875,25647.19921875,0.0
2025-11-10 07:30:00,25647.55078125,25653.19921875,25629.099609375,25630.25,0.0
2025-11-10 07:45:00,25630.75,25642.94921875,25624.349609375,25638.25,0.0
2025-11-10 08:00:00,25637.650390625,25642.599609375,25607.55078125,25607.55078125,0.0
2025-11-10 08:15:00,25607.25,25612.650390625,25579.5,25599.94921875,0.0
2025-11-10 08:30:00,25599.80078125,25625.30078125,25597.400390625,25618.900390625,0.0
2025-11-10 08:45:00,25620.19921875,25649.44921875,25615.44921875,25636.80078125,0.0
2025-11-10 09:00:00,25636.900390625,25641.69921875,25601.150390625,25602.75,0.0
2025-11-10 09:15:00,25603.5,25614.25,25596.25,25605.900390625,0.0
2025-11-10 09:30:00,25606.0,25606.849609375,25562.099609375,25565.44921875,0.0
2025-11-10 09:45:00,25565.05078125,25579.05078125,25563.55078125,25574.25,0.0
2025-11-11 03:45:00,25616.150390625,25634.400390625,25513.849609375,25526.599609375,0.0
2025-11-11 04:00:00,25527.25,25532.599609375,25489.900390625,25529.650390625,0.0
2025-11-11 04:15:00,25529.44921875,25532.80078125,25487.5,25519.05078125,0.0
2025-11-11 04:30:00,25517.849609375,25537.400390625,25501.94921875,25501.94921875,0.0
2025-11-11 04:45:00,25502.30078125,25512.30078125,25487.599609375,25491.900390625,0.0
2025-11-11 05:00:00,25490.80078125,25492.05078125,25450.849609375,25458.19921875,0.0
2025-11-11 05:15:00,25458.19921875,25487.599609375,25451.80078125,25486.599609375,0.0
2025-11-11 05:30:00,25486.55078125,25494.05078125,25474.94921875,25478.44921875,0.0
2025-11-11 05:45:00,25478.55078125,25483.69921875,25463.19921875,25472.55078125,0.0
2025-11-11 06:00:00,25473.05078125,25499.349609375,25467.400390625,25496.599609375,0.0
2025-11-11 06:15:00,25496.44921875,25539.849609375,25495.400390625,25528.05078125,0.0
2025-11-11 06:30:00,25527.94921875,25556.44921875,25526.400390625,25538.30078125,0.0
2025-11-11 06:45:00,25538.19921875,25575.650390625,25534.30078125,25574.30078125,0.0
2025-11-11 07:00:00,25574.30078125,25590.55078125,25563.150390625,25572.900390625,0.0
2025-11-11 07:15:00,25572.349609375,25582.75,25558.849609375,25567.349609375,0.0
2025-11-11 07:30:00,25568.150390625,25588.349609375,25561.5,25588.349609375,0.0
2025-11-11 07:45:00,25587.849609375,25618.05078125,25586.80078125,25608.349609375,0.0
2025-11-11 08:00:00,25606.849609375,25647.75,25605.349609375,25626.44921875,0.0
2025-11-11 08:15:00,25626.44921875,25672.5,25622.25,25635.05078125,0.0
2025-11-11 08:30:00,25634.400390625,25663.44921875,25630.150390625,25647.19921875,0.0
2025-11-11 08:45:00,25646.400390625,25693.599609375,25645.150390625,25690.05078125,0.0
2025-11-11 09:00:00,25690.650390625,25699.80078125,25653.69921875,25663.44921875,0.0
2025-11-11 09:15:00,25662.849609375,25693.19921875,25660.75,25676.55078125,0.0
2025-11-11 09:30:00,25677.94921875,25702.150390625,25670.599609375,25694.900390625,0.0
2025-11-11 09:45:00,25695.30078125,25713.80078125,25686.94921875,25705.55078125,0.0
2025-11-12 03:45:00,25822.599609375,25848.80078125,25791.900390625,25794.0,0.0
2025-11-12 04:00:00,25792.75,25851.099609375,25781.25,25844.75,0.0
2025-11-12 04:15:00,25845.0,25860.94921875,25843.69921875,25856.849609375,0.0
2025-11-12 04:30:00,25859.400390625,25863.849609375,25836.19921875,25839.849609375,0.0
2025-11-12 04:45:00,25839.75,25852.55078125,25829.94921875,25840.30078125,0.0
2025-11-12 05:00:00,25840.19921875,25878.0,25835.44921875,25871.650390625,0.0
2025-11-12 05:15:00,25871.400390625,25877.150390625,25863.900390625,25865.349609375,0.0
2025-11-12 05:30:00,25865.349609375,25884.19921875,25862.94921875,25881.900390625,0.0
2025-11-12 05:45:00,25882.599609375,25891.19921875,25878.5,25887.099609375,0.0
2025-11-12 06:00:00,25886.849609375,25900.349609375,25884.349609375,25892.349609375,0.0
2025-11-12 06:15:00,25892.400390625,25907.599609375,25892.25,25893.150390625,0.0
2025-11-12 06:30:00,25892.5,25901.30078125,25886.099609375,25888.75,0.0
2025-11-12 06:45:00,25887.900390625,25901.80078125,25887.150390625,25897.75,0.0
2025-11-12 07:00:00,25897.599609375,25923.900390625,25897.599609375,25917.75,0.0
2025-11-12 07:15:00,25917.099609375,25920.349609375,25900.19921875,25915.69921875,0.0
2025-11-12 07:30:00,25915.80078125,25926.75,25912.5,25923.25,0.0
2025-11-12 07:45:00,25922.94921875,25929.400390625,25912.75,25915.55078125,0.0
2025-11-12 08:00:00,25915.849609375,25934.0,25903.05078125,25921.0,0.0
2025-11-12 08:15:00,25921.75,25927.099609375,25914.400390625,25915.75,0.0
2025-11-12 08:30:00,25916.099609375,25918.80078125,25878.099609375,25893.30078125,0.0
2025-11-12 08:45:00,25893.19921875,25908.5,25878.19921875,25888.5,0.0
2025-11-12 09:00:00,25887.30078125,25898.0,25869.599609375,25886.55078125,0.0
2025-11-12 09:15:00,25886.599609375,25898.44921875,25882.75,25894.55078125,0.0
2025-11-12 09:30:00,25896.400390625,25897.0,25880.849609375,25884.400390625,0.0
2025-11-12 09:45:00,25884.349609375,25885.0,25853.55078125,25874.0,0.0
2025-11-13 03:45:00,25902.44921875,25902.44921875,25809.0,25875.55078125,0.0
2025-11-13 04:00:00,25875.80078125,25877.75,25831.900390625,25857.0,0.0
2025-11-13 04:15:00,25856.30078125,25888.400390625,25855.55078125,25877.650390625,0.0
2025-11-13 04:30:00,25876.900390625,25900.25,25873.05078125,25898.5,0.0
2025-11-13 04:45:00,25898.55078125,25914.5,25892.44921875,25912.44921875,0.0
2025-11-13 05:00:00,25911.69921875,25929.900390625,25911.5,25928.44921875,0.0
2025-11-13 05:15:00,25928.30078125,25947.94921875,25925.599609375,25946.849609375,0.0
2025-11-13 05:30:00,25947.400390625,25975.75,25947.0,25963.349609375,0.0
2025-11-13 05:45:00,25963.400390625,25978.400390625,25960.55078125,25969.349609375,0.0
2025-11-13 06:00:00,25969.55078125,25973.349609375,25958.05078125,25963.19921875,0.0
2025-11-13 06:15:00,25963.150390625,25983.94921875,25959.099609375,25983.94921875,0.0
2025-11-13 06:30:00,25981.75,25984.75,25968.099609375,25980.099609375,0.0
2025-11-13 06:45:00,25980.5,25987.25,25976.150390625,25980.150390625,0.0
2025-11-13 07:00:00,25980.55078125,25980.900390625,25942.05078125,25949.30078125,0.0
2025-11-13 07:15:00,25949.900390625,25970.19921875,25936.849609375,25969.69921875,0.0
2025-11-13 07:30:00,25970.44921875,25989.400390625,25970.44921875,25977.94921875,0.0
2025-11-13 07:45:00,25978.55078125,25989.099609375,25970.900390625,25981.0,0.0
2025-11-13 08:00:00,25981.349609375,26010.0,25975.150390625,25998.599609375,0.0
2025-11-13 08:15:00,25998.599609375,26003.44921875,25928.44921875,25929.150390625,0.0
2025-11-13 08:30:00,25931.55078125,25936.650390625,25871.099609375,25894.44921875,0.0
2025-11-13 08:45:00,25894.0,25922.650390625,25892.900390625,25921.599609375,0.0
2025-11-13 09:00:00,25921.25,25939.94921875,25906.0,25924.05078125,0.0
2025-11-13 09:15:00,25923.80078125,25931.400390625,25878.5,25878.69921875,0.0
2025-11-13 09:30:00,25878.349609375,25889.94921875,25866.099609375,25878.55078125,0.0
2025-11-13 09:45:00,25878.19921875,25903.099609375,25868.44921875,25884.099609375,0.0
2025-11-14 03:45:00,25776.849609375,25826.44921875,25767.30078125,25823.19921875,0.0
2025-11-14 04:00:00,25824.0,25878.94921875,25819.0,25856.19921875,0.0
2025-11-14 04:15:00,25855.5,25866.75,25790.19921875,25810.69921875,0.0
2025-11-14 04:30:00,25811.349609375,25814.849609375,25765.0,25780.05078125,0.0
2025-11-14 04:45:00,25779.69921875,25804.80078125,25774.900390625,25783.349609375,0.0
2025-11-14 05:00:00,25783.849609375,25791.80078125,25751.849609375,25770.099609375,0.0
2025-11-14 05:15:00,25769.849609375,25852.150390625,25768.099609375,25848.150390625,0.0
2025-11-14 05:30:00,25849.150390625,25864.05078125,25837.80078125,25855.25,0.0
2025-11-14 05:45:00,25854.75,25863.099609375,25813.150390625,25815.19921875,0.0
2025-11-14 06:00:00,25815.19921875,25821.599609375,25786.150390625,25789.94921875,0.0
2025-11-14 06:15:00,25789.099609375,25809.05078125,25788.30078125,25789.44921875,0.0
2025-11-14 06:30:00,25788.94921875,25834.94921875,25788.80078125,25826.400390625,0.0
2025-11-14 06:45:00,25824.75,25839.25,25816.94921875,25834.099609375,0.0
2025-11-14 07:00:00,25833.150390625,25836.30078125,25802.5,25811.05078125,0.0
2025-11-14 07:15:00,25810.75,25816.400390625,25792.05078125,25799.900390625,0.0
2025-11-14 07:30:00,25799.650390625,25804.75,25781.75,25799.599609375,0.0
2025-11-14 07:45:00,25799.0,25820.19921875,25795.0,25818.30078125,0.0
2025-11-14 08:00:00,25818.0,25819.150390625,25759.30078125,25762.44921875,0.0
2025-11-14 08:15:00,25758.25,25770.55078125,25741.69921875,25762.30078125,0.0
2025-11-14 08:30:00,25762.55078125,25777.599609375,25760.05078125,25774.400390625,0.0
2025-11-14 08:45:00,25772.849609375,25790.400390625,25757.150390625,25784.0,0.0
2025-11-14 09:00:00,25783.80078125,25802.69921875,25772.099609375,25789.650390625,0.0
2025-11-14 09:15:00,25790.80078125,25800.150390625,25759.099609375,25766.30078125,0.0
2025-11-14 09:30:00,25767.599609375,25939.650390625,25767.599609375,25930.19921875,0.0
2025-11-14 09:45:00,25930.94921875,25936.80078125,25906.30078125,25916.80078125,0.0
2025-11-17 03:45:00,25940.599609375,25975.5,25906.599609375,25964.55078125,0.0
2025-11-17 04:00:00,25966.44921875,25978.900390625,25958.05078125,25971.400390625,0.0
2025-11-17 04:15:00,25971.400390625,25979.5,25949.0,25965.19921875,0.0
2025-11-17 04:30:00,25966.0,25969.599609375,25944.30078125,25949.30078125,0.0
2025-11-17 04:45:00,25949.44921875,25971.349609375,25935.75,25939.349609375,0.0
2025-11-17 05:00:00,25939.94921875,25950.900390625,25924.75,25936.0,0.0
2025-11-17 05:15:00,25936.05078125,25945.599609375,25929.30078125,25943.19921875,0.0
2025-11-17 05:30:00,25942.44921875,25954.19921875,25934.94921875,25946.19921875,0.0
2025-11-17 05:45:00,25946.80078125,25950.55078125,25920.900390625,25928.0,0.0
2025-11-17 06:00:00,25928.25,25943.349609375,25915.099609375,25943.150390625,0.0
2025-11-17 06:15:00,25943.5,25971.0,25933.69921875,25965.30078125,0.0
2025-11-17 06:30:00,25964.80078125,25973.80078125,25949.25,25967.650390625,0.0
2025-11-17 06:45:00,25968.5,25976.69921875,25966.94921875,25967.599609375,0.0
2025-11-17 07:00:00,25968.900390625,25990.55078125,25962.69921875,25987.19921875,0.0
2025-11-17 07:15:00,25986.849609375,25996.19921875,25979.30078125,25994.099609375,0.0
2025-11-17 07:30:00,25994.900390625,25996.0,25972.80078125,25980.94921875,0.0
2025-11-17 07:45:00,25980.349609375,25983.5,25969.30078125,25975.75,0.0
2025-11-17 08:00:00,25976.75,25996.900390625,25965.650390625,25993.5,0.0
2025-11-17 08:15:00,25993.69921875,26002.94921875,25987.849609375,25997.349609375,0.0
2025-11-17 08:30:00,25997.400390625,26022.94921875,25997.099609375,26010.5,0.0
2025-11-17 08:45:00,26011.19921875,26013.25,25980.0,25994.44921875,0.0
2025-11-17 09:00:00,25994.44921875,26008.599609375,25980.0,25981.150390625,0.0
2025-11-17 09:15:00,25981.400390625,25998.849609375,25977.19921875,25993.94921875,0.0
2025-11-17 09:30:00,25996.5,26014.94921875,25990.0,26012.400390625,0.0
2025-11-17 09:45:00,26013.150390625,26023.650390625,26009.349609375,26014.30078125,0.0
2025-11-18 03:45:00,26023.599609375,26023.599609375,25930.5,25963.0,0.0
2025-11-18 04:00:00,25963.19921875,25971.75,25938.94921875,25952.05078125,0.0
2025-11-18 04:15:00,25949.150390625,25959.05078125,25896.19921875,25896.19921875,0.0
2025-11-18 04:30:00,25895.849609375,25914.599609375,25882.30078125,25895.849609375,0.0
2025-11-18 04:45:00,25895.25,25917.650390625,25893.44921875,25898.80078125,0.0
2025-11-18 05:00:00,25898.69921875,25902.849609375,25877.25,25891.80078125,0.0
2025-11-18 05:15:00,25891.94921875,25930.849609375,25886.650390625,25921.900390625,0.0
2025-11-18 05:30:00,25922.55078125,25936.19921875,25921.55078125,25933.900390625,0.0
2025-11-18 05:45:00,25932.599609375,25949.400390625,25924.849609375,25924.849609375,0.0
2025-11-18 06:00:00,25925.0,25956.650390625,25924.19921875,25956.349609375,0.0
2025-11-18 06:15:00,25956.69921875,25983.19921875,25955.150390625,25974.349609375,0.0
2025-11-18 06:30:00,25974.30078125,25981.400390625,25962.44921875,25962.5,0.0
2025-11-18 06:45:00,25962.5,25964.25,25939.849609375,25953.0,0.0
2025-11-18 07:00:00,25953.099609375,25959.19921875,25930.80078125,25940.94921875,0.0
2025-11-18 07:15:00,25940.80078125,25956.19921875,25927.599609375,25943.400390625,0.0
2025-11-18 07:30:00,25943.55078125,25965.19921875,25943.55078125,25953.5,0.0
2025-11-18 07:45:00,25952.94921875,25976.69921875,25952.94921875,25969.599609375,0.0
2025-11-18 08:00:00,25969.650390625,25987.80078125,25957.650390625,25978.400390625,0.0
2025-11-18 08:15:00,25978.5,25983.900390625,25964.69921875,25970.55078125,0.0
2025-11-18 08:30:00,25970.94921875,25997.150390625,25969.94921875,25988.69921875,0.0
2025-11-18 08:45:00,25988.44921875,25994.94921875,25964.5,25966.5,0.0
2025-11-18 09:00:00,25966.25,25973.69921875,25952.599609375,25955.05078125,0.0
2025-11-18 09:15:00,25955.25,25960.05078125,25937.19921875,25942.400390625,0.0
2025-11-18 09:30:00,25942.44921875,25946.599609375,25897.349609375,25897.75,0.0
2025-11-18 09:45:00,25896.94921875,25909.05078125,25876.75,25894.69921875,0.0
2025-11-19 03:45:00,25929.849609375,25929.849609375,25856.69921875,25904.5,0.0
2025-11-19 04:00:00,25903.650390625,25916.150390625,25884.599609375,25909.30078125,0.0
2025-11-19 04:15:00,25909.80078125,25924.05078125,25883.80078125,25920.349609375,0.0
2025-11-19 04:30:00,25920.150390625,25954.5,25913.19921875,25952.099609375,0.0
2025-11-19 04:45:00,25952.30078125,25971.0,25951.44921875,25957.849609375,0.0
2025-11-19 05:00:00,25957.55078125,25978.900390625,25957.349609375,25963.099609375,0.0
2025-11-19 05:15:00,25962.69921875,25969.75,25946.400390625,25952.099609375,0.0
2025-11-19 05:30:00,25951.80078125,25955.849609375,25925.599609375,25927.0,0.0
2025-11-19 05:45:00,25927.19921875,25952.25,25917.80078125,25948.30078125,0.0
2025-11-19 06:00:00,25948.75,25972.099609375,25947.849609375,25968.900390625,0.0
2025-11-19 06:15:00,25969.25,25976.849609375,25968.80078125,25974.25,0.0
2025-11-19 06:30:00,25974.25,25999.75,25974.05078125,25993.30078125,0.0
2025-11-19 06:45:00,25993.5,26016.75,25993.5,26013.30078125,0.0
2025-11-19 07:00:00,26013.0,26031.05078125,26012.25,26017.599609375,0.0
2025-11-19 07:15:00,26016.25,26031.44921875,26012.30078125,26017.400390625,0.0
2025-11-19 07:30:00,26016.94921875,26038.599609375,26016.400390625,26027.900390625,0.0
2025-11-19 07:45:00,26029.0,26029.80078125,26001.94921875,26002.400390625,0.0
2025-11-19 08:00:00,26002.69921875,26012.25,25987.30078125,26004.55078125,0.0
2025-11-19 08:15:00,26004.75,26017.75,26000.5,26006.849609375,0.0
2025-11-19 08:30:00,26007.25,26034.0,25993.400390625,26033.0,0.0
2025-11-19 08:45:00,26033.099609375,26048.599609375,26032.55078125,26045.150390625,0.0
2025-11-19 09:00:00,26045.849609375,26074.55078125,26040.650390625,26061.5,0.0
2025-11-19 09:15:00,26062.650390625,26066.30078125,26052.55078125,26054.849609375,0.0
2025-11-19 09:30:00,26055.849609375,26063.5,26046.849609375,26059.099609375,0.0
2025-11-19 09:45:00,26059.25,26059.650390625,26041.150390625,26052.69921875,0.0
2025-11-20 03:45:00,26128.69921875,26128.69921875,26081.099609375,26104.94921875,0.0
2025-11-20 04:00:00,26103.69921875,26111.900390625,26064.05078125,26077.94921875,0.0
2025-11-20 04:15:00,26077.5,26095.55078125,26068.19921875,26077.19921875,0.0
2025-11-20 04:30:00,26076.94921875,26105.900390625,26076.150390625,26099.650390625,0.0
2025-11-20 04:45:00,26100.69921875,26115.25,26097.400390625,26113.75,0.0
2025-11-20 05:00:00,26114.0,26130.849609375,26112.75,26128.400390625,0.0
2025-11-20 05:15:00,26128.25,26144.849609375,26124.099609375,26130.55078125,0.0
2025-11-20 05:30:00,26129.849609375,26141.30078125,26126.05078125,26133.099609375,0.0
2025-11-20 05:45:00,26133.400390625,26140.30078125,26126.849609375,26136.599609375,0.0
2025-11-20 06:00:00,26136.69921875,26148.5,26133.150390625,26145.75,0.0
2025-11-20 06:15:00,26145.75,26146.44921875,26125.849609375,26143.5,0.0
2025-11-20 06:30:00,26143.75,26152.599609375,26140.150390625,26146.05078125,0.0
2025-11-20 06:45:00,26146.150390625,26162.099609375,26135.349609375,26160.0,0.0
2025-11-20 07:00:00,26160.05078125,26174.25,26158.19921875,26170.349609375,0.0
2025-11-20 07:15:00,26170.05078125,26177.099609375,26167.599609375,26172.150390625,0.0
2025-11-20 07:30:00,26172.69921875,26184.69921875,26171.0,26177.80078125,0.0
2025-11-20 07:45:00,26177.099609375,26204.05078125,26172.900390625,26203.25,0.0
2025-11-20 08:00:00,26203.19921875,26215.150390625,26198.80078125,26206.099609375,0.0
2025-11-20 08:15:00,26206.150390625,26227.650390625,26200.849609375,26218.900390625,0.0
2025-11-20 08:30:00,26218.55078125,26227.80078125,26211.75,26224.650390625,0.0
2025-11-20 08:45:00,26224.25,26246.19921875,26198.80078125,26200.55078125,0.0
2025-11-20 09:00:00,26200.25,26225.05078125,26195.30078125,26195.30078125,0.0
2025-11-20 09:15:00,26195.05078125,26220.849609375,26191.0,26208.349609375,0.0
2025-11-20 09:30:00,26209.900390625,26217.849609375,26169.599609375,26203.19921875,0.0
2025-11-20 09:45:00,26204.599609375,26205.25,26187.30078125,26197.400390625,0.0
2025-11-21 03:45:00,26121.19921875,26169.25,26096.5,26158.19921875,0.0
2025-11-21 04:00:00,26158.55078125,26173.69921875,26129.150390625,26131.30078125,0.0
2025-11-21 04:15:00,26129.900390625,26130.150390625,26093.44921875,26119.400390625,0.0
2025-11-21 04:30:00,26119.80078125,26120.69921875,26082.05078125,26087.400390625,0.0
2025-11-21 04:45:00,26088.0,26088.0,26055.94921875,26067.849609375,0.0
2025-11-21 05:00:00,26068.0,26079.75,26059.94921875,26071.55078125,0.0
2025-11-21 05:15:00,26071.849609375,26094.150390625,26061.099609375,26093.94921875,0.0
2025-11-21 05:30:00,26093.19921875,26110.55078125,26064.80078125,26106.69921875,0.0
2025-11-21 05:45:00,26107.19921875,26108.150390625,26081.19921875,26103.0,0.0
2025-11-21 06:00:00,26103.19921875,26104.19921875,26070.94921875,26086.349609375,0.0
2025-11-21 06:15:00,26086.30078125,26098.900390625,26085.599609375,26093.099609375,0.0
2025-11-21 06:30:00,26093.30078125,26126.349609375,26086.099609375,26123.900390625,0.0
2025-11-21 06:45:00,26124.55078125,26160.69921875,26122.55078125,26152.75,0.0
2025-11-21 07:00:00,26151.44921875,26153.400390625,26135.099609375,26149.05078125,0.0
2025-11-21 07:15:00,26149.0,26179.099609375,26148.55078125,26166.0,0.0
2025-11-21 07:30:00,26166.19921875,26170.44921875,26133.94921875,26135.55078125,0.0
2025-11-21 07:45:00,26136.400390625,26140.599609375,26104.75,26116.349609375,0.0
2025-11-21 08:00:00,26116.80078125,26126.55078125,26101.349609375,26103.400390625,0.0
2025-11-21 08:15:00,26103.44921875,26138.599609375,26099.349609375,26138.599609375,0.0
2025-11-21 08:30:00,26138.849609375,26148.69921875,26123.650390625,26147.150390625,0.0
2025-11-21 08:45:00,26146.75,26154.94921875,26140.349609375,26149.94921875,0.0
2025-11-21 09:00:00,26150.25,26161.69921875,26127.44921875,26128.099609375,0.0
2025-11-21 09:15:00,26126.94921875,26133.44921875,26067.75,26070.349609375,0.0
2025-11-21 09:30:00,26071.05078125,26084.349609375,26064.05078125,26069.349609375,0.0
2025-11-21 09:45:00,26070.150390625,26080.400390625,26052.80078125,26063.94921875,0.0
2025-11-24 03:45:00,26128.30078125,26134.19921875,26082.650390625,26113.599609375,0.0
2025-11-24 04:00:00,26115.099609375,26116.80078125,26074.400390625,26074.900390625,0.0
2025-11-24 04:15:00,26076.19921875,26107.900390625,26064.69921875,26085.400390625,0.0
2025-11-24 04:30:00,26085.400390625,26130.349609375,26085.400390625,26128.5,0.0
2025-11-24 04:45:00,26129.05078125,26129.55078125,26110.5,26121.25,0.0
2025-11-24 05:00:00,26121.25,26142.5,26117.0,26130.94921875,0.0
2025-11-24 05:15:00,26131.900390625,26137.30078125,26108.150390625,26108.400390625,0.0
2025-11-24 05:30:00,26108.599609375,26110.5,26094.400390625,26098.099609375,0.0
2025-11-24 05:45:00,26098.400390625,26123.44921875,26088.099609375,26122.599609375,0.0
2025-11-24 06:00:00,26122.19921875,26130.94921875,26114.599609375,26117.150390625,0.0
2025-11-24 06:15:00,26117.30078125,26117.30078125,26063.400390625,26077.400390625,0.0
2025-11-24 06:30:00,26078.44921875,26089.5,26065.599609375,26069.099609375,0.0
2025-11-24 06:45:00,26068.650390625,26089.349609375,26059.55078125,26065.55078125,0.0
2025-11-24 07:00:00,26066.75,26083.849609375,26047.0,26078.0,0.0
2025-11-24 07:15:00,26078.19921875,26093.30078125,26068.30078125,26084.75,0.0
2025-11-24 07:30:00,26085.69921875,26092.94921875,26065.650390625,26080.599609375,0.0
2025-11-24 07:45:00,26081.80078125,26096.05078125,26077.55078125,26083.44921875,0.0
2025-11-24 08:00:00,26083.69921875,26091.0,26062.80078125,26086.55078125,0.0
2025-11-24 08:15:00,26088.349609375,26090.05078125,26069.0,26069.55078125,0.0
2025-11-24 08:30:00,26069.900390625,26072.94921875,26035.099609375,26057.150390625,0.0
2025-11-24 08:45:00,26054.650390625,26060.05078125,26026.0,26026.150390625,0.0
2025-11-24 09:00:00,26027.30078125,26040.75,26018.94921875,26025.69921875,0.0
2025-11-24 09:15:00,26027.099609375,26043.44921875,26015.94921875,26039.05078125,0.0
2025-11-24 09:30:00,26039.80078125,26057.75,25952.55078125,25954.400390625,0.0
2025-11-24 09:45:00,25954.55078125,25960.650390625,25913.0,25943.349609375,0.0
2025-11-25 03:45:00,25997.599609375,25997.599609375,25924.55078125,25955.19921875,0.0
2025-11-25 04:00:00,25954.849609375,25980.650390625,25953.80078125,25969.099609375,0.0
2025-11-25 04:15:00,25969.0,25990.599609375,25952.099609375,25988.400390625,0.0
2025-11-25 04:30:00,25987.650390625,26025.25,25985.55078125,26018.599609375,0.0
2025-11-25 04:45:00,26019.349609375,26024.0,26005.099609375,26010.55078125,0.0
2025-11-25 05:00:00,26010.849609375,26020.400390625,25991.400390625,25991.400390625,0.0
2025-11-25 05:15:00,25991.75,25991.900390625,25938.44921875,25939.099609375,0.0
2025-11-25 05:30:00,25938.94921875,25945.349609375,25927.150390625,25945.19921875,0.0
2025-11-25 05:45:00,25945.25,25964.80078125,25942.349609375,25962.80078125,0.0
2025-11-25 06:00:00,25962.69921875,25969.80078125,25950.55078125,25952.150390625,0.0
2025-11-25 06:15:00,25952.0,25994.75,25950.650390625,25987.44921875,0.0
2025-11-25 06:30:00,25987.5,25991.150390625,25973.44921875,25981.400390625,0.0
2025-11-25 06:45:00,25981.599609375,25986.0,25954.349609375,25957.94921875,0.0
2025-11-25 07:00:00,25958.19921875,25990.150390625,25958.19921875,25987.44921875,0.0
2025-11-25 07:15:00,25987.25,26002.19921875,25979.25,25983.900390625,0.0
2025-11-25 07:30:00,25984.05078125,26009.30078125,25969.650390625,25990.25,0.0
2025-11-25 07:45:00,25990.0,26014.849609375,25983.349609375,26009.19921875,0.0
2025-11-25 08:00:00,26008.599609375,26013.400390625,25989.19921875,25996.44921875,0.0
2025-11-25 08:15:00,25995.69921875,26010.5,25987.19921875,26008.349609375,0.0
2025-11-25 08:30:00,26008.349609375,26028.55078125,26006.44921875,26020.25,0.0
2025-11-25 08:45:00,26020.599609375,26032.099609375,25972.099609375,25973.650390625,0.0
2025-11-25 09:00:00,25972.55078125,25972.75,25942.900390625,25963.400390625,0.0
2025-11-25 09:15:00,25962.75,25966.849609375,25898.75,25899.80078125,0.0
2025-11-25 09:30:00,25899.30078125,25920.400390625,25869.75,25886.0,0.0
2025-11-25 09:45:00,25886.05078125,25886.05078125,25858.400390625,25860.30078125,0.0
2025-11-26 03:45:00,25842.94921875,25983.400390625,25842.94921875,25979.30078125,0.0
2025-11-26 04:00:00,25979.900390625,26025.44921875,25979.599609375,26024.599609375,0.0
2025-11-26 04:15:00,26024.099609375,26084.150390625,26024.099609375,26077.94921875,0.0
2025-11-26 04:30:00,26077.44921875,26098.19921875,26074.75,26084.5,0.0
2025-11-26 04:45:00,26084.25,26092.69921875,26061.900390625,26067.25,0.0
2025-11-26 05:00:00,26067.30078125,26093.400390625,26066.19921875,26092.19921875,0.0
2025-11-26 05:15:00,26091.650390625,26130.5,26091.650390625,26109.150390625,0.0
2025-11-26 05:30:00,26108.5,26126.69921875,26108.5,26116.5,0.0
2025-11-26 05:45:00,26116.75,26139.25,26115.900390625,26131.80078125,0.0
2025-11-26 06:00:00,26131.44921875,26138.75,26120.849609375,26121.5,0.0
2025-11-26 06:15:00,26121.05078125,26145.349609375,26116.69921875,26143.400390625,0.0
2025-11-26 06:30:00,26143.80078125,26161.19921875,26137.19921875,26156.849609375,0.0
2025-11-26 06:45:00,26156.94921875,26162.05078125,26147.25,26157.599609375,0.0
2025-11-26 07:00:00,26157.80078125,26171.599609375,26149.05078125,26170.69921875,0.0
2025-11-26 07:15:00,26170.44921875,26173.44921875,26160.150390625,26172.05078125,0.0
2025-11-26 07:30:00,26171.69921875,26195.25,26169.44921875,26188.900390625,0.0
2025-11-26 07:45:00,26188.55078125,26193.900390625,26151.900390625,26154.44921875,0.0
2025-11-26 08:00:00,26154.30078125,26191.25,26154.25,26173.150390625,0.0
2025-11-26 08:15:00,26173.25,26195.44921875,26163.150390625,26184.599609375,0.0
2025-11-26 08:30:00,26185.0,26211.94921875,26174.849609375,26197.349609375,0.0
2025-11-26 08:45:00,26197.599609375,26199.650390625,26167.599609375,26168.19921875,0.0
2025-11-26 09:00:00,26167.650390625,26198.5,26166.05078125,26188.349609375,0.0
2025-11-26 09:15:00,26187.55078125,26196.599609375,26159.05078125,26188.5,0.0
2025-11-26 09:30:00,26191.349609375,26214.80078125,26191.19921875,26212.599609375,0.0
2025-11-26 09:45:00,26213.5,26213.5,26196.599609375,26202.69921875,0.0
2025-11-27 03:45:00,26261.25,26289.599609375,26210.849609375,26283.80078125,0.0
2025-11-27 04:00:00,26285.150390625,26286.599609375,26225.19921875,26238.0,0.0
2025-11-27 04:15:00,26236.599609375,26287.75,26223.69921875,26284.0,0.0
2025-11-27 04:30:00,26283.900390625,26304.150390625,26269.5,26283.0,0.0
2025-11-27 04:45:00,26282.69921875,26287.599609375,26265.650390625,26279.25,0.0
2025-11-27 05:00:00,26279.400390625,26291.900390625,26271.900390625,26284.55078125,0.0
2025-11-27 05:15:00,26285.75,26310.05078125,26283.650390625,26291.75,0.0
2025-11-27 05:30:00,26291.05078125,26304.5,26288.849609375,26297.650390625,0.0
2025-11-27 05:45:00,26297.650390625,26302.349609375,26275.650390625,26279.44921875,0.0
2025-11-27 06:00:00,26279.25,26280.0,26262.75,26269.30078125,0.0
2025-11-27 06:15:00,26269.599609375,26270.349609375,26233.44921875,26245.44921875,0.0
2025-11-27 06:30:00,26244.94921875,26262.55078125,26228.650390625,26243.94921875,0.0
2025-11-27 06:45:00,26244.0,26247.69921875,26214.94921875,26226.650390625,0.0
2025-11-27 07:00:00,26227.05078125,26248.150390625,26218.80078125,26247.650390625,0.0
2025-11-27 07:15:00,26248.19921875,26256.94921875,26235.80078125,26237.900390625,0.0
2025-11-27 07:30:00,26237.650390625,26239.400390625,26175.80078125,26178.30078125,0.0
2025-11-27 07:45:00,26177.25,26194.44921875,26145.05078125,26152.05078125,0.0
2025-11-27 08:00:00,26151.849609375,26169.5,26142.150390625,26148.400390625,0.0
2025-11-27 08:15:00,26148.05078125,26186.05078125,26143.599609375,26185.44921875,0.0
2025-11-27 08:30:00,26185.349609375,26197.25,26168.30078125,26180.94921875,0.0
2025-11-27 08:45:00,26180.5,26217.55078125,26172.30078125,26206.05078125,0.0
2025-11-27 09:00:00,26205.55078125,26222.44921875,26180.55078125,26206.19921875,0.0
2025-11-27 09:15:00,26205.849609375,26206.69921875,26173.30078125,26186.05078125,0.0
2025-11-27 09:30:00,26185.94921875,26228.19921875,26185.94921875,26213.150390625,0.0
2025-11-27 09:45:00,26212.650390625,26234.19921875,26207.599609375,26220.80078125,0.0
2025-11-28 03:45:00,26246.900390625,26246.900390625,26172.900390625,26229.650390625,0.0
2025-11-28 04:00:00,26231.0,26254.44921875,26201.650390625,26225.099609375,0.0
2025-11-28 04:15:00,26224.900390625,26254.75,26213.75,26250.650390625,0.0
2025-11-28 04:30:00,26252.099609375,26267.19921875,26239.30078125,26240.400390625,0.0
2025-11-28 04:45:00,26240.650390625,26245.44921875,26218.80078125,26236.19921875,0.0
2025-11-28 05:00:00,26235.80078125,26274.44921875,26234.55078125,26274.44921875,0.0
2025-11-28 05:15:00,26273.94921875,26280.19921875,26254.349609375,26259.400390625,0.0
2025-11-28 05:30:00,26259.400390625,26268.900390625,26245.150390625,26266.5,0.0
2025-11-28 05:45:00,26266.900390625,26273.25,26236.75,26243.400390625,0.0
2025-11-28 06:00:00,26243.150390625,26250.900390625,26232.599609375,26247.94921875,0.0
2025-11-28 06:15:00,26246.94921875,26257.099609375,26238.05078125,26247.099609375,0.0
2025-11-28 06:30:00,26247.400390625,26253.150390625,26232.849609375,26240.75,0.0
2025-11-28 06:45:00,26239.349609375,26240.55078125,26217.849609375,26220.900390625,0.0
2025-11-28 07:00:00,26220.05078125,26240.150390625,26218.0,26230.0,0.0
2025-11-28 07:15:00,26229.849609375,26230.650390625,26204.0,26226.099609375,0.0
2025-11-28 07:30:00,26225.5,26227.400390625,26212.650390625,26217.900390625,0.0
2025-11-28 07:45:00,26217.44921875,26227.5,26203.900390625,26225.099609375,0.0
2025-11-28 08:00:00,26225.650390625,26234.900390625,26216.25,26217.69921875,0.0
2025-11-28 08:15:00,26217.0,26218.099609375,26194.0,26208.80078125,0.0
2025-11-28 08:30:00,26208.599609375,26217.099609375,26199.80078125,26200.75,0.0
2025-11-28 08:45:00,26200.94921875,26206.900390625,26194.900390625,26205.099609375,0.0
2025-11-28 09:00:00,26204.94921875,26222.44921875,26201.349609375,26205.55078125,0.0
2025-11-28 09:15:00,26205.30078125,26214.400390625,26197.94921875,26209.55078125,0.0
2025-11-28 09:30:00,26209.69921875,26213.150390625,26196.150390625,26197.55078125,0.0
2025-11-28 09:45:00,26197.44921875,26213.650390625,26191.900390625,26204.55078125,0.0
2025-12-01 03:45:00,26319.900390625,26319.900390625,26272.25,26284.05078125,0.0
2025-12-01 04:00:00,26284.75,26314.69921875,26281.19921875,26287.25,0.0
2025-12-01 04:15:00,26286.55078125,26297.650390625,26263.94921875,26264.30078125,0.0
2025-12-01 04:30:00,26264.44921875,26290.849609375,26264.44921875,26284.94921875,0.0
2025-12-01 04:45:00,26283.650390625,26288.69921875,26268.599609375,26281.099609375,0.0
2025-12-01 05:00:00,26282.900390625,26289.55078125,26258.099609375,26258.599609375,0.0
2025-12-01 05:15:00,26259.44921875,26259.650390625,26229.349609375,26238.94921875,0.0
2025-12-01 05:30:00,26239.5,26244.150390625,26224.55078125,26242.400390625,0.0
2025-12-01 05:45:00,26242.599609375,26250.94921875,26236.75,26247.5,0.0
2025-12-01 06:00:00,26248.349609375,26261.900390625,26208.150390625,26211.75,0.0
2025-12-01 06:15:00,26212.349609375,26217.400390625,26180.44921875,26212.599609375,0.0
2025-12-01 06:30:00,26213.150390625,26216.849609375,26168.900390625,26175.650390625,0.0
2025-12-01 06:45:00,26175.900390625,26188.55078125,26161.150390625,26188.55078125,0.0
2025-12-01 07:00:00,26188.25,26188.25,26149.849609375,26164.94921875,0.0
2025-12-01 07:15:00,26164.599609375,26188.5,26151.849609375,26184.94921875,0.0
2025-12-01 07:30:00,26185.94921875,26187.55078125,26167.69921875,26186.94921875,0.0
2025-12-01 07:45:00,26187.05078125,26195.650390625,26169.099609375,26173.599609375,0.0
2025-12-01 08:00:00,26174.25,26198.25,26164.650390625,26190.900390625,0.0
2025-12-01 08:15:00,26192.75,26196.650390625,26180.05078125,26183.0,0.0
2025-12-01 08:30:00,26182.25,26228.94921875,26182.25,26213.849609375,0.0
2025-12-01 08:45:00,26214.55078125,26217.599609375,26199.30078125,26206.900390625,0.0
2025-12-01 09:00:00,26206.5,26207.5,26171.55078125,26172.5,0.0
2025-12-01 09:15:00,26173.849609375,26177.349609375,26124.80078125,26141.94921875,0.0
2025-12-01 09:30:00,26147.19921875,26189.150390625,26137.400390625,26179.5,0.0
2025-12-01 09:45:00,26179.650390625,26185.05078125,26166.94921875,26175.94921875,0.0
2025-12-02 03:45:00,26096.05078125,26154.599609375,26096.05078125,26130.19921875,0.0
2025-12-02 04:00:00,26131.25,26133.25,26078.900390625,26079.30078125,0.0
2025-12-02 04:15:00,26078.75,26094.349609375,26068.69921875,26075.099609375,0.0
2025-12-02 04:30:00,26075.30078125,26082.400390625,26055.650390625,26058.69921875,0.0
2025-12-02 04:45:00,26058.900390625,26080.69921875,26047.099609375,26078.80078125,0.0
2025-12-02 05:00:00,26078.599609375,26094.349609375,26073.900390625,26074.650390625,0.0
2025-12-02 05:15:00,26074.849609375,26099.599609375,26069.650390625,26098.19921875,0.0
2025-12-02 05:30:00,26098.400390625,26100.5,26079.30078125,26080.75,0.0
2025-12-02 05:45:00,26080.55078125,26085.30078125,26067.55078125,26068.400390625,0.0
2025-12-02 06:00:00,26068.19921875,26074.44921875,26062.30078125,26063.30078125,0.0
2025-12-02 06:15:00,26063.30078125,26069.75,26045.44921875,26053.75,0.0
2025-12-02 06:30:00,26054.0,26059.5,26041.05078125,26051.55078125,0.0
2025-12-02 06:45:00,26051.75,26067.05078125,26047.650390625,26066.44921875,0.0
2025-12-02 07:00:00,26066.349609375,26085.099609375,26059.55078125,26060.599609375,0.0
2025-12-02 07:15:00,26060.94921875,26061.80078125,26036.349609375,26041.19921875,0.0
2025-12-02 07:30:00,26041.150390625,26052.650390625,26032.05078125,26035.80078125,0.0
2025-12-02 07:45:00,26035.400390625,26046.80078125,26030.0,26035.349609375,0.0
2025-12-02 08:00:00,26035.25,26044.05078125,26028.849609375,26036.650390625,0.0
2025-12-02 08:15:00,26037.349609375,26060.150390625,26028.94921875,26059.44921875,0.0
2025-12-02 08:30:00,26059.0,26061.650390625,26036.900390625,26045.05078125,0.0
2025-12-02 08:45:00,26045.599609375,26046.75,26031.30078125,26041.400390625,0.0
2025-12-02 09:00:00,26041.55078125,26043.099609375,26002.55078125,26010.0,0.0
2025-12-02 09:15:00,26010.0,26027.05078125,25999.099609375,26009.099609375,0.0
2025-12-02 09:30:00,26011.150390625,26040.0,26008.5,26036.75,0.0
2025-12-02 09:45:00,26036.400390625,26060.30078125,26027.80078125,26057.0,0.0
2025-12-03 03:45:00,26004.900390625,26062.650390625,25954.75,25962.0,0.0
2025-12-03 04:00:00,25963.05078125,25976.5,25922.05078125,25944.0,0.0
2025-12-03 04:15:00,25943.900390625,25952.80078125,25924.30078125,25950.94921875,0.0
2025-12-03 04:30:00,25951.55078125,25952.75,25898.19921875,25928.099609375,0.0
2025-12-03 04:45:00,25928.19921875,25939.900390625,25905.599609375,25924.150390625,0.0
2025-12-03 05:00:00,25922.94921875,25930.650390625,25897.099609375,25905.80078125,0.0
2025-12-03 05:15:00,25904.400390625,25924.0,25901.900390625,25923.94921875,0.0
2025-12-03 05:30:00,25922.900390625,25926.69921875,25900.150390625,25920.400390625,0.0
2025-12-03 05:45:00,25919.650390625,25921.44921875,25891.150390625,25910.05078125,0.0
2025-12-03 06:00:00,25909.349609375,25945.150390625,25906.0,25931.05078125,0.0
2025-12-03 06:15:00,25930.55078125,25936.94921875,25923.55078125,25927.25,0.0
2025-12-03 06:30:00,25927.30078125,25962.0,25926.349609375,25954.19921875,0.0
2025-12-03 06:45:00,25952.80078125,25966.849609375,25945.05078125,25952.25,0.0
2025-12-03 07:00:00,25951.94921875,25952.599609375,25916.0,25924.25,0.0
2025-12-03 07:15:00,25922.900390625,25938.900390625,25920.5,25938.900390625,0.0
2025-12-03 07:30:00,25938.30078125,25941.849609375,25930.44921875,25938.75,0.0
2025-12-03 07:45:00,25938.099609375,25947.19921875,25924.099609375,25940.75,0.0
2025-12-03 08:00:00,25939.650390625,25953.44921875,25928.05078125,25929.599609375,0.0
2025-12-03 08:15:00,25928.30078125,25934.900390625,25905.94921875,25917.44921875,0.0
2025-12-03 08:30:00,25917.150390625,25955.5,25905.650390625,25948.900390625,0.0
2025-12-03 08:45:00,25948.349609375,25955.75,25918.5,25921.44921875,0.0
2025-12-03 09:00:00,25921.44921875,25946.19921875,25918.44921875,25940.44921875,0.0
2025-12-03 09:15:00,25939.30078125,25976.25,25935.099609375,25976.25,0.0
2025-12-03 09:30:00,25976.099609375,26005.55078125,25966.650390625,25992.75,0.0
2025-12-03 09:45:00,25992.44921875,25995.05078125,25976.349609375,25981.150390625,0.0
2025-12-04 03:45:00,25981.849609375,25996.44921875,25940.099609375,25996.349609375,0.0
2025-12-04 04:00:00,25995.849609375,26029.30078125,25979.349609375,26027.94921875,0.0
2025-12-04 04:15:00,26028.150390625,26036.19921875,26013.849609375,26029.55078125,0.0
2025-12-04 04:30:00,26028.30078125,26044.849609375,26021.44921875,26041.900390625,0.0
2025-12-04 04:45:00,26042.75,26078.400390625,26037.150390625,26076.599609375,0.0
2025-12-04 05:00:00,26078.900390625,26097.80078125,26075.150390625,26093.94921875,0.0
2025-12-04 05:15:00,26092.69921875,26097.80078125,26074.80078125,26075.599609375,0.0
2025-12-04 05:30:00,26075.5,26086.900390625,26068.55078125,26077.05078125,0.0
2025-12-04 05:45:00,26077.05078125,26077.44921875,26059.05078125,26060.75,0.0
2025-12-04 06:00:00,26060.599609375,26066.30078125,26023.05078125,26029.44921875,0.0
2025-12-04 06:15:00,26028.80078125,26033.400390625,26014.400390625,26023.900390625,0.0
2025-12-04 06:30:00,26024.0,26044.099609375,26020.400390625,26027.80078125,0.0
2025-12-04 06:45:00,26028.150390625,26030.099609375,26004.849609375,26024.5,0.0
2025-12-04 07:00:00,26024.25,26030.75,26006.69921875,26009.900390625,0.0
2025-12-04 07:15:00,26009.55078125,26010.0,25989.25,26002.69921875,0.0
2025-12-04 07:30:00,26002.400390625,26007.44921875,25991.849609375,26001.0,0.0
2025-12-04 07:45:00,26000.80078125,26022.44921875,25999.19921875,26016.19921875,0.0
2025-12-04 08:00:00,26015.69921875,26027.599609375,25962.400390625,25976.69921875,0.0
2025-12-04 08:15:00,25976.30078125,25983.55078125,25970.05078125,25973.099609375,0.0
2025-12-04 08:30:00,25973.30078125,26022.69921875,25970.5,26004.30078125,0.0
2025-12-04 08:45:00,26004.05078125,26015.900390625,25992.44921875,26014.44921875,0.0
2025-12-04 09:00:00,26014.0,26020.849609375,25998.650390625,26000.849609375,0.0
2025-12-04 09:15:00,26000.599609375,26046.099609375,25988.150390625,26043.25,0.0
2025-12-04 09:30:00,26042.25,26059.05078125,26036.599609375,26038.599609375,0.0
2025-12-04 09:45:00,26037.69921875,26040.900390625,26004.900390625,26010.349609375,0.0
2025-12-05 03:45:00,26001.150390625,26061.69921875,25991.849609375,26037.44921875,0.0
2025-12-05 04:00:00,26036.599609375,26056.349609375,26027.80078125,26047.19921875,0.0
2025-12-05 04:15:00,26047.25,26061.400390625,26018.849609375,26024.349609375,0.0
2025-12-05 04:30:00,26023.80078125,26102.05078125,26006.650390625,26078.55078125,0.0
2025-12-05 04:45:00,26077.150390625,26112.55078125,26036.5,26040.75,0.0
2025-12-05 05:00:00,26039.75,26098.150390625,26007.25,26096.25,0.0
2025-12-05 05:15:00,26096.150390625,26134.75,26090.80078125,26116.75,0.0
2025-12-05 05:30:00,26115.0,26146.349609375,26115.0,26143.5,0.0
2025-12-05 05:45:00,26142.94921875,26156.400390625,26131.05078125,26139.30078125,0.0
2025-12-05 06:00:00,26138.44921875,26143.19921875,26128.599609375,26141.599609375,0.0
2025-12-05 06:15:00,26141.30078125,26147.900390625,26121.5,26133.05078125,0.0
2025-12-05 06:30:00,26131.0,26149.25,26129.69921875,26130.150390625,0.0
2025-12-05 06:45:00,26130.099609375,26167.94921875,26127.44921875,26166.5,0.0
2025-12-05 07:00:00,26165.30078125,26196.75,26163.150390625,26190.19921875,0.0
2025-12-05 07:15:00,26188.349609375,26202.55078125,26178.5,26181.55078125,0.0
2025-12-05 07:30:00,26181.44921875,26200.44921875,26177.75,26180.94921875,0.0
2025-12-05 07:45:00,26180.25,26199.25,26179.80078125,26189.150390625,0.0
2025-12-05 08:00:00,26188.400390625,26200.400390625,26183.19921875,26192.650390625,0.0
2025-12-05 08:15:00,26192.05078125,26198.650390625,26159.25,26163.55078125,0.0
2025-12-05 08:30:00,26164.19921875,26181.25,26148.30078125,26165.099609375,0.0
2025-12-05 08:45:00,26165.19921875,26172.80078125,26158.19921875,26168.400390625,0.0
2025-12-05 09:00:00,26167.900390625,26170.75,26144.599609375,26147.650390625,0.0
2025-12-05 09:15:00,26147.150390625,26158.5,26122.80078125,26154.5,0.0
2025-12-05 09:30:00,26155.75,26196.69921875,26155.75,26188.650390625,0.0
2025-12-05 09:45:00,26187.55078125,26199.25,26176.400390625,26176.650390625,0.0
2025-12-08 03:45:00,26158.849609375,26178.400390625,26128.30078125,26140.599609375,0.0
2025-12-08 04:00:00,26139.599609375,26144.05078125,26112.0,26130.349609375,0.0
2025-12-08 04:15:00,26129.5,26129.900390625,26077.650390625,26085.80078125,0.0
2025-12-08 04:30:00,26086.05078125,26096.5,26068.69921875,26096.5,0.0
2025-12-08 04:45:00,26096.599609375,26109.150390625,26081.75,26097.80078125,0.0
2025-12-08 05:00:00,26098.0,26099.099609375,26081.69921875,26096.80078125,0.0
2025-12-08 05:15:00,26096.19921875,26101.5,26069.599609375,26070.400390625,0.0
2025-12-08 05:30:00,26070.75,26080.69921875,26051.900390625,26070.69921875,0.0
2025-12-08 05:45:00,26070.55078125,26077.849609375,26056.55078125,26070.05078125,0.0
2025-12-08 06:00:00,26070.44921875,26074.44921875,26042.05078125,26067.69921875,0.0
2025-12-08 06:15:00,26067.69921875,26074.05078125,26054.400390625,26059.400390625,0.0
2025-12-08 06:30:00,26058.5,26059.099609375,26034.55078125,26035.30078125,0.0
2025-12-08 06:45:00,26034.0,26050.30078125,26023.25,26027.05078125,0.0
2025-12-08 07:00:00,26027.150390625,26027.900390625,26012.650390625,26015.75,0.0
2025-12-08 07:15:00,26015.0,26026.55078125,26006.650390625,26012.650390625,0.0
2025-12-08 07:30:00,26012.849609375,26040.80078125,26004.69921875,26030.19921875,0.0
2025-12-08 07:45:00,26030.80078125,26031.150390625,25950.400390625,25957.5,0.0
2025-12-08 08:00:00,25957.25,25960.05078125,25903.099609375,25923.099609375,0.0
2025-12-08 08:15:00,25923.0,25940.25,25915.69921875,25929.650390625,0.0
2025-12-08 08:30:00,25929.30078125,25943.19921875,25908.44921875,25914.400390625,0.0
2025-12-08 08:45:00,25914.05078125,25933.25,25892.400390625,25924.150390625,0.0
2025-12-08 09:00:00,25925.19921875,25929.94921875,25903.44921875,25928.69921875,0.0
2025-12-08 09:15:00,25929.099609375,25970.80078125,25922.25,25939.599609375,0.0
2025-12-08 09:30:00,25942.5,25984.099609375,25942.5,25971.150390625,0.0
2025-12-08 09:45:00,25970.30078125,25973.349609375,25918.19921875,25932.80078125,0.0
2025-12-09 03:45:00,25867.099609375,25889.849609375,25797.650390625,25798.80078125,0.0
2025-12-09 04:00:00,25800.099609375,25802.25,25755.55078125,25758.900390625,0.0
2025-12-09 04:15:00,25760.099609375,25766.599609375,25728.05078125,25734.150390625,0.0
2025-12-09 04:30:00,25733.55078125,25790.75,25730.349609375,25784.05078125,0.0
2025-12-09 04:45:00,25784.05078125,25848.849609375,25782.25,25822.0,0.0
2025-12-09 05:00:00,25822.349609375,25827.349609375,25778.849609375,25811.849609375,0.0
2025-12-09 05:15:00,25812.75,25830.099609375,25790.0,25829.19921875,0.0
2025-12-09 05:30:00,25829.30078125,25868.150390625,25815.05078125,25864.400390625,0.0
2025-12-09 05:45:00,25865.0,25872.099609375,25848.25,25863.150390625,0.0
2025-12-09 06:00:00,25863.44921875,25875.44921875,25824.900390625,25825.55078125,0.0
2025-12-09 06:15:00,25823.19921875,25867.94921875,25817.80078125,25861.30078125,0.0
2025-12-09 06:30:00,25860.849609375,25899.69921875,25855.400390625,25893.05078125,0.0
2025-12-09 06:45:00,25892.150390625,25923.150390625,25886.650390625,25905.55078125,0.0
2025-12-09 07:00:00,25904.5,25911.19921875,25869.94921875,25884.75,0.0
2025-12-09 07:15:00,25883.44921875,25891.44921875,25852.0,25864.94921875,0.0
2025-12-09 07:30:00,25863.849609375,25889.0,25855.5,25876.19921875,0.0
2025-12-09 07:45:00,25875.55078125,25890.44921875,25864.349609375,25889.349609375,0.0
2025-12-09 08:00:00,25889.099609375,25907.400390625,25874.44921875,25890.5,0.0
2025-12-09 08:15:00,25889.849609375,25901.849609375,25879.55078125,25898.94921875,0.0
2025-12-09 08:30:00,25896.849609375,25903.5,25866.5,25885.5,0.0
2025-12-09 08:45:00,25884.650390625,25886.099609375,25816.44921875,25820.94921875,0.0
2025-12-09 09:00:00,25820.80078125,25845.349609375,25801.599609375,25826.44921875,0.0
2025-12-09 09:15:00,25826.0,25837.80078125,25811.55078125,25832.400390625,0.0
2025-12-09 09:30:00,25831.44921875,25855.599609375,25824.44921875,25837.650390625,0.0
2025-12-09 09:45:00,25835.349609375,25847.69921875,25831.80078125,25838.94921875,0.0
2025-12-10 03:45:00,25863.900390625,25893.150390625,25833.80078125,25887.400390625,0.0
2025-12-10 04:00:00,25888.05078125,25916.849609375,25886.44921875,25905.75,0.0
2025-12-10 04:15:00,25906.099609375,25920.0,25876.650390625,25878.150390625,0.0
2025-12-10 04:30:00,25878.25,25922.25,25878.05078125,25919.849609375,0.0
2025-12-10 04:45:00,25920.80078125,25947.650390625,25916.900390625,25918.900390625,0.0
2025-12-10 05:00:00,25919.25,25938.80078125,25907.25,25921.44921875,0.0
2025-12-10 05:15:00,25922.19921875,25923.349609375,25834.25,25835.30078125,0.0
2025-12-10 05:30:00,25837.099609375,25875.5,25822.69921875,25874.650390625,0.0
2025-12-10 05:45:00,25876.05078125,25880.80078125,25851.80078125,25852.25,0.0
2025-12-10 06:00:00,25852.19921875,25854.80078125,25831.69921875,25839.25,0.0
2025-12-10 06:15:00,25840.25,25841.05078125,25823.05078125,25835.0,0.0
2025-12-10 06:30:00,25834.650390625,25859.94921875,25817.349609375,25830.650390625,0.0
2025-12-10 06:45:00,25830.69921875,25839.349609375,25814.599609375,25815.150390625,0.0
2025-12-10 07:00:00,25814.650390625,25817.099609375,25768.05078125,25771.55078125,0.0
2025-12-10 07:15:00,25772.55078125,25798.150390625,25768.900390625,25793.19921875,0.0
2025-12-10 07:30:00,25793.400390625,25810.75,25788.05078125,25801.849609375,0.0
2025-12-10 07:45:00,25802.30078125,25839.099609375,25801.349609375,25836.30078125,0.0
2025-12-10 08:00:00,25836.599609375,25850.19921875,25824.099609375,25825.05078125,0.0
2025-12-10 08:15:00,25825.349609375,25829.400390625,25793.80078125,25795.19921875,0.0
2025-12-10 08:30:00,25796.849609375,25798.94921875,25750.55078125,25758.5,0.0
2025-12-10 08:45:00,25758.44921875,25768.5,25734.900390625,25739.05078125,0.0
2025-12-10 09:00:00,25739.55078125,25788.69921875,25739.30078125,25751.05078125,0.0
2025-12-10 09:15:00,25752.5,25767.05078125,25739.400390625,25758.94921875,0.0
2025-12-10 09:30:00,25759.30078125,25776.900390625,25751.19921875,25760.099609375,0.0
2025-12-10 09:45:00,25761.400390625,25767.400390625,25742.650390625,25742.650390625,0.0
2025-12-11 03:45:00,25777.44921875,25802.849609375,25727.900390625,25798.25,0.0
2025-12-11 04:00:00,25801.349609375,25802.75,25693.30078125,25712.25,0.0
2025-12-11 04:15:00,25711.44921875,25739.69921875,25695.44921875,25714.0,0.0
2025-12-11 04:30:00,25713.400390625,25807.55078125,25712.349609375,25807.55078125,0.0
2025-12-11 04:45:00,25805.5,25821.599609375,25788.55078125,25808.650390625,0.0
2025-12-11 05:00:00,25811.099609375,25841.099609375,25802.69921875,25825.349609375,0.0
2025-12-11 05:15:00,25826.5,25844.44921875,25794.349609375,25794.349609375,0.0
2025-12-11 05:30:00,25794.44921875,25803.099609375,25764.5,25797.44921875,0.0
2025-12-11 05:45:00,25797.5,25828.69921875,25789.900390625,25820.650390625,0.0
2025-12-11 06:00:00,25820.599609375,25836.94921875,25813.30078125,25833.69921875,0.0
2025-12-11 06:15:00,25833.599609375,25851.5,25819.44921875,25846.900390625,0.0
2025-12-11 06:30:00,25847.150390625,25889.80078125,25846.94921875,25876.599609375,0.0
2025-12-11 06:45:00,25878.599609375,25918.099609375,25869.0,25907.30078125,0.0
2025-12-11 07:00:00,25906.900390625,25913.30078125,25881.400390625,25899.849609375,0.0
2025-12-11 07:15:00,25900.55078125,25903.400390625,25877.150390625,25879.0,0.0
2025-12-11 07:30:00,25879.05078125,25887.400390625,25840.80078125,25855.150390625,0.0
2025-12-11 07:45:00,25854.05078125,25870.349609375,25850.55078125,25862.5,0.0
2025-12-11 08:00:00,25860.0,25889.80078125,25860.0,25873.80078125,0.0
2025-12-11 08:15:00,25874.0,25901.849609375,25868.94921875,25890.30078125,0.0
2025-12-11 08:30:00,25890.650390625,25890.75,25860.599609375,25866.19921875,0.0
2025-12-11 08:45:00,25863.25,25918.05078125,25863.25,25916.5,0.0
2025-12-11 09:00:00,25917.099609375,25921.75,25878.900390625,25880.55078125,0.0
2025-12-11 09:15:00,25881.099609375,25885.55078125,25848.25,25874.25,0.0
2025-12-11 09:30:00,25874.75,25907.80078125,25874.75,25895.44921875,0.0
2025-12-11 09:45:00,25895.099609375,25903.400390625,25891.05078125,25898.400390625,0.0
2025-12-12 03:45:00,25971.19921875,26012.900390625,25964.900390625,26010.150390625,0.0
2025-12-12 04:00:00,26009.30078125,26038.150390625,26009.30078125,26023.900390625,0.0
2025-12-12 04:15:00,26024.849609375,26027.25,26001.599609375,26007.55078125,0.0
2025-12-12 04:30:00,26006.5,26011.30078125,25968.599609375,25988.5,0.0
2025-12-12 04:45:00,25989.150390625,26008.25,25939.05078125,25960.650390625,0.0
2025-12-12 05:00:00,25960.30078125,25983.44921875,25955.900390625,25961.19921875,0.0
2025-12-12 05:15:00,25960.849609375,25974.94921875,25949.150390625,25954.900390625,0.0
2025-12-12 05:30:00,25954.900390625,26000.25,25953.30078125,25990.44921875,0.0
2025-12-12 05:45:00,25990.80078125,26019.349609375,25989.25,26012.94921875,0.0
2025-12-12 06:00:00,26013.0,26020.94921875,26005.5,26014.849609375,0.0
2025-12-12 06:15:00,26014.650390625,26033.599609375,26008.75,26028.849609375,0.0
2025-12-12 06:30:00,26028.30078125,26037.849609375,25998.94921875,26013.650390625,0.0
2025-12-12 06:45:00,26014.19921875,26029.5,26007.55078125,26023.650390625,0.0
2025-12-12 07:00:00,26023.05078125,26037.849609375,26015.55078125,26016.19921875,0.0
2025-12-12 07:15:00,26016.75,26024.900390625,26011.849609375,26022.25,0.0
2025-12-12 07:30:00,26022.400390625,26035.05078125,26009.05078125,26034.05078125,0.0
2025-12-12 07:45:00,26034.69921875,26035.80078125,26015.30078125,26015.400390625,0.0
2025-12-12 08:00:00,26015.099609375,26027.69921875,26008.94921875,26021.80078125,0.0
2025-12-12 08:15:00,26023.099609375,26033.55078125,26018.05078125,26025.0,0.0
2025-12-12 08:30:00,26025.80078125,26056.25,26024.19921875,26043.05078125,0.0
2025-12-12 08:45:00,26042.900390625,26045.5,26026.94921875,26033.69921875,0.0
2025-12-12 09:00:00,26034.099609375,26039.5,26018.69921875,26028.099609375,0.0
2025-12-12 09:15:00,26026.94921875,26031.19921875,26015.80078125,26028.5,0.0
2025-12-12 09:30:00,26026.94921875,26057.400390625,26026.94921875,26054.099609375,0.0
2025-12-12 09:45:00,26053.94921875,26054.5,26037.150390625,26037.150390625,0.0
2025-12-15 03:45:00,25957.25,26004.0,25913.80078125,25918.599609375,0.0
2025-12-15 04:00:00,25918.75,25936.900390625,25910.30078125,25917.150390625,0.0
2025-12-15 04:15:00,25916.80078125,25953.0,25904.75,25951.599609375,0.0
2025-12-15 04:30:00,25951.900390625,25962.19921875,25937.5,25961.349609375,0.0
2025-12-15 04:45:00,25961.349609375,25978.099609375,25954.55078125,25976.05078125,0.0
2025-12-15 05:00:00,25976.099609375,25981.30078125,25946.94921875,25968.150390625,0.0
2025-12-15 05:15:00,25968.400390625,25997.55078125,25965.94921875,25987.25,0.0
2025-12-15 05:30:00,25987.349609375,25993.599609375,25974.55078125,25980.94921875,0.0
2025-12-15 05:45:00,25980.849609375,25995.55078125,25968.150390625,25991.69921875,0.0
2025-12-15 06:00:00,25991.150390625,25994.599609375,25961.55078125,25971.0,0.0
2025-12-15 06:15:00,25971.19921875,26021.05078125,25969.849609375,26016.099609375,0.0
2025-12-15 06:30:00,26016.19921875,26028.0,26008.55078125,26018.55078125,0.0
2025-12-15 06:45:00,26019.55078125,26027.30078125,26011.44921875,26018.599609375,0.0
2025-12-15 07:00:00,26020.099609375,26029.650390625,26007.69921875,26010.150390625,0.0
2025-12-15 07:15:00,26009.94921875,26022.849609375,26003.44921875,26016.0,0.0
2025-12-15 07:30:00,26016.19921875,26044.599609375,26015.349609375,26042.099609375,0.0
2025-12-15 07:45:00,26041.94921875,26043.94921875,26024.400390625,26025.69921875,0.0
2025-12-15 08:00:00,26025.69921875,26036.0,26023.400390625,26025.44921875,0.0
2025-12-15 08:15:00,26025.599609375,26034.05078125,26018.650390625,26022.19921875,0.0
2025-12-15 08:30:00,26022.0,26038.05078125,25990.150390625,26009.849609375,0.0
2025-12-15 08:45:00,26009.5,26020.349609375,26007.400390625,26016.650390625,0.0
2025-12-15 09:00:00,26016.44921875,26035.650390625,26008.5,26035.650390625,0.0
2025-12-15 09:15:00,26035.19921875,26047.0,26028.05078125,26036.5,0.0
2025-12-15 09:30:00,26035.099609375,26037.599609375,26019.55078125,26030.05078125,0.0
2025-12-15 09:45:00,26029.849609375,26031.55078125,26013.349609375,26014.0,0.0
2025-12-16 03:45:00,25966.75,25970.0,25920.099609375,25923.099609375,0.0
2025-12-16 04:00:00,25922.75,25930.80078125,25902.30078125,25926.650390625,0.0
2025-12-16 04:15:00,25926.0,25943.75,25902.599609375,25906.099609375,0.0
2025-12-16 04:30:00,25906.05078125,25906.099609375,25879.55078125,25892.849609375,0.0
2025-12-16 04:45:00,25892.44921875,25922.69921875,25888.150390625,25910.44921875,0.0
2025-12-16 05:00:00,25909.94921875,25919.349609375,25898.150390625,25905.30078125,0.0
2025-12-16 05:15:00,25904.849609375,25911.5,25890.849609375,25900.150390625,0.0
2025-12-16 05:30:00,25899.75,25910.349609375,25891.30078125,25898.80078125,0.0
2025-12-16 05:45:00,25898.25,25911.19921875,25892.599609375,25905.44921875,0.0
2025-12-16 06:00:00,25905.69921875,25907.650390625,25872.69921875,25875.099609375,0.0
2025-12-16 06:15:00,25875.650390625,25891.0,25872.599609375,25876.05078125,0.0
2025-12-16 06:30:00,25876.30078125,25890.650390625,25870.5,25887.5,0.0
2025-12-16 06:45:00,25887.05078125,25908.5,25882.19921875,25906.150390625,0.0
2025-12-16 07:00:00,25905.599609375,25914.44921875,25880.25,25894.349609375,0.0
2025-12-16 07:15:00,25893.69921875,25901.0,25876.150390625,25898.75,0.0
2025-12-16 07:30:00,25898.900390625,25899.19921875,25875.849609375,25886.849609375,0.0
2025-12-16 07:45:00,25887.650390625,25896.69921875,25876.30078125,25885.30078125,0.0
2025-12-16 08:00:00,25885.599609375,25916.25,25884.69921875,25905.150390625,0.0
2025-12-16 08:15:00,25904.94921875,25929.150390625,25894.44921875,25897.25,0.0
2025-12-16 08:30:00,25897.19921875,25909.75,25875.900390625,25883.25,0.0
2025-12-16 08:45:00,25883.80078125,25884.55078125,25848.69921875,25868.75,0.0
2025-12-16 09:00:00,25868.94921875,25872.19921875,25848.55078125,25865.900390625,0.0
2025-12-16 09:15:00,25866.44921875,25902.05078125,25859.0,25883.80078125,0.0
2025-12-16 09:30:00,25885.0,25896.849609375,25854.75,25856.05078125,0.0
2025-12-16 09:45:00,25858.75,25858.75,25834.849609375,25851.349609375,0.0
2025-12-17 03:45:00,25902.400390625,25924.0,25857.80078125,25903.30078125,0.0
2025-12-17 04:00:00,25903.5,25928.650390625,25878.099609375,25880.80078125,0.0
2025-12-17 04:15:00,25880.19921875,25890.0,25851.80078125,25868.44921875,0.0
2025-12-17 04:30:00,25868.25,25871.05078125,25823.94921875,25841.05078125,0.0
2025-12-17 04:45:00,25840.150390625,25851.75,25810.0,25813.19921875,0.0
2025-12-17 05:00:00,25813.650390625,25829.900390625,25811.05078125,25819.05078125,0.0
2025-12-17 05:15:00,25819.599609375,25834.900390625,25801.80078125,25819.5,0.0
2025-12-17 05:30:00,25819.94921875,25843.599609375,25813.05078125,25842.75,0.0
2025-12-17 05:45:00,25842.05078125,25850.75,25812.80078125,25814.55078125,0.0
2025-12-17 06:00:00,25815.150390625,25834.400390625,25806.69921875,25827.94921875,0.0
2025-12-17 06:15:00,25827.94921875,25851.30078125,25816.25,25817.349609375,0.0
2025-12-17 06:30:00,25817.400390625,25818.099609375,25789.349609375,25796.400390625,0.0
2025-12-17 06:45:00,25796.25,25809.150390625,25784.94921875,25786.099609375,0.0
2025-12-17 07:00:00,25785.69921875,25795.849609375,25784.349609375,25793.94921875,0.0
2025-12-17 07:15:00,25795.30078125,25812.849609375,25780.5,25783.599609375,0.0
2025-12-17 07:30:00,25783.19921875,25802.5,25779.69921875,25791.400390625,0.0
2025-12-17 07:45:00,25791.44921875,25826.150390625,25788.650390625,25811.400390625,0.0
2025-12-17 08:00:00,25811.44921875,25815.5,25781.75,25786.55078125,0.0
2025-12-17 08:15:00,25786.5,25797.5,25780.900390625,25796.099609375,0.0
2025-12-17 08:30:00,25795.44921875,25800.25,25787.0,25798.55078125,0.0
2025-12-17 08:45:00,25798.5,25832.650390625,25787.69921875,25791.75,0.0
2025-12-17 09:00:00,25791.650390625,25819.650390625,25770.80078125,25792.599609375,0.0
2025-12-17 09:15:00,25793.25,25823.69921875,25790.900390625,25813.69921875,0.0
2025-12-17 09:30:00,25813.80078125,25831.55078125,25813.80078125,25816.349609375,0.0
2025-12-17 09:45:00,25816.25,25835.75,25809.19921875,25822.650390625,0.0
2025-12-18 03:45:00,25785.69921875,25804.349609375,25770.19921875,25780.05078125,0.0
2025-12-18 04:00:00,25780.150390625,25795.44921875,25743.44921875,25745.099609375,0.0
2025-12-18 04:15:00,25745.099609375,25756.25,25726.75,25748.75,0.0
2025-12-18 04:30:00,25748.69921875,25797.5,25736.69921875,25791.150390625,0.0
2025-12-18 04:45:00,25792.30078125,25841.5,25785.650390625,25829.75,0.0
2025-12-18 05:00:00,25830.55078125,25863.900390625,25826.69921875,25852.400390625,0.0
2025-12-18 05:15:00,25852.849609375,25858.849609375,25836.44921875,25850.05078125,0.0
2025-12-18 05:30:00,25849.599609375,25851.099609375,25825.80078125,25831.69921875,0.0
2025-12-18 05:45:00,25831.44921875,25856.69921875,25821.69921875,25855.349609375,0.0
2025-12-18 06:00:00,25855.400390625,25860.5,25848.5,25851.55078125,0.0
2025-12-18 06:15:00,25851.69921875,25879.0,25842.150390625,25866.94921875,0.0
2025-12-18 06:30:00,25867.150390625,25882.650390625,25853.80078125,25878.80078125,0.0
2025-12-18 06:45:00,25878.94921875,25884.80078125,25861.650390625,25879.849609375,0.0
2025-12-18 07:00:00,25880.150390625,25898.900390625,25877.80078125,25893.849609375,0.0
2025-12-18 07:15:00,25894.150390625,25901.30078125,25874.55078125,25881.80078125,0.0
2025-12-18 07:30:00,25882.75,25887.5,25873.099609375,25879.80078125,0.0
2025-12-18 07:45:00,25880.0,25880.0,25861.05078125,25867.150390625,0.0
2025-12-18 08:00:00,25868.05078125,25868.25,25839.900390625,25844.55078125,0.0
2025-12-18 08:15:00,25845.900390625,25862.849609375,25837.849609375,25843.400390625,0.0
2025-12-18 08:30:00,25843.55078125,25843.599609375,25802.150390625,25805.25,0.0
2025-12-18 08:45:00,25805.30078125,25814.849609375,25779.25,25789.55078125,0.0
2025-12-18 09:00:00,25794.25,25833.94921875,25781.650390625,25792.55078125,0.0
2025-12-18 09:15:00,25792.5,25806.599609375,25770.849609375,25786.05078125,0.0
2025-12-18 09:30:00,25786.349609375,25829.75,25786.349609375,25820.400390625,0.0
2025-12-18 09:45:00,25821.25,25826.19921875,25806.69921875,25815.650390625,0.0
2025-12-19 03:45:00,25907.849609375,25950.55078125,25884.30078125,25950.30078125,0.0
2025-12-19 04:00:00,25951.25,25968.5,25951.150390625,25956.400390625,0.0
2025-12-19 04:15:00,25956.44921875,25970.25,25939.94921875,25958.849609375,0.0
2025-12-19 04:30:00,25957.69921875,25966.55078125,25929.05078125,25935.599609375,0.0
2025-12-19 04:45:00,25935.44921875,25965.55078125,25931.349609375,25959.900390625,0.0
2025-12-19 05:00:00,25959.80078125,25976.900390625,25953.19921875,25974.849609375,0.0
2025-12-19 05:15:00,25974.849609375,25978.69921875,25960.599609375,25962.400390625,0.0
2025-12-19 05:30:00,25961.849609375,25968.55078125,25939.849609375,25954.75,0.0
2025-12-19 05:45:00,25953.5,25960.400390625,25930.30078125,25931.55078125,0.0
2025-12-19 06:00:00,25932.099609375,25938.849609375,25913.400390625,25913.400390625,0.0
2025-12-19 06:15:00,25913.400390625,25927.849609375,25905.599609375,25916.69921875,0.0
2025-12-19 06:30:00,25916.25,25955.69921875,25915.650390625,25943.94921875,0.0
2025-12-19 06:45:00,25944.55078125,25950.599609375,25929.55078125,25935.69921875,0.0
2025-12-19 07:00:00,25936.400390625,25962.400390625,25933.599609375,25953.650390625,0.0
2025-12-19 07:15:00,25954.099609375,25959.30078125,25946.0,25952.849609375,0.0
2025-12-19 07:30:00,25951.19921875,25955.19921875,25920.80078125,25930.19921875,0.0
2025-12-19 07:45:00,25930.30078125,25962.30078125,25926.80078125,25956.19921875,0.0
2025-12-19 08:00:00,25956.099609375,25978.349609375,25956.099609375,25977.650390625,0.0
2025-12-19 08:15:00,25976.599609375,25984.69921875,25970.099609375,25975.849609375,0.0
2025-12-19 08:30:00,25977.650390625,25983.849609375,25961.30078125,25967.5,0.0
2025-12-19 08:45:00,25967.94921875,25993.099609375,25965.849609375,25971.05078125,0.0
2025-12-19 09:00:00,25971.349609375,25977.650390625,25963.55078125,25974.19921875,0.0
2025-12-19 09:15:00,25973.94921875,25983.05078125,25958.75,25958.75,0.0
2025-12-19 09:30:00,25959.5,25973.599609375,25945.44921875,25969.849609375,0.0
2025-12-19 09:45:00,25968.5,25974.25,25955.599609375,25961.400390625,0.0
2025-12-22 03:45:00,26055.849609375,26131.5,26052.0,26125.55078125,0.0
2025-12-22 04:00:00,26125.5,26136.849609375,26111.19921875,26124.19921875,0.0
2025-12-22 04:15:00,26124.44921875,26136.75,26111.900390625,26132.80078125,0.0
2025-12-22 04:30:00,26133.400390625,26141.900390625,26120.900390625,26129.25,0.0
2025-12-22 04:45:00,26128.849609375,26134.80078125,26121.0,26124.849609375,0.0
2025-12-22 05:00:00,26125.55078125,26133.099609375,26118.19921875,26124.099609375,0.0
2025-12-22 05:15:00,26123.69921875,26143.150390625,26119.80078125,26142.599609375,0.0
2025-12-22 05:30:00,26142.599609375,26147.25,26120.599609375,26123.94921875,0.0
2025-12-22 05:45:00,26124.099609375,26137.349609375,26117.400390625,26136.55078125,0.0
2025-12-22 06:00:00,26137.599609375,26139.400390625,26129.650390625,26133.900390625,0.0
2025-12-22 06:15:00,26134.0,26146.75,26132.75,26140.94921875,0.0
2025-12-22 06:30:00,26141.30078125,26148.099609375,26132.349609375,26134.55078125,0.0
2025-12-22 06:45:00,26134.650390625,26153.650390625,26133.849609375,26142.400390625,0.0
2025-12-22 07:00:00,26142.19921875,26146.05078125,26121.849609375,26121.849609375,0.0
2025-12-22 07:15:00,26121.80078125,26152.900390625,26111.75,26139.55078125,0.0
2025-12-22 07:30:00,26138.900390625,26144.349609375,26137.75,26139.94921875,0.0
2025-12-22 07:45:00,26141.44921875,26150.94921875,26139.25,26148.150390625,0.0
2025-12-22 08:00:00,26148.19921875,26157.25,26138.400390625,26144.349609375,0.0
2025-12-22 08:15:00,26144.0,26150.849609375,26142.94921875,26144.900390625,0.0
2025-12-22 08:30:00,26144.94921875,26152.599609375,26125.849609375,26143.5,0.0
2025-12-22 08:45:00,26143.849609375,26158.75,26128.55078125,26157.44921875,0.0
2025-12-22 09:00:00,26157.900390625,26178.5,26150.25,26159.25,0.0
2025-12-22 09:15:00,26159.349609375,26166.25,26154.400390625,26162.75,0.0
2025-12-22 09:30:00,26164.80078125,26180.55078125,26164.80078125,26174.80078125,0.0
2025-12-22 09:45:00,26174.94921875,26176.44921875,26160.94921875,26162.75,0.0
2025-12-23 03:45:00,26205.19921875,26205.19921875,26141.75,26149.650390625,0.0
2025-12-23 04:00:00,26149.650390625,26151.69921875,26121.0,26124.30078125,0.0
2025-12-23 04:15:00,26124.5,26175.599609375,26120.0,26172.80078125,0.0
2025-12-23 04:30:00,26174.0,26196.599609375,26172.94921875,26184.19921875,0.0
2025-12-23 04:45:00,26184.650390625,26186.400390625,26163.30078125,26172.099609375,0.0
2025-12-23 05:00:00,26172.599609375,26182.44921875,26162.80078125,26181.75,0.0
2025-12-23 05:15:00,26180.94921875,26188.55078125,26176.849609375,26180.30078125,0.0
2025-12-23 05:30:00,26178.55078125,26195.44921875,26171.599609375,26190.0,0.0
2025-12-23 05:45:00,26189.75,26196.94921875,26184.650390625,26192.30078125,0.0
2025-12-23 06:00:00,26191.25,26192.30078125,26166.80078125,26169.099609375,0.0
2025-12-23 06:15:00,26170.25,26184.150390625,26157.55078125,26178.349609375,0.0
2025-12-23 06:30:00,26177.94921875,26195.44921875,26177.55078125,26187.69921875,0.0
2025-12-23 06:45:00,26187.400390625,26190.80078125,26174.69921875,26174.900390625,0.0
2025-12-23 07:00:00,26176.349609375,26180.849609375,26167.099609375,26175.55078125,0.0
2025-12-23 07:15:00,26175.650390625,26193.349609375,26173.400390625,26182.099609375,0.0
2025-12-23 07:30:00,26182.80078125,26198.94921875,26181.25,26186.650390625,0.0
2025-12-23 07:45:00,26186.650390625,26195.80078125,26181.099609375,26192.150390625,0.0
2025-12-23 08:00:00,26191.900390625,26195.25,26179.80078125,26183.69921875,0.0
2025-12-23 08:15:00,26184.0,26198.150390625,26180.44921875,26197.75,0.0
2025-12-23 08:30:00,26197.80078125,26206.099609375,26185.5,26203.349609375,0.0
2025-12-23 08:45:00,26203.400390625,26233.55078125,26201.849609375,26213.150390625,0.0
2025-12-23 09:00:00,26213.55078125,26216.69921875,26166.849609375,26166.849609375,0.0
2025-12-23 09:15:00,26167.19921875,26191.650390625,26158.69921875,26188.650390625,0.0
2025-12-23 09:30:00,26189.099609375,26206.650390625,26162.30078125,26183.5,0.0
2025-12-23 09:45:00,26184.0,26187.650390625,26158.94921875,26164.55078125,0.0
2025-12-24 03:45:00,26183.75,26221.900390625,26142.0,26217.099609375,0.0
2025-12-24 04:00:00,26217.599609375,26229.19921875,26202.650390625,26215.69921875,0.0
2025-12-24 04:15:00,26217.599609375,26227.25,26203.349609375,26221.849609375,0.0
2025-12-24 04:30:00,26222.599609375,26228.650390625,26203.599609375,26227.19921875,0.0
2025-12-24 04:45:00,26228.5,26236.30078125,26221.05078125,26230.94921875,0.0
2025-12-24 05:00:00,26230.5,26235.349609375,26218.30078125,26218.30078125,0.0
2025-12-24 05:15:00,26220.099609375,26223.849609375,26201.05078125,26210.80078125,0.0
2025-12-24 05:30:00,26211.599609375,26216.849609375,26198.05078125,26210.150390625,0.0
2025-12-24 05:45:00,26210.30078125,26221.0,26205.25,26213.05078125,0.0
2025-12-24 06:00:00,26214.349609375,26217.44921875,26184.150390625,26185.44921875,0.0
2025-12-24 06:15:00,26186.69921875,26197.94921875,26178.650390625,26192.849609375,0.0
2025-12-24 06:30:00,26193.30078125,26198.05078125,26185.849609375,26192.0,0.0
2025-12-24 06:45:00,26191.849609375,26205.150390625,26190.44921875,26202.0,0.0
2025-12-24 07:00:00,26201.900390625,26209.099609375,26187.849609375,26193.099609375,0.0
2025-12-24 07:15:00,26192.349609375,26198.150390625,26186.30078125,26193.099609375,0.0
2025-12-24 07:30:00,26193.599609375,26194.25,26173.19921875,26181.05078125,0.0
2025-12-24 07:45:00,26181.0,26181.5,26164.75,26170.400390625,0.0
2025-12-24 08:00:00,26169.599609375,26171.349609375,26151.099609375,26160.099609375,0.0
2025-12-24 08:15:00,26159.099609375,26168.650390625,26147.0,26152.349609375,0.0
2025-12-24 08:30:00,26151.69921875,26168.400390625,26139.599609375,26158.5,0.0
2025-12-24 08:45:00,26160.599609375,26162.5,26124.900390625,26138.349609375,0.0
2025-12-24 09:00:00,26139.05078125,26152.349609375,26124.19921875,26139.69921875,0.0
2025-12-24 09:15:00,26140.30078125,26150.19921875,26124.44921875,26148.099609375,0.0
2025-12-24 09:30:00,26148.19921875,26166.55078125,26129.05078125,26154.80078125,0.0
2025-12-24 09:45:00,26155.900390625,26157.650390625,26129.900390625,26141.650390625,0.0
2025-12-26 03:45:00,26120.75,26139.849609375,26096.55078125,26132.849609375,0.0
2025-12-26 04:00:00,26131.849609375,26137.19921875,26081.849609375,26086.5,0.0
2025-12-26 04:15:00,26086.849609375,26095.150390625,26071.69921875,26090.599609375,0.0
2025-12-26 04:30:00,26090.150390625,26102.099609375,26080.80078125,26091.44921875,0.0
2025-12-26 04:45:00,26090.349609375,26093.599609375,26078.44921875,26091.75,0.0
2025-12-26 05:00:00,26091.69921875,26097.599609375,26083.05078125,26093.099609375,0.0
2025-12-26 05:15:00,26093.349609375,26095.05078125,26081.5,26089.400390625,0.0
2025-12-26 05:30:00,26089.599609375,26094.55078125,26067.650390625,26072.80078125,0.0
2025-12-26 05:45:00,26072.30078125,26074.44921875,26058.55078125,26067.150390625,0.0
2025-12-26 06:00:00,26064.849609375,26067.75,26050.19921875,26053.150390625,0.0
2025-12-26 06:15:00,26052.599609375,26063.349609375,26048.69921875,26056.5,0.0
2025-12-26 06:30:00,26056.650390625,26064.650390625,26050.099609375,26062.25,0.0
2025-12-26 06:45:00,26062.0,26067.099609375,26050.650390625,26059.5,0.0
2025-12-26 07:00:00,26059.19921875,26060.80078125,26034.400390625,26039.75,0.0
2025-12-26 07:15:00,26038.30078125,26043.25,26034.900390625,26038.25,0.0
2025-12-26 07:30:00,26038.05078125,26044.099609375,26031.0,26042.150390625,0.0
2025-12-26 07:45:00,26041.75,26053.099609375,26041.75,26049.44921875,0.0
2025-12-26 08:00:00,26048.849609375,26053.30078125,26042.599609375,26048.69921875,0.0
2025-12-26 08:15:00,26048.150390625,26054.349609375,26041.400390625,26049.19921875,0.0
2025-12-26 08:30:00,26047.650390625,26053.650390625,26032.400390625,26044.150390625,0.0
2025-12-26 08:45:00,26042.5,26046.0,26017.150390625,26026.0,0.0
2025-12-26 09:00:00,26025.849609375,26028.05078125,26013.55078125,26017.349609375,0.0
2025-12-26 09:15:00,26017.150390625,26039.80078125,26008.75,26038.94921875,0.0
2025-12-26 09:30:00,26039.30078125,26051.349609375,26035.30078125,26048.30078125,0.0
2025-12-26 09:45:00,26048.25,26052.44921875,26031.05078125,26047.650390625,0.0
2025-12-29 03:45:00,26065.75,26102.75,26044.900390625,26052.94921875,0.0
2025-12-29 04:00:00,26054.05078125,26082.30078125,26050.25,26080.400390625,0.0
2025-12-29 04:15:00,26079.75,26087.150390625,26036.099609375,26037.25,0.0
2025-12-29 04:30:00,26036.650390625,26042.69921875,26027.05078125,26034.55078125,0.0
2025-12-29 04:45:00,26035.599609375,26037.75,26018.150390625,26028.05078125,0.0
2025-12-29 05:00:00,26028.5,26028.5,26000.80078125,26003.400390625,0.0
2025-12-29 05:15:00,26003.650390625,26011.80078125,25997.80078125,26005.0,0.0
2025-12-29 05:30:00,26004.349609375,26007.150390625,25979.0,25983.69921875,0.0
2025-12-29 05:45:00,25983.900390625,25984.25,25965.25,25974.94921875,0.0
2025-12-29 06:00:00,25975.849609375,25978.099609375,25969.44921875,25976.0,0.0
2025-12-29 06:15:00,25976.5,25990.099609375,25973.150390625,25977.650390625,0.0
2025-12-29 06:30:00,25979.25,25988.099609375,25969.05078125,25979.900390625,0.0
2025-12-29 06:45:00,25979.900390625,25982.05078125,25960.849609375,25971.150390625,0.0
2025-12-29 07:00:00,25972.30078125,25973.849609375,25956.19921875,25959.69921875,0.0
2025-12-29 07:15:00,25960.55078125,25964.55078125,25952.80078125,25961.44921875,0.0
2025-12-29 07:30:00,25961.94921875,25972.0,25952.349609375,25954.349609375,0.0
2025-12-29 07:45:00,25954.69921875,25956.900390625,25939.099609375,25948.099609375,0.0
2025-12-29 08:00:00,25948.69921875,25950.599609375,25931.099609375,25940.400390625,0.0
2025-12-29 08:15:00,25940.849609375,25958.30078125,25937.150390625,25950.44921875,0.0
2025-12-29 08:30:00,25950.75,25961.05078125,25943.0,25943.349609375,0.0
2025-12-29 08:45:00,25942.94921875,25972.44921875,25924.94921875,25954.849609375,0.0
2025-12-29 09:00:00,25955.099609375,25958.0,25933.25,25936.099609375,0.0
2025-12-29 09:15:00,25936.900390625,25943.30078125,25922.25,25934.19921875,0.0
2025-12-29 09:30:00,25933.44921875,25951.05078125,25923.650390625,25944.05078125,0.0
2025-12-29 09:45:00,25943.349609375,25953.349609375,25936.0,25949.80078125,0.0
2025-12-30 03:45:00,25951.0,25951.0,25878.0,25884.55078125,0.0
2025-12-30 04:00:00,25884.75,25942.5,25881.25,25939.75,0.0
2025-12-30 04:15:00,25939.94921875,25954.69921875,25906.30078125,25935.69921875,0.0
2025-12-30 04:30:00,25935.55078125,25949.25,25922.099609375,25943.25,0.0
2025-12-30 04:45:00,25943.75,25970.599609375,25943.400390625,25965.099609375,0.0
2025-12-30 05:00:00,25965.94921875,25975.80078125,25947.5,25949.30078125,0.0
2025-12-30 05:15:00,25949.099609375,25949.94921875,25923.849609375,25927.44921875,0.0
2025-12-30 05:30:00,25927.599609375,25934.80078125,25910.349609375,25921.44921875,0.0
2025-12-30 05:45:00,25921.69921875,25928.05078125,25912.400390625,25914.94921875,0.0
2025-12-30 06:00:00,25915.400390625,25915.400390625,25892.5,25907.94921875,0.0
2025-12-30 06:15:00,25907.94921875,25917.44921875,25892.099609375,25898.80078125,0.0
2025-12-30 06:30:00,25899.94921875,25905.30078125,25883.0,25884.80078125,0.0
2025-12-30 06:45:00,25885.44921875,25895.599609375,25881.80078125,25885.900390625,0.0
2025-12-30 07:00:00,25886.0,25906.650390625,25884.44921875,25899.75,0.0
2025-12-30 07:15:00,25900.25,25913.650390625,25890.25,25892.19921875,0.0
2025-12-30 07:30:00,25892.80078125,25896.650390625,25879.900390625,25890.349609375,0.0
2025-12-30 07:45:00,25891.19921875,25902.900390625,25887.80078125,25898.80078125,0.0
2025-12-30 08:00:00,25898.55078125,25940.849609375,25898.19921875,25935.349609375,0.0
2025-12-30 08:15:00,25935.5,25960.349609375,25933.19921875,25938.25,0.0
2025-12-30 08:30:00,25938.0,25951.30078125,25932.150390625,25943.599609375,0.0
2025-12-30 08:45:00,25942.25,25958.349609375,25915.849609375,25916.599609375,0.0
2025-12-30 09:00:00,25916.650390625,25946.349609375,25915.44921875,25942.80078125,0.0
2025-12-30 09:15:00,25942.599609375,25954.849609375,25930.80078125,25938.19921875,0.0
2025-12-30 09:30:00,25937.05078125,25957.349609375,25915.44921875,25942.0,0.0
2025-12-30 09:45:00,25940.44921875,25976.75,25936.599609375,25970.55078125,0.0
2025-12-31 03:45:00,25975.44921875,26026.849609375,25975.44921875,26016.30078125,0.0
2025-12-31 04:00:00,26013.099609375,26023.900390625,25972.05078125,25973.25,0.0
2025-12-31 04:15:00,25973.650390625,25996.19921875,25969.349609375,25985.099609375,0.0
2025-12-31 04:30:00,25984.69921875,26000.94921875,25971.75,25997.0,0.0
2025-12-31 04:45:00,25998.349609375,26020.19921875,25998.349609375,26018.099609375,0.0
2025-12-31 05:00:00,26016.44921875,26047.150390625,26015.599609375,26040.94921875,0.0
2025-12-31 05:15:00,26042.400390625,26047.19921875,26029.900390625,26044.650390625,0.0
2025-12-31 05:30:00,26043.69921875,26057.5,26043.150390625,26055.80078125,0.0
2025-12-31 05:45:00,26055.44921875,26063.75,26043.5,26044.55078125,0.0
2025-12-31 06:00:00,26044.5,26070.900390625,26040.349609375,26068.55078125,0.0
2025-12-31 06:15:00,26068.69921875,26080.349609375,26058.75,26070.599609375,0.0
2025-12-31 06:30:00,26070.599609375,26091.55078125,26067.69921875,26089.55078125,0.0
2025-12-31 06:45:00,26089.900390625,26099.05078125,26083.55078125,26095.55078125,0.0
2025-12-31 07:00:00,26095.599609375,26123.05078125,26092.05078125,26122.599609375,0.0
2025-12-31 07:15:00,26121.400390625,26153.900390625,26120.900390625,26147.25,0.0
2025-12-31 07:30:00,26147.30078125,26156.099609375,26142.400390625,26155.349609375,0.0
2025-12-31 07:45:00,26154.5,26160.25,26143.25,26156.19921875,0.0
2025-12-31 08:00:00,26156.599609375,26164.19921875,26135.900390625,26149.0,0.0
2025-12-31 08:15:00,26146.5,26179.25,26146.5,26167.900390625,0.0
2025-12-31 08:30:00,26168.94921875,26173.650390625,26154.150390625,26167.0,0.0
2025-12-31 08:45:00,26166.0,26167.849609375,26144.400390625,26160.25,0.0
2025-12-31 09:00:00,26160.0,26184.75,26155.099609375,26184.0,0.0
2025-12-31 09:15:00,26184.150390625,26187.0,26170.25,26175.900390625,0.0
2025-12-31 09:30:00,26174.55078125,26174.55078125,26115.05078125,26122.94921875,0.0
2025-12-31 09:45:00,26124.19921875,26141.849609375,26121.55078125,26141.849609375,0.0
2026-01-01 03:45:00,26175.05078125,26195.150390625,26149.55078125,26187.19921875,0.0
2026-01-01 04:00:00,26184.0,26188.94921875,26162.75,26181.55078125,0.0
2026-01-01 04:15:00,26178.25,26197.0,26153.5,26157.19921875,0.0
2026-01-01 04:30:00,26157.44921875,26179.099609375,26147.349609375,26151.150390625,0.0
2026-01-01 04:45:00,26151.650390625,26159.75,26118.400390625,26157.349609375,0.0
2026-01-01 05:00:00,26158.69921875,26173.5,26147.599609375,26161.349609375,0.0
2026-01-01 05:15:00,26161.099609375,26185.599609375,26160.94921875,26170.94921875,0.0
2026-01-01 05:30:00,26171.05078125,26180.650390625,26157.44921875,26170.5,0.0
2026-01-01 05:45:00,26170.5,26177.75,26158.5,26165.80078125,0.0
2026-01-01 06:00:00,26165.75,26173.849609375,26142.599609375,26144.849609375,0.0
2026-01-01 06:15:00,26144.099609375,26154.099609375,26133.400390625,26151.30078125,0.0
2026-01-01 06:30:00,26151.150390625,26158.19921875,26123.94921875,26125.0,0.0
2026-01-01 06:45:00,26124.349609375,26155.900390625,26114.19921875,26150.599609375,0.0
2026-01-01 07:00:00,26150.150390625,26155.349609375,26126.849609375,26142.30078125,0.0
2026-01-01 07:15:00,26141.599609375,26162.55078125,26140.5,26151.599609375,0.0
2026-01-01 07:30:00,26152.44921875,26158.69921875,26144.349609375,26151.44921875,0.0
2026-01-01 07:45:00,26150.80078125,26167.94921875,26129.69921875,26154.44921875,0.0
2026-01-01 08:00:00,26155.349609375,26161.349609375,26137.94921875,26146.80078125,0.0
2026-01-01 08:15:00,26146.099609375,26163.19921875,26139.25,26157.400390625,0.0
2026-01-01 08:30:00,26157.099609375,26176.19921875,26153.19921875,26168.0,0.0
2026-01-01 08:45:00,26166.849609375,26178.0,26151.900390625,26152.400390625,0.0
2026-01-01 09:00:00,26152.150390625,26166.349609375,26149.30078125,26159.650390625,0.0
2026-01-01 09:15:00,26160.349609375,26165.80078125,26150.900390625,26160.400390625,0.0
2026-01-01 09:30:00,26163.19921875,26168.599609375,26135.94921875,26142.849609375,0.0
2026-01-01 09:45:00,26142.55078125,26146.19921875,26126.80078125,26140.25,0.0
2026-01-02 03:45:00,26150.25,26210.05078125,26125.099609375,26208.099609375,0.0
2026-01-02 04:00:00,26207.0,26248.099609375,26195.900390625,26248.05078125,0.0
2026-01-02 04:15:00,26248.349609375,26270.80078125,26243.650390625,26254.599609375,0.0
2026-01-02 04:30:00,26254.099609375,26261.0,26238.650390625,26254.650390625,0.0
2026-01-02 04:45:00,26254.900390625,26266.19921875,26243.900390625,26247.099609375,0.0
2026-01-02 05:00:00,26246.80078125,26259.94921875,26235.05078125,26253.650390625,0.0
2026-01-02 05:15:00,26253.69921875,26267.849609375,26252.05078125,26263.349609375,0.0
2026-01-02 05:30:00,26262.69921875,26265.05078125,26243.30078125,26254.05078125,0.0
2026-01-02 05:45:00,26253.30078125,26274.69921875,26252.75,26273.25,0.0
2026-01-02 06:00:00,26273.349609375,26288.75,26270.69921875,26285.5,0.0
2026-01-02 06:15:00,26285.599609375,26297.099609375,26278.099609375,26280.0,0.0
2026-01-02 06:30:00,26280.69921875,26291.19921875,26275.05078125,26287.599609375,0.0
2026-01-02 06:45:00,26287.099609375,26301.0,26277.0,26297.849609375,0.0
2026-01-02 07:00:00,26297.44921875,26312.25,26296.5,26303.05078125,0.0
2026-01-02 07:15:00,26301.650390625,26304.25,26286.69921875,26295.69921875,0.0
2026-01-02 07:30:00,26294.94921875,26305.900390625,26290.19921875,26302.75,0.0
2026-01-02 07:45:00,26302.75,26314.5,26300.19921875,26302.5,0.0
2026-01-02 08:00:00,26302.099609375,26310.05078125,26298.94921875,26304.599609375,0.0
2026-01-02 08:15:00,26304.69921875,26310.94921875,26296.349609375,26298.099609375,0.0
2026-01-02 08:30:00,26298.599609375,26306.599609375,26295.80078125,26302.80078125,0.0
2026-01-02 08:45:00,26302.599609375,26314.55078125,26301.75,26307.30078125,0.0
2026-01-02 09:00:00,26307.0,26307.0,26267.19921875,26271.80078125,0.0
2026-01-02 09:15:00,26272.099609375,26296.5,26265.849609375,26294.25,0.0
2026-01-02 09:30:00,26297.05078125,26331.80078125,26297.05078125,26324.75,0.0
2026-01-02 09:45:00,26322.69921875,26339.099609375,26319.5,26335.69921875,0.0
2026-01-05 03:45:00,26341.900390625,26350.400390625,26288.30078125,26301.599609375,0.0
2026-01-05 04:00:00,26301.19921875,26301.650390625,26263.80078125,26279.25,0.0
2026-01-05 04:15:00,26280.099609375,26326.5,26274.0,26316.900390625,0.0
2026-01-05 04:30:00,26317.0,26342.30078125,26285.099609375,26339.150390625,0.0
2026-01-05 04:45:00,26339.099609375,26372.849609375,26337.0,26354.55078125,0.0
2026-01-05 05:00:00,26354.849609375,26363.349609375,26333.94921875,26348.400390625,0.0
2026-01-05 05:15:00,26348.5,26362.05078125,26343.400390625,26349.599609375,0.0
2026-01-05 05:30:00,26348.0,26365.0,26346.650390625,26359.25,0.0
2026-01-05 05:45:00,26358.94921875,26361.349609375,26313.849609375,26326.650390625,0.0
2026-01-05 06:00:00,26327.400390625,26341.599609375,26315.5,26338.69921875,0.0
2026-01-05 06:15:00,26338.69921875,26341.150390625,26317.650390625,26332.05078125,0.0
2026-01-05 06:30:00,26331.5,26334.849609375,26311.5,26333.19921875,0.0
2026-01-05 06:45:00,26334.19921875,26343.349609375,26329.5,26333.400390625,0.0
2026-01-05 07:00:00,26333.099609375,26341.94921875,26330.44921875,26333.05078125,0.0
2026-01-05 07:15:00,26332.849609375,26349.349609375,26326.400390625,26333.400390625,0.0
2026-01-05 07:30:00,26333.150390625,26334.900390625,26307.80078125,26308.75,0.0
2026-01-05 07:45:00,26308.150390625,26312.900390625,26292.849609375,26294.650390625,0.0
2026-01-05 08:00:00,26295.150390625,26298.30078125,26279.849609375,26296.30078125,0.0
2026-01-05 08:15:00,26296.099609375,26296.099609375,26252.599609375,26252.599609375,0.0
2026-01-05 08:30:00,26252.19921875,26253.25,26210.349609375,26226.75,0.0
2026-01-05 08:45:00,26226.80078125,26239.30078125,26210.80078125,26227.25,0.0
2026-01-05 09:00:00,26227.0,26258.69921875,26227.0,26257.150390625,0.0
2026-01-05 09:15:00,26257.150390625,26282.849609375,26252.44921875,26280.099609375,0.0
2026-01-05 09:30:00,26279.400390625,26282.900390625,26243.30078125,26249.25,0.0
2026-01-05 09:45:00,26249.849609375,26250.55078125,26232.599609375,26244.650390625,0.0
2026-01-06 03:45:00,26183.900390625,26237.30078125,26158.349609375,26173.849609375,0.0
2026-01-06 04:00:00,26171.849609375,26229.30078125,26171.849609375,26199.349609375,0.0
2026-01-06 04:15:00,26199.30078125,26259.0,26197.80078125,26256.80078125,0.0
2026-01-06 04:30:00,26258.349609375,26273.150390625,26237.150390625,26243.25,0.0
2026-01-06 04:45:00,26242.19921875,26252.900390625,26218.099609375,26224.099609375,0.0
2026-01-06 05:00:00,26223.099609375,26238.5,26201.349609375,26212.099609375,0.0
2026-01-06 05:15:00,26211.75,26221.0,26201.349609375,26201.349609375,0.0
2026-01-06 05:30:00,26201.69921875,26222.150390625,26192.650390625,26194.44921875,0.0
2026-01-06 05:45:00,26194.80078125,26195.650390625,26141.05078125,26173.05078125,0.0
2026-01-06 06:00:00,26172.150390625,26196.599609375,26165.900390625,26193.599609375,0.0
2026-01-06 06:15:00,26193.0,26200.19921875,26171.650390625,26174.5,0.0
2026-01-06 06:30:00,26173.099609375,26179.400390625,26153.0,26167.650390625,0.0
2026-01-06 06:45:00,26167.5,26169.80078125,26150.150390625,26161.849609375,0.0
2026-01-06 07:00:00,26161.599609375,26169.80078125,26155.25,26163.69921875,0.0
2026-01-06 07:15:00,26163.75,26180.099609375,26156.19921875,26178.900390625,0.0
2026-01-06 07:30:00,26178.75,26195.0,26171.80078125,26174.69921875,0.0
2026-01-06 07:45:00,26173.94921875,26174.69921875,26152.0,26162.25,0.0
2026-01-06 08:00:00,26161.75,26164.349609375,26147.150390625,26164.099609375,0.0
2026-01-06 08:15:00,26163.650390625,26179.69921875,26149.75,26153.25,0.0
2026-01-06 08:30:00,26151.94921875,26172.30078125,26126.099609375,26133.150390625,0.0
2026-01-06 08:45:00,26133.25,26148.05078125,26125.55078125,26148.05078125,0.0
2026-01-06 09:00:00,26147.75,26153.849609375,26125.80078125,26149.69921875,0.0
2026-01-06 09:15:00,26149.80078125,26169.80078125,26147.650390625,26164.0,0.0
2026-01-06 09:30:00,26165.05078125,26187.69921875,26165.05078125,26175.94921875,0.0
2026-01-06 09:45:00,26175.0,26186.5,26170.849609375,26174.650390625,0.0
2026-01-07 03:45:00,26149.900390625,26160.55078125,26106.349609375,26120.349609375,0.0
2026-01-07 04:00:00,26121.75,26150.94921875,26106.150390625,26108.19921875,0.0
2026-01-07 04:15:00,26108.099609375,26139.05078125,26097.25,26138.80078125,0.0
2026-01-07 04:30:00,26138.94921875,26168.150390625,26132.900390625,26167.25,0.0
2026-01-07 04:45:00,26167.75,26186.94921875,26129.75,26134.0,0.0
2026-01-07 05:00:00,26135.599609375,26145.25,26125.19921875,26141.900390625,0.0
2026-01-07 05:15:00,26142.400390625,26175.69921875,26133.80078125,26163.349609375,0.0
2026-01-07 05:30:00,26164.5,26184.75,26150.55078125,26151.599609375,0.0
2026-01-07 05:45:00,26151.69921875,26156.80078125,26131.80078125,26142.400390625,0.0
2026-01-07 06:00:00,26143.25,26166.44921875,26140.80078125,26143.19921875,0.0
2026-01-07 06:15:00,26143.80078125,26144.349609375,26118.94921875,26120.650390625,0.0
2026-01-07 06:30:00,26121.55078125,26123.30078125,26106.19921875,26112.099609375,0.0
2026-01-07 06:45:00,26112.55078125,26115.55078125,26096.94921875,26098.05078125,0.0
2026-01-07 07:00:00,26098.900390625,26110.30078125,26078.55078125,26083.25,0.0
2026-01-07 07:15:00,26083.44921875,26099.44921875,26077.5,26098.0,0.0
2026-01-07 07:30:00,26098.599609375,26114.0,26096.80078125,26102.900390625,0.0
2026-01-07 07:45:00,26103.25,26104.849609375,26069.900390625,26073.0,0.0
2026-01-07 08:00:00,26073.25,26084.94921875,26068.30078125,26076.099609375,0.0
2026-01-07 08:15:00,26076.599609375,26093.400390625,26070.69921875,26092.5,0.0
2026-01-07 08:30:00,26093.44921875,26106.150390625,26082.19921875,26098.849609375,0.0
2026-01-07 08:45:00,26099.25,26099.55078125,26084.0,26096.19921875,0.0
2026-01-07 09:00:00,26096.44921875,26111.44921875,26083.19921875,26109.0,0.0
2026-01-07 09:15:00,26109.349609375,26121.30078125,26094.099609375,26117.349609375,0.0
2026-01-07 09:30:00,26122.25,26152.94921875,26119.599609375,26151.80078125,0.0
2026-01-07 09:45:00,26153.400390625,26153.599609375,26133.75,26142.900390625,0.0
2026-01-08 03:45:00,26102.650390625,26132.900390625,26064.099609375,26064.5,0.0
2026-01-08 04:00:00,26065.0,26103.349609375,26050.150390625,26090.69921875,0.0
2026-01-08 04:15:00,26090.650390625,26099.099609375,26066.19921875,26091.69921875,0.0
2026-01-08 04:30:00,26091.05078125,26091.650390625,26048.44921875,26061.150390625,0.0
2026-01-08 04:45:00,26061.80078125,26062.0,26026.55078125,26039.94921875,0.0
2026-01-08 05:00:00,26040.150390625,26042.55078125,26025.599609375,26031.599609375,0.0
2026-01-08 05:15:00,26031.849609375,26035.75,26013.30078125,26016.900390625,0.0
2026-01-08 05:30:00,26017.099609375,26017.75,26001.0,26003.80078125,0.0
2026-01-08 05:45:00,26002.69921875,26008.19921875,25963.650390625,25975.599609375,0.0
2026-01-08 06:00:00,25975.19921875,25988.599609375,25962.55078125,25974.150390625,0.0
2026-01-08 06:15:00,25974.19921875,25978.5,25936.55078125,25938.30078125,0.0
2026-01-08 06:30:00,25938.099609375,25943.099609375,25884.75,25933.75,0.0
2026-01-08 06:45:00,25934.0,25945.400390625,25919.900390625,25935.80078125,0.0
2026-01-08 07:00:00,25935.69921875,25938.150390625,25912.25,25924.44921875,0.0
2026-01-08 07:15:00,25924.75,25926.0,25903.150390625,25911.69921875,0.0
2026-01-08 07:30:00,25912.05078125,25928.5,25900.75,25926.099609375,0.0
2026-01-08 07:45:00,25925.25,25928.19921875,25893.5,25893.5,0.0
2026-01-08 08:00:00,25894.150390625,25911.19921875,25886.400390625,25907.599609375,0.0
2026-01-08 08:15:00,25907.30078125,25939.0,25905.19921875,25929.349609375,0.0
2026-01-08 08:30:00,25929.0,25942.19921875,25915.400390625,25926.94921875,0.0
2026-01-08 08:45:00,25926.30078125,25946.19921875,25900.44921875,25905.44921875,0.0
2026-01-08 09:00:00,25906.900390625,25940.94921875,25902.099609375,25928.19921875,0.0
2026-01-08 09:15:00,25928.55078125,25940.19921875,25910.25,25911.150390625,0.0
2026-01-08 09:30:00,25912.099609375,25917.69921875,25860.650390625,25878.05078125,0.0
2026-01-08 09:45:00,25878.05078125,25882.150390625,25858.75,25868.900390625,0.0
2026-01-08 10:00:00,25876.849609375,25876.849609375,25876.849609375,25876.849609375,0.0
