Date,Open,High,Low,Close,Volume
2025-10-09 09:15:00+05:30,25074.30078125,25085.5,25039.400390625,25058.94921875,0.0
2025-10-09 09:20:00+05:30,25059.599609375,25107.05078125,25059.599609375,25105.150390625,0.0
2025-10-09 09:25:00+05:30,25105.5,25111.25,25092.349609375,25108.099609375,0.0
2025-10-09 09:30:00+05:30,25107.349609375,25119.900390625,25086.150390625,25091.099609375,0.0
2025-10-09 09:35:00+05:30,25091.849609375,25104.5,25072.400390625,25097.75,0.0
2025-10-09 09:40:00+05:30,25097.849609375,25099.69921875,25064.25,25068.0,0.0
2025-10-09 09:45:00+05:30,25067.80078125,25083.099609375,25056.44921875,25061.80078125,0.0
2025-10-09 09:50:00+05:30,25060.75,25062.099609375,25035.19921875,25059.900390625,0.0
2025-10-09 09:55:00+05:30,25059.44921875,25061.599609375,25048.30078125,25048.599609375,0.0
2025-10-09 10:00:00+05:30,25048.900390625,25060.650390625,25036.599609375,25054.75,0.0
2025-10-09 10:05:00+05:30,25054.900390625,25055.69921875,25039.75,25042.900390625,0.0
2025-10-09 10:10:00+05:30,25043.55078125,25045.099609375,25024.30078125,25041.80078125,0.0
2025-10-09 10:15:00+05:30,25042.05078125,25063.55078125,25032.75,25051.05078125,0.0
2025-10-09 10:20:00+05:30,25051.75,25074.849609375,25044.349609375,25071.900390625,0.0
2025-10-09 10:25:00+05:30,25071.69921875,25085.30078125,25062.69921875,25078.44921875,0.0
2025-10-09 10:30:00+05:30,25078.80078125,25091.30078125,25078.80078125,25088.75,0.0
2025-10-09 10:35:00+05:30,25088.650390625,25109.650390625,25088.650390625,25099.900390625,0.0
2025-10-09 10:40:00+05:30,25099.80078125,25103.80078125,25090.5,25100.25,0.0
2025-10-09 10:45:00+05:30,25100.349609375,25106.94921875,25095.150390625,25097.400390625,0.0
2025-10-09 10:50:00+05:30,25096.55078125,25097.69921875,25076.94921875,25088.849609375,0.0
2025-10-09 10:55:00+05:30,25088.650390625,25104.650390625,25084.25,25102.55078125,0.0
2025-10-09 11:00:00+05:30,25102.0,25128.19921875,25102.0,25119.0,0.0
2025-10-09 11:05:00+05:30,25117.900390625,25154.19921875,25114.44921875,25151.05078125,0.0
2025-10-09 11:10:00+05:30,25151.650390625,25157.599609375,25142.349609375,25152.55078125,0.0
2025-10-09 11:15:00+05:30,25152.849609375,25154.099609375,25131.05078125,25136.25,0.0
2025-10-09 11:20:00+05:30,25136.30078125,25147.69921875,25131.19921875,25141.69921875,0.0
2025-10-09 11:25:00+05:30,25141.599609375,25152.0,25138.5,25147.55078125,0.0
2025-10-09 11:30:00+05:30,25147.849609375,25160.599609375,25140.94921875,25155.69921875,0.0
2025-10-09 11:35:00+05:30,25160.099609375,25174.0,25159.94921875,25166.150390625,0.0
2025-10-09 11:40:00+05:30,25166.05078125,25169.650390625,25148.599609375,25154.400390625,0.0
2025-10-09 11:45:00+05:30,25154.900390625,25181.099609375,25151.400390625,25174.69921875,0.0
2025-10-09 11:50:00+05:30,25174.94921875,25174.94921875,25149.0,25152.849609375,0.0
2025-10-09 11:55:00+05:30,25151.900390625,25152.099609375,25133.30078125,25136.650390625,0.0
2025-10-09 12:00:00+05:30,25135.75,25155.75,25135.75,25140.5,0.0
2025-10-09 12:05:00+05:30,25140.349609375,25141.599609375,25122.900390625,25132.05078125,0.0
2025-10-09 12:10:00+05:30,25132.05078125,25142.650390625,25130.650390625,25140.0,0.0
2025-10-09 12:15:00+05:30,25140.349609375,25159.44921875,25139.19921875,25154.099609375,0.0
2025-10-09 12:20:00+05:30,25153.94921875,25161.400390625,25150.650390625,25153.44921875,0.0
2025-10-09 12:25:00+05:30,25152.849609375,25154.849609375,25140.44921875,25144.75,0.0
2025-10-09 12:30:00+05:30,25143.900390625,25149.75,25132.05078125,25144.400390625,0.0
2025-10-09 12:35:00+05:30,25144.55078125,25149.900390625,25136.150390625,25138.25,0.0
2025-10-09 12:40:00+05:30,25138.349609375,25144.55078125,25121.44921875,25138.30078125,0.0
2025-10-09 12:45:00+05:30,25138.099609375,25147.80078125,25133.0,25147.599609375,0.0
2025-10-09 12:50:00+05:30,25147.75,25154.05078125,25132.599609375,25136.75,0.0
2025-10-09 12:55:00+05:30,25136.349609375,25149.099609375,25133.30078125,25134.599609375,0.0
2025-10-09 13:00:00+05:30,25135.0,25140.849609375,25127.650390625,25138.349609375,0.0
2025-10-09 13:05:00+05:30,25137.5,25145.69921875,25136.099609375,25139.80078125,0.0
2025-10-09 13:10:00+05:30,25139.5,25144.650390625,25119.75,25132.94921875,0.0
2025-10-09 13:15:00+05:30,25132.900390625,25147.75,25130.400390625,25142.099609375,0.0
2025-10-09 13:20:00+05:30,25145.05078125,25145.05078125,25130.599609375,25133.44921875,0.0
2025-10-09 13:25:00+05:30,25133.44921875,25149.25,25127.69921875,25147.30078125,0.0
2025-10-09 13:30:00+05:30,25146.900390625,25157.5,25145.19921875,25147.099609375,0.0
2025-10-09 13:35:00+05:30,25147.69921875,25153.400390625,25134.099609375,25140.19921875,0.0
2025-10-09 13:40:00+05:30,25141.19921875,25156.94921875,25138.099609375,25151.30078125,0.0
2025-10-09 13:45:00+05:30,25150.75,25159.099609375,25144.650390625,25145.25,0.0
2025-10-09 13:50:00+05:30,25145.099609375,25162.05078125,25144.0,25158.900390625,0.0
2025-10-09 13:55:00+05:30,25158.150390625,25168.900390625,25157.44921875,25164.80078125,0.0
2025-10-09 14:00:00+05:30,25165.5,25177.25,25165.5,25174.0,0.0
2025-10-09 14:05:00+05:30,25174.099609375,25182.44921875,25167.400390625,25167.400390625,0.0
2025-10-09 14:10:00+05:30,25167.44921875,25175.25,25139.099609375,25140.25,0.0
2025-10-09 14:15:00+05:30,25139.69921875,25154.099609375,25129.69921875,25130.80078125,0.0
2025-10-09 14:20:00+05:30,25130.599609375,25137.05078125,25120.5,25129.30078125,0.0
2025-10-09 14:25:00+05:30,25128.650390625,25140.19921875,25122.19921875,25137.55078125,0.0
2025-10-09 14:30:00+05:30,25135.44921875,25149.650390625,25128.44921875,25129.19921875,0.0
2025-10-09 14:35:00+05:30,25129.44921875,25160.55078125,25128.599609375,25154.650390625,0.0
2025-10-09 14:40:00+05:30,25156.94921875,25165.55078125,25147.099609375,25153.55078125,0.0
2025-10-09 14:45:00+05:30,25153.900390625,25160.5,25133.05078125,25133.75,0.0
2025-10-09 14:50:00+05:30,25131.94921875,25163.349609375,25126.400390625,25161.599609375,0.0
2025-10-09 14:55:00+05:30,25161.44921875,25172.25,25158.44921875,25170.05078125,0.0
2025-10-09 15:00:00+05:30,25169.05078125,25192.099609375,25169.05078125,25182.25,0.0
2025-10-09 15:05:00+05:30,25182.099609375,25199.05078125,25168.400390625,25196.69921875,0.0
2025-10-09 15:10:00+05:30,25195.80078125,25198.05078125,25177.19921875,25177.69921875,0.0
2025-10-09 15:15:00+05:30,25177.44921875,25194.44921875,25174.599609375,25188.19921875,0.0
2025-10-09 15:20:00+05:30,25187.5,25188.650390625,25168.44921875,25181.94921875,0.0
2025-10-09 15:25:00+05:30,25181.25,25184.900390625,25160.900390625,25170.30078125,0.0
2025-10-10 09:15:00+05:30,25177.25,25222.150390625,25157.19921875,25221.19921875,0.0
2025-10-10 09:20:00+05:30,25221.099609375,25241.849609375,25208.75,25236.25,0.0
2025-10-10 09:25:00+05:30,25236.19921875,25239.75,25218.94921875,25231.69921875,0.0
2025-10-10 09:30:00+05:30,25231.44921875,25253.44921875,25231.44921875,25250.400390625,0.0
2025-10-10 09:35:00+05:30,25249.400390625,25257.0,25242.150390625,25244.19921875,0.0
2025-10-10 09:40:00+05:30,25243.94921875,25269.30078125,25235.5,25268.099609375,0.0
2025-10-10 09:45:00+05:30,25268.30078125,25284.650390625,25267.099609375,25279.19921875,0.0
2025-10-10 09:50:00+05:30,25279.05078125,25281.900390625,25262.150390625,25267.05078125,0.0
2025-10-10 09:55:00+05:30,25266.75,25270.650390625,25257.0,25266.400390625,0.0
2025-10-10 10:00:00+05:30,25266.05078125,25278.55078125,25261.099609375,25273.30078125,0.0
2025-10-10 10:05:00+05:30,25273.44921875,25277.0,25253.19921875,25256.650390625,0.0
2025-10-10 10:10:00+05:30,25256.55078125,25266.75,25248.75,25262.44921875,0.0
2025-10-10 10:15:00+05:30,25262.44921875,25293.0,25262.19921875,25293.0,0.0
2025-10-10 10:20:00+05:30,25291.19921875,25299.05078125,25275.0,25277.5,0.0
2025-10-10 10:25:00+05:30,25278.400390625,25280.900390625,25269.94921875,25276.19921875,0.0
2025-10-10 10:30:00+05:30,25275.80078125,25287.44921875,25275.30078125,25282.099609375,0.0
2025-10-10 10:35:00+05:30,25281.599609375,25286.94921875,25269.150390625,25272.150390625,0.0
2025-10-10 10:40:00+05:30,25273.0,25287.30078125,25257.75,25258.69921875,0.0
2025-10-10 10:45:00+05:30,25259.44921875,25277.150390625,25258.349609375,25277.150390625,0.0
2025-10-10 10:50:00+05:30,25277.5,25291.849609375,25275.75,25291.599609375,0.0
2025-10-10 10:55:00+05:30,25291.30078125,25303.44921875,25288.5,25297.0,0.0
2025-10-10 11:00:00+05:30,25296.599609375,25309.30078125,25290.44921875,25303.849609375,0.0
2025-10-10 11:05:00+05:30,25304.05078125,25307.55078125,25287.55078125,25289.349609375,0.0
2025-10-10 11:10:00+05:30,25288.349609375,25310.69921875,25284.849609375,25309.94921875,0.0
2025-10-10 11:15:00+05:30,25310.349609375,25315.19921875,25297.150390625,25303.69921875,0.0
2025-10-10 11:20:00+05:30,25302.849609375,25302.849609375,25287.599609375,25290.400390625,0.0
2025-10-10 11:25:00+05:30,25290.30078125,25294.44921875,25274.94921875,25282.55078125,0.0
2025-10-10 11:30:00+05:30,25283.400390625,25288.19921875,25266.849609375,25284.900390625,0.0
2025-10-10 11:35:00+05:30,25283.400390625,25298.349609375,25276.5,25278.80078125,0.0
2025-10-10 11:40:00+05:30,25278.849609375,25292.400390625,25276.849609375,25284.349609375,0.0
2025-10-10 11:45:00+05:30,25284.80078125,25290.650390625,25280.55078125,25288.19921875,0.0
2025-10-10 11:50:00+05:30,25287.80078125,25289.80078125,25277.19921875,25284.94921875,0.0
2025-10-10 11:55:00+05:30,25284.599609375,25288.75,25274.80078125,25277.650390625,0.0
2025-10-10 12:00:00+05:30,25281.80078125,25298.599609375,25281.80078125,25294.900390625,0.0
2025-10-10 12:05:00+05:30,25295.69921875,25297.400390625,25275.30078125,25278.400390625,0.0
2025-10-10 12:10:00+05:30,25279.05078125,25287.099609375,25274.94921875,25286.30078125,0.0
2025-10-10 12:15:00+05:30,25286.599609375,25294.80078125,25276.75,25277.19921875,0.0
2025-10-10 12:20:00+05:30,25278.80078125,25293.05078125,25274.349609375,25289.849609375,0.0
2025-10-10 12:25:00+05:30,25289.0,25291.80078125,25282.849609375,25282.849609375,0.0
2025-10-10 12:30:00+05:30,25282.19921875,25290.099609375,25277.55078125,25282.0,0.0
2025-10-10 12:35:00+05:30,25280.94921875,25285.650390625,25275.0,25279.05078125,0.0
2025-10-10 12:40:00+05:30,25278.099609375,25305.94921875,25276.44921875,25303.75,0.0
2025-10-10 12:45:00+05:30,25304.150390625,25318.599609375,25302.94921875,25310.19921875,0.0
2025-10-10 12:50:00+05:30,25310.900390625,25319.05078125,25297.69921875,25316.69921875,0.0
2025-10-10 12:55:00+05:30,25316.19921875,25320.650390625,25309.349609375,25313.900390625,0.0
2025-10-10 13:00:00+05:30,25314.650390625,25320.44921875,25308.849609375,25316.400390625,0.0
2025-10-10 13:05:00+05:30,25314.900390625,25319.80078125,25299.69921875,25302.099609375,0.0
2025-10-10 13:10:00+05:30,25301.900390625,25306.849609375,25292.5,25306.19921875,0.0
2025-10-10 13:15:00+05:30,25308.0,25321.099609375,25304.599609375,25311.650390625,0.0
2025-10-10 13:20:00+05:30,25311.650390625,25322.94921875,25300.349609375,25317.0,0.0
2025-10-10 13:25:00+05:30,25317.75,25318.69921875,25279.55078125,25303.900390625,0.0
2025-10-10 13:30:00+05:30,25305.75,25324.94921875,25303.150390625,25321.099609375,0.0
2025-10-10 13:35:00+05:30,25321.44921875,25329.19921875,25312.94921875,25328.19921875,0.0
2025-10-10 13:40:00+05:30,25328.30078125,25330.19921875,25315.44921875,25316.25,0.0
2025-10-10 13:45:00+05:30,25318.05078125,25319.44921875,25309.75,25313.599609375,0.0
2025-10-10 13:50:00+05:30,25312.55078125,25320.19921875,25310.650390625,25315.099609375,0.0
2025-10-10 13:55:00+05:30,25315.400390625,25324.599609375,25303.5,25304.94921875,0.0
2025-10-10 14:00:00+05:30,25305.05078125,25316.5,25302.349609375,25310.80078125,0.0
2025-10-10 14:05:00+05:30,25310.19921875,25314.599609375,25301.099609375,25303.25,0.0
2025-10-10 14:10:00+05:30,25303.44921875,25307.69921875,25297.55078125,25305.80078125,0.0
2025-10-10 14:15:00+05:30,25305.69921875,25313.599609375,25294.099609375,25298.099609375,0.0
2025-10-10 14:20:00+05:30,25297.349609375,25314.94921875,25295.849609375,25312.599609375,0.0
2025-10-10 14:25:00+05:30,25312.69921875,25316.099609375,25306.900390625,25308.30078125,0.0
2025-10-10 14:30:00+05:30,25310.0,25310.94921875,25297.0,25305.400390625,0.0
2025-10-10 14:35:00+05:30,25306.400390625,25310.44921875,25300.0,25300.94921875,0.0
2025-10-10 14:40:00+05:30,25301.25,25308.5,25297.30078125,25305.55078125,0.0
2025-10-10 14:45:00+05:30,25305.849609375,25305.849609375,25266.25,25292.650390625,0.0
2025-10-10 14:50:00+05:30,25293.5,25304.30078125,25291.900390625,25300.94921875,0.0
2025-10-10 14:55:00+05:30,25299.900390625,25306.400390625,25288.900390625,25304.349609375,0.0
2025-10-10 15:00:00+05:30,25302.650390625,25304.849609375,25276.150390625,25279.94921875,0.0
2025-10-10 15:05:00+05:30,25280.75,25286.099609375,25274.650390625,25284.19921875,0.0
2025-10-10 15:10:00+05:30,25282.650390625,25295.94921875,25280.55078125,25284.19921875,0.0
2025-10-10 15:15:00+05:30,25283.0,25298.0,25282.25,25284.349609375,0.0
2025-10-10 15:20:00+05:30,25284.75,25289.44921875,25280.849609375,25286.80078125,0.0
2025-10-10 15:25:00+05:30,25286.849609375,25292.55078125,25276.19921875,25278.19921875,0.0
2025-10-13 09:15:00+05:30,25182.80078125,25239.849609375,25176.80078125,25213.80078125,0.0
2025-10-13 09:20:00+05:30,25213.849609375,25223.94921875,25200.94921875,25216.0,0.0
2025-10-13 09:25:00+05:30,25216.599609375,25216.94921875,25187.30078125,25196.44921875,0.0
2025-10-13 09:30:00+05:30,25196.19921875,25197.05078125,25154.849609375,25163.349609375,0.0
2025-10-13 09:35:00+05:30,25163.19921875,25203.80078125,25153.5,25201.900390625,0.0
2025-10-13 09:40:00+05:30,25201.349609375,25217.25,25197.5,25216.25,0.0
2025-10-13 09:45:00+05:30,25216.5,25232.44921875,25211.55078125,25229.599609375,0.0
2025-10-13 09:50:00+05:30,25229.75,25229.75,25200.80078125,25202.400390625,0.0
2025-10-13 09:55:00+05:30,25203.19921875,25206.900390625,25194.05078125,25201.30078125,0.0
2025-10-13 10:00:00+05:30,25200.69921875,25205.0,25185.0,25192.19921875,0.0
2025-10-13 10:05:00+05:30,25192.75,25199.0,25173.0,25198.849609375,0.0
2025-10-13 10:10:00+05:30,25198.349609375,25203.19921875,25194.5,25199.25,0.0
2025-10-13 10:15:00+05:30,25199.349609375,25202.400390625,25186.599609375,25187.55078125,0.0
2025-10-13 10:20:00+05:30,25186.94921875,25187.44921875,25175.69921875,25185.55078125,0.0
2025-10-13 10:25:00+05:30,25186.0,25209.5,25180.19921875,25206.30078125,0.0
2025-10-13 10:30:00+05:30,25207.849609375,25216.150390625,25200.0,25206.75,0.0
2025-10-13 10:35:00+05:30,25206.75,25220.69921875,25205.150390625,25211.5,0.0
2025-10-13 10:40:00+05:30,25212.599609375,25229.400390625,25205.69921875,25206.19921875,0.0
2025-10-13 10:45:00+05:30,25206.599609375,25211.0,25199.80078125,25204.55078125,0.0
2025-10-13 10:50:00+05:30,25204.55078125,25204.900390625,25193.05078125,25193.849609375,0.0
2025-10-13 10:55:00+05:30,25193.599609375,25194.69921875,25181.94921875,25191.599609375,0.0
2025-10-13 11:00:00+05:30,25190.94921875,25196.44921875,25183.19921875,25194.849609375,0.0
2025-10-13 11:05:00+05:30,25194.75,25201.25,25190.900390625,25196.75,0.0
2025-10-13 11:10:00+05:30,25196.599609375,25200.19921875,25188.25,25191.400390625,0.0
2025-10-13 11:15:00+05:30,25191.099609375,25195.69921875,25175.25,25178.44921875,0.0
2025-10-13 11:20:00+05:30,25178.349609375,25185.44921875,25162.55078125,25164.900390625,0.0
2025-10-13 11:25:00+05:30,25164.150390625,25182.099609375,25161.900390625,25181.80078125,0.0
2025-10-13 11:30:00+05:30,25181.849609375,25183.80078125,25175.099609375,25181.05078125,0.0
2025-10-13 11:35:00+05:30,25180.80078125,25182.900390625,25172.5,25180.650390625,0.0
2025-10-13 11:40:00+05:30,25179.94921875,25186.05078125,25175.05078125,25179.44921875,0.0
2025-10-13 11:45:00+05:30,25179.19921875,25192.0,25175.19921875,25189.599609375,0.0
2025-10-13 11:50:00+05:30,25190.44921875,25193.349609375,25185.94921875,25192.80078125,0.0
2025-10-13 11:55:00+05:30,25192.400390625,25198.94921875,25189.849609375,25198.69921875,0.0
2025-10-13 12:00:00+05:30,25198.400390625,25202.0,25171.55078125,25180.69921875,0.0
2025-10-13 12:05:00+05:30,25180.55078125,25185.599609375,25176.599609375,25178.94921875,0.0
2025-10-13 12:10:00+05:30,25178.30078125,25203.400390625,25177.19921875,25189.650390625,0.0
2025-10-13 12:15:00+05:30,25187.150390625,25189.099609375,25175.650390625,25180.599609375,0.0
2025-10-13 12:20:00+05:30,25180.0,25184.80078125,25177.30078125,25179.099609375,0.0
2025-10-13 12:25:00+05:30,25179.19921875,25193.349609375,25177.94921875,25191.0,0.0
2025-10-13 12:30:00+05:30,25190.650390625,25192.69921875,25179.5,25182.900390625,0.0
2025-10-13 12:35:00+05:30,25182.80078125,25195.349609375,25181.75,25189.44921875,0.0
2025-10-13 12:40:00+05:30,25189.05078125,25205.900390625,25186.55078125,25205.75,0.0
2025-10-13 12:45:00+05:30,25205.30078125,25209.599609375,25179.650390625,25181.05078125,0.0
2025-10-13 12:50:00+05:30,25180.94921875,25193.900390625,25173.5,25192.349609375,0.0
2025-10-13 12:55:00+05:30,25193.0,25210.650390625,25190.69921875,25207.69921875,0.0
2025-10-13 13:00:00+05:30,25207.30078125,25210.0,25168.849609375,25171.150390625,0.0
2025-10-13 13:05:00+05:30,25171.150390625,25192.599609375,25169.69921875,25188.900390625,0.0
2025-10-13 13:10:00+05:30,25188.900390625,25212.25,25187.150390625,25210.0,0.0
2025-10-13 13:15:00+05:30,25209.05078125,25217.94921875,25194.05078125,25194.05078125,0.0
2025-10-13 13:20:00+05:30,25195.75,25200.30078125,25177.94921875,25180.25,0.0
2025-10-13 13:25:00+05:30,25180.349609375,25195.75,25177.900390625,25187.75,0.0
2025-10-13 13:30:00+05:30,25187.650390625,25205.19921875,25184.30078125,25193.30078125,0.0
2025-10-13 13:35:00+05:30,25193.099609375,25199.30078125,25184.849609375,25198.44921875,0.0
2025-10-13 13:40:00+05:30,25198.349609375,25203.55078125,25195.5,25198.25,0.0
2025-10-13 13:45:00+05:30,25198.80078125,25214.849609375,25197.30078125,25214.349609375,0.0
2025-10-13 13:50:00+05:30,25214.69921875,25217.0,25187.5,25195.599609375,0.0
2025-10-13 13:55:00+05:30,25196.05078125,25200.75,25176.650390625,25185.650390625,0.0
2025-10-13 14:00:00+05:30,25184.849609375,25216.94921875,25183.849609375,25216.94921875,0.0
2025-10-13 14:05:00+05:30,25216.25,25222.400390625,25210.75,25218.75,0.0
2025-10-13 14:10:00+05:30,25218.349609375,25222.05078125,25206.900390625,25207.5,0.0
2025-10-13 14:15:00+05:30,25210.75,25217.44921875,25197.599609375,25205.400390625,0.0
2025-10-13 14:20:00+05:30,25205.400390625,25235.900390625,25195.55078125,25229.05078125,0.0
2025-10-13 14:25:00+05:30,25228.599609375,25266.94921875,25226.849609375,25251.400390625,0.0
2025-10-13 14:30:00+05:30,25251.099609375,25258.900390625,25247.30078125,25247.30078125,0.0
2025-10-13 14:35:00+05:30,25246.849609375,25257.19921875,25246.44921875,25247.69921875,0.0
2025-10-13 14:40:00+05:30,25247.650390625,25250.75,25228.55078125,25245.849609375,0.0
2025-10-13 14:45:00+05:30,25245.94921875,25252.75,25233.5,25237.0,0.0
2025-10-13 14:50:00+05:30,25237.349609375,25256.19921875,25232.25,25253.150390625,0.0
2025-10-13 14:55:00+05:30,25253.400390625,25256.55078125,25242.30078125,25249.19921875,0.0
2025-10-13 15:00:00+05:30,25250.30078125,25251.400390625,25215.25,25215.5,0.0
2025-10-13 15:05:00+05:30,25215.94921875,25226.599609375,25215.44921875,25222.5,0.0
2025-10-13 15:10:00+05:30,25222.25,25223.599609375,25217.900390625,25220.44921875,0.0
2025-10-13 15:15:00+05:30,25221.099609375,25230.25,25220.150390625,25227.69921875,0.0
2025-10-13 15:20:00+05:30,25227.94921875,25240.44921875,25222.75,25235.25,0.0
2025-10-13 15:25:00+05:30,25234.69921875,25246.25,25232.650390625,25237.150390625,0.0
2025-10-14 09:15:00+05:30,25260.0,25306.05078125,25260.0,25293.30078125,0.0
2025-10-14 09:20:00+05:30,25290.75,25310.099609375,25285.150390625,25301.75,0.0
2025-10-14 09:25:00+05:30,25300.69921875,25301.94921875,25283.0,25292.19921875,0.0
2025-10-14 09:30:00+05:30,25291.80078125,25298.05078125,25281.650390625,25283.5,0.0
2025-10-14 09:35:00+05:30,25285.75,25293.5,25248.25,25248.349609375,0.0
2025-10-14 09:40:00+05:30,25249.44921875,25263.80078125,25235.400390625,25236.849609375,0.0
2025-10-14 09:45:00+05:30,25236.69921875,25246.849609375,25222.69921875,25234.44921875,0.0
2025-10-14 09:50:00+05:30,25234.55078125,25238.80078125,25221.69921875,25224.400390625,0.0
2025-10-14 09:55:00+05:30,25224.30078125,25225.30078125,25203.44921875,25207.55078125,0.0
2025-10-14 10:00:00+05:30,25206.099609375,25229.44921875,25185.55078125,25194.69921875,0.0
2025-10-14 10:05:00+05:30,25194.69921875,25196.05078125,25176.849609375,25195.0,0.0
2025-10-14 10:10:00+05:30,25195.44921875,25205.099609375,25188.900390625,25196.69921875,0.0
2025-10-14 10:15:00+05:30,25196.650390625,25202.05078125,25174.150390625,25181.599609375,0.0
2025-10-14 10:20:00+05:30,25181.30078125,25194.19921875,25165.05078125,25194.19921875,0.0
2025-10-14 10:25:00+05:30,25194.69921875,25213.0,25191.150390625,25210.44921875,0.0
2025-10-14 10:30:00+05:30,25210.30078125,25218.349609375,25201.25,25214.94921875,0.0
2025-10-14 10:35:00+05:30,25214.80078125,25217.69921875,25204.099609375,25213.19921875,0.0
2025-10-14 10:40:00+05:30,25213.94921875,25224.099609375,25194.55078125,25219.05078125,0.0
2025-10-14 10:45:00+05:30,25218.25,25240.25,25210.30078125,25211.5,0.0
2025-10-14 10:50:00+05:30,25212.599609375,25212.69921875,25200.55078125,25204.94921875,0.0
2025-10-14 10:55:00+05:30,25204.69921875,25212.400390625,25200.05078125,25201.650390625,0.0
2025-10-14 11:00:00+05:30,25201.69921875,25203.05078125,25184.69921875,25192.30078125,0.0
2025-10-14 11:05:00+05:30,25192.19921875,25200.900390625,25166.25,25173.150390625,0.0
2025-10-14 11:10:00+05:30,25173.349609375,25176.650390625,25159.55078125,25174.0,0.0
2025-10-14 11:15:00+05:30,25173.650390625,25173.94921875,25138.30078125,25140.80078125,0.0
2025-10-14 11:20:00+05:30,25141.400390625,25148.44921875,25129.94921875,25132.05078125,0.0
2025-10-14 11:25:00+05:30,25132.0,25141.55078125,25116.05078125,25141.55078125,0.0
2025-10-14 11:30:00+05:30,25140.849609375,25141.05078125,25122.5,25136.099609375,0.0
2025-10-14 11:35:00+05:30,25136.099609375,25148.69921875,25133.75,25148.400390625,0.0
2025-10-14 11:40:00+05:30,25148.5,25157.80078125,25139.849609375,25144.849609375,0.0
2025-10-14 11:45:00+05:30,25144.150390625,25145.44921875,25128.80078125,25141.19921875,0.0
2025-10-14 11:50:00+05:30,25140.5,25153.099609375,25136.400390625,25152.400390625,0.0
2025-10-14 11:55:00+05:30,25152.849609375,25162.55078125,25145.0,25155.5,0.0
2025-10-14 12:00:00+05:30,25155.55078125,25169.19921875,25151.25,25155.650390625,0.0
2025-10-14 12:05:00+05:30,25156.80078125,25156.80078125,25110.099609375,25116.150390625,0.0
2025-10-14 12:10:00+05:30,25115.400390625,25118.75,25101.94921875,25118.349609375,0.0
2025-10-14 12:15:00+05:30,25118.44921875,25127.69921875,25111.150390625,25121.69921875,0.0
2025-10-14 12:20:00+05:30,25122.69921875,25128.5,25111.69921875,25126.349609375,0.0
2025-10-14 12:25:00+05:30,25125.150390625,25125.19921875,25089.349609375,25090.349609375,0.0
2025-10-14 12:30:00+05:30,25090.44921875,25107.0,25084.55078125,25104.69921875,0.0
2025-10-14 12:35:00+05:30,25105.900390625,25110.849609375,25076.80078125,25077.0,0.0
2025-10-14 12:40:00+05:30,25076.400390625,25088.69921875,25061.25,25066.30078125,0.0
2025-10-14 12:45:00+05:30,25067.150390625,25090.150390625,25062.650390625,25086.599609375,0.0
2025-10-14 12:50:00+05:30,25087.55078125,25095.25,25083.849609375,25089.94921875,0.0
2025-10-14 12:55:00+05:30,25090.349609375,25104.44921875,25088.5,25098.099609375,0.0
2025-10-14 13:00:00+05:30,25098.599609375,25107.69921875,25078.900390625,25094.0,0.0
2025-10-14 13:05:00+05:30,25094.099609375,25106.19921875,25066.599609375,25074.900390625,0.0
2025-10-14 13:10:00+05:30,25075.05078125,25092.25,25065.650390625,25084.05078125,0.0
2025-10-14 13:15:00+05:30,25084.55078125,25087.94921875,25079.69921875,25084.94921875,0.0
2025-10-14 13:20:00+05:30,25086.25,25096.599609375,25079.55078125,25096.44921875,0.0
2025-10-14 13:25:00+05:30,25096.650390625,25100.900390625,25091.69921875,25100.900390625,0.0
2025-10-14 13:30:00+05:30,25100.5,25129.44921875,25100.25,25129.44921875,0.0
2025-10-14 13:35:00+05:30,25128.849609375,25137.94921875,25107.0,25122.69921875,0.0
2025-10-14 13:40:00+05:30,25122.349609375,25135.44921875,25120.400390625,25121.80078125,0.0
2025-10-14 13:45:00+05:30,25120.94921875,25137.900390625,25098.69921875,25128.849609375,0.0
2025-10-14 13:50:00+05:30,25128.900390625,25128.94921875,25106.44921875,25108.400390625,0.0
2025-10-14 13:55:00+05:30,25108.19921875,25126.25,25105.75,25123.05078125,0.0
2025-10-14 14:00:00+05:30,25122.0,25129.25,25111.599609375,25129.25,0.0
2025-10-14 14:05:00+05:30,25130.5,25135.099609375,25119.30078125,25126.44921875,0.0
2025-10-14 14:10:00+05:30,25124.94921875,25126.80078125,25095.05078125,25122.75,0.0
2025-10-14 14:15:00+05:30,25123.0,25136.69921875,25099.19921875,25106.30078125,0.0
2025-10-14 14:20:00+05:30,25106.900390625,25149.099609375,25103.05078125,25149.099609375,0.0
2025-10-14 14:25:00+05:30,25148.400390625,25155.44921875,25138.849609375,25145.30078125,0.0
2025-10-14 14:30:00+05:30,25145.05078125,25172.25,25145.05078125,25168.900390625,0.0
2025-10-14 14:35:00+05:30,25168.55078125,25197.44921875,25165.19921875,25169.25,0.0
2025-10-14 14:40:00+05:30,25170.0,25185.94921875,25159.849609375,25178.650390625,0.0
2025-10-14 14:45:00+05:30,25177.650390625,25192.900390625,25134.75,25163.80078125,0.0
2025-10-14 14:50:00+05:30,25162.599609375,25173.80078125,25157.349609375,25173.650390625,0.0
2025-10-14 14:55:00+05:30,25173.599609375,25180.849609375,25153.150390625,25177.5,0.0
2025-10-14 15:00:00+05:30,25177.099609375,25177.900390625,25148.400390625,25150.55078125,0.0
2025-10-14 15:05:00+05:30,25150.400390625,25165.25,25143.150390625,25150.30078125,0.0
2025-10-14 15:10:00+05:30,25149.849609375,25150.0,25135.349609375,25144.80078125,0.0
2025-10-14 15:15:00+05:30,25145.25,25161.400390625,25135.44921875,25144.44921875,0.0
2025-10-14 15:20:00+05:30,25143.80078125,25145.55078125,25124.5,25126.849609375,0.0
2025-10-14 15:25:00+05:30,25126.099609375,25129.44921875,25112.69921875,25123.349609375,0.0
2025-10-15 09:15:00+05:30,25181.55078125,25248.25,25163.19921875,25239.94921875,0.0
2025-10-15 09:20:00+05:30,25242.0,25255.05078125,25231.44921875,25242.55078125,0.0
2025-10-15 09:25:00+05:30,25243.19921875,25257.19921875,25239.650390625,25252.650390625,0.0
2025-10-15 09:30:00+05:30,25253.30078125,25267.30078125,25253.30078125,25253.5,0.0
2025-10-15 09:35:00+05:30,25253.650390625,25255.099609375,25222.0,25223.400390625,0.0
2025-10-15 09:40:00+05:30,25223.30078125,25231.400390625,25215.099609375,25224.69921875,0.0
2025-10-15 09:45:00+05:30,25225.900390625,25239.19921875,25219.5,25221.650390625,0.0
2025-10-15 09:50:00+05:30,25222.349609375,25223.19921875,25209.099609375,25222.80078125,0.0
2025-10-15 09:55:00+05:30,25222.5,25229.349609375,25215.150390625,25216.55078125,0.0
2025-10-15 10:00:00+05:30,25216.55078125,25226.349609375,25212.349609375,25216.099609375,0.0
2025-10-15 10:05:00+05:30,25215.75,25231.19921875,25213.650390625,25229.900390625,0.0
2025-10-15 10:10:00+05:30,25229.599609375,25252.44921875,25229.30078125,25251.25,0.0
2025-10-15 10:15:00+05:30,25250.55078125,25260.75,25250.44921875,25252.69921875,0.0
2025-10-15 10:20:00+05:30,25254.19921875,25276.25,25250.05078125,25272.94921875,0.0
2025-10-15 10:25:00+05:30,25273.849609375,25279.19921875,25269.599609375,25273.650390625,0.0
2025-10-15 10:30:00+05:30,25274.900390625,25290.75,25273.75,25289.80078125,0.0
2025-10-15 10:35:00+05:30,25290.44921875,25293.5,25285.69921875,25289.25,0.0
2025-10-15 10:40:00+05:30,25288.849609375,25300.05078125,25288.099609375,25292.05078125,0.0
2025-10-15 10:45:00+05:30,25292.099609375,25292.599609375,25278.69921875,25282.94921875,0.0
2025-10-15 10:50:00+05:30,25282.900390625,25308.25,25276.75,25305.349609375,0.0
2025-10-15 10:55:00+05:30,25306.19921875,25317.599609375,25296.400390625,25315.94921875,0.0
2025-10-15 11:00:00+05:30,25317.099609375,25326.0,25298.349609375,25301.69921875,0.0
2025-10-15 11:05:00+05:30,25302.05078125,25302.80078125,25289.05078125,25294.099609375,0.0
2025-10-15 11:10:00+05:30,25293.900390625,25296.650390625,25287.0,25292.599609375,0.0
2025-10-15 11:15:00+05:30,25292.25,25295.400390625,25288.80078125,25292.400390625,0.0
2025-10-15 11:20:00+05:30,25292.69921875,25303.650390625,25290.30078125,25303.650390625,0.0
2025-10-15 11:25:00+05:30,25303.05078125,25322.900390625,25299.849609375,25319.25,0.0
2025-10-15 11:30:00+05:30,25319.69921875,25320.75,25305.650390625,25307.150390625,0.0
2025-10-15 11:35:00+05:30,25307.150390625,25309.55078125,25295.0,25304.150390625,0.0
2025-10-15 11:40:00+05:30,25304.25,25311.0,25301.75,25304.849609375,0.0
2025-10-15 11:45:00+05:30,25304.19921875,25305.099609375,25291.099609375,25296.80078125,0.0
2025-10-15 11:50:00+05:30,25297.30078125,25306.75,25294.30078125,25304.55078125,0.0
2025-10-15 11:55:00+05:30,25304.44921875,25315.650390625,25303.099609375,25306.94921875,0.0
2025-10-15 12:00:00+05:30,25307.80078125,25312.80078125,25292.05078125,25292.30078125,0.0
2025-10-15 12:05:00+05:30,25293.349609375,25312.44921875,25288.849609375,25302.849609375,0.0
2025-10-15 12:10:00+05:30,25302.55078125,25303.650390625,25288.25,25288.25,0.0
2025-10-15 12:15:00+05:30,25289.30078125,25305.44921875,25286.900390625,25294.900390625,0.0
2025-10-15 12:20:00+05:30,25294.94921875,25296.900390625,25282.69921875,25294.75,0.0
2025-10-15 12:25:00+05:30,25296.44921875,25310.44921875,25290.400390625,25307.0,0.0
2025-10-15 12:30:00+05:30,25307.349609375,25313.44921875,25303.44921875,25309.80078125,0.0
2025-10-15 12:35:00+05:30,25310.44921875,25310.55078125,25301.099609375,25308.650390625,0.0
2025-10-15 12:40:00+05:30,25307.30078125,25321.5,25305.599609375,25319.849609375,0.0
2025-10-15 12:45:00+05:30,25319.69921875,25322.80078125,25307.0,25312.0,0.0
2025-10-15 12:50:00+05:30,25314.099609375,25328.349609375,25312.5,25327.44921875,0.0
2025-10-15 12:55:00+05:30,25328.75,25331.69921875,25323.150390625,25331.05078125,0.0
2025-10-15 13:00:00+05:30,25331.349609375,25335.599609375,25327.69921875,25331.80078125,0.0
2025-10-15 13:05:00+05:30,25332.19921875,25336.099609375,25328.599609375,25331.19921875,0.0
2025-10-15 13:10:00+05:30,25333.150390625,25333.80078125,25324.69921875,25325.5,0.0
2025-10-15 13:15:00+05:30,25326.900390625,25349.599609375,25324.94921875,25344.849609375,0.0
2025-10-15 13:20:00+05:30,25346.19921875,25353.69921875,25338.400390625,25343.0,0.0
2025-10-15 13:25:00+05:30,25343.19921875,25361.75,25337.849609375,25349.0,0.0
2025-10-15 13:30:00+05:30,25350.30078125,25361.05078125,25348.55078125,25360.44921875,0.0
2025-10-15 13:35:00+05:30,25360.849609375,25364.349609375,25352.44921875,25353.900390625,0.0
2025-10-15 13:40:00+05:30,25353.099609375,25355.150390625,25347.0,25350.25,0.0
2025-10-15 13:45:00+05:30,25350.80078125,25356.94921875,25345.55078125,25346.69921875,0.0
2025-10-15 13:50:00+05:30,25346.55078125,25352.400390625,25341.5,25342.400390625,0.0
2025-10-15 13:55:00+05:30,25342.25,25346.099609375,25332.19921875,25334.69921875,0.0
2025-10-15 14:00:00+05:30,25335.150390625,25338.44921875,25322.849609375,25323.80078125,0.0
2025-10-15 14:05:00+05:30,25325.19921875,25338.599609375,25311.900390625,25330.599609375,0.0
2025-10-15 14:10:00+05:30,25331.25,25335.30078125,25317.650390625,25326.900390625,0.0
2025-10-15 14:15:00+05:30,25328.25,25332.80078125,25312.44921875,25330.80078125,0.0
2025-10-15 14:20:00+05:30,25330.80078125,25332.400390625,25318.25,25325.80078125,0.0
2025-10-15 14:25:00+05:30,25326.19921875,25336.400390625,25323.5,25333.75,0.0
2025-10-15 14:30:00+05:30,25333.849609375,25336.94921875,25318.94921875,25331.849609375,0.0
2025-10-15 14:35:00+05:30,25333.05078125,25337.94921875,25323.75,25324.349609375,0.0
2025-10-15 14:40:00+05:30,25325.80078125,25336.849609375,25322.650390625,25330.5,0.0
2025-10-15 14:45:00+05:30,25331.05078125,25333.94921875,25296.599609375,25298.849609375,0.0
2025-10-15 14:50:00+05:30,25298.0,25317.19921875,25287.099609375,25312.900390625,0.0
2025-10-15 14:55:00+05:30,25314.05078125,25318.19921875,25308.5,25316.0,0.0
2025-10-15 15:00:00+05:30,25314.849609375,25316.650390625,25303.650390625,25312.5,0.0
2025-10-15 15:05:00+05:30,25312.400390625,25319.349609375,25310.099609375,25316.19921875,0.0
2025-10-15 15:10:00+05:30,25315.599609375,25330.0,25313.44921875,25327.94921875,0.0
2025-10-15 15:15:00+05:30,25328.19921875,25331.80078125,25324.75,25328.900390625,0.0
2025-10-15 15:20:00+05:30,25329.25,25334.69921875,25325.19921875,25333.150390625,0.0
2025-10-15 15:25:00+05:30,25332.94921875,25336.650390625,25323.849609375,25327.75,0.0
2025-10-16 09:15:00+05:30,25401.0,25424.650390625,25382.849609375,25412.150390625,0.0
2025-10-16 09:20:00+05:30,25412.5,25427.19921875,25401.650390625,25413.599609375,0.0
2025-10-16 09:25:00+05:30,25412.80078125,25430.150390625,25405.69921875,25424.19921875,0.0
2025-10-16 09:30:00+05:30,25424.75,25436.849609375,25420.80078125,25433.349609375,0.0
2025-10-16 09:35:00+05:30,25433.0,25440.349609375,25412.55078125,25413.80078125,0.0
2025-10-16 09:40:00+05:30,25414.099609375,25431.44921875,25412.0,25431.400390625,0.0
2025-10-16 09:45:00+05:30,25431.05078125,25441.099609375,25430.69921875,25437.849609375,0.0
2025-10-16 09:50:00+05:30,25438.25,25452.099609375,25431.849609375,25451.150390625,0.0
2025-10-16 09:55:00+05:30,25451.25,25452.75,25433.650390625,25434.55078125,0.0
2025-10-16 10:00:00+05:30,25434.75,25445.75,25429.19921875,25443.94921875,0.0
2025-10-16 10:05:00+05:30,25443.69921875,25445.099609375,25434.75,25437.30078125,0.0
2025-10-16 10:10:00+05:30,25436.25,25437.599609375,25422.349609375,25423.44921875,0.0
2025-10-16 10:15:00+05:30,25423.650390625,25438.900390625,25417.55078125,25436.900390625,0.0
2025-10-16 10:20:00+05:30,25437.19921875,25450.30078125,25433.849609375,25449.5,0.0
2025-10-16 10:25:00+05:30,25449.900390625,25459.099609375,25447.349609375,25453.25,0.0
2025-10-16 10:30:00+05:30,25452.900390625,25460.5,25451.05078125,25454.80078125,0.0
2025-10-16 10:35:00+05:30,25454.55078125,25457.599609375,25450.55078125,25456.44921875,0.0
2025-10-16 10:40:00+05:30,25456.5,25460.94921875,25452.349609375,25458.94921875,0.0
2025-10-16 10:45:00+05:30,25459.150390625,25465.75,25457.30078125,25462.19921875,0.0
2025-10-16 10:50:00+05:30,25462.69921875,25464.400390625,25453.900390625,25458.400390625,0.0
2025-10-16 10:55:00+05:30,25458.55078125,25468.75,25455.80078125,25467.5,0.0
2025-10-16 11:00:00+05:30,25467.849609375,25472.599609375,25462.099609375,25463.55078125,0.0
2025-10-16 11:05:00+05:30,25464.599609375,25466.0,25459.44921875,25464.650390625,0.0
2025-10-16 11:10:00+05:30,25465.0,25469.94921875,25461.44921875,25462.25,0.0
2025-10-16 11:15:00+05:30,25461.75,25465.150390625,25459.099609375,25461.19921875,0.0
2025-10-16 11:20:00+05:30,25461.5,25462.400390625,25450.25,25451.0,0.0
2025-10-16 11:25:00+05:30,25450.75,25460.150390625,25450.0,25459.650390625,0.0
2025-10-16 11:30:00+05:30,25459.30078125,25468.44921875,25452.30078125,25454.5,0.0
2025-10-16 11:35:00+05:30,25454.69921875,25456.849609375,25450.94921875,25453.650390625,0.0
2025-10-16 11:40:00+05:30,25453.75,25454.599609375,25445.25,25447.099609375,0.0
2025-10-16 11:45:00+05:30,25447.0,25449.0,25442.0,25442.650390625,0.0
2025-10-16 11:50:00+05:30,25442.0,25463.80078125,25441.599609375,25461.0,0.0
2025-10-16 11:55:00+05:30,25460.55078125,25460.55078125,25448.30078125,25451.349609375,0.0
2025-10-16 12:00:00+05:30,25450.650390625,25466.75,25450.44921875,25458.650390625,0.0
2025-10-16 12:05:00+05:30,25458.5,25462.599609375,25450.849609375,25455.0,0.0
2025-10-16 12:10:00+05:30,25455.44921875,25478.05078125,25454.44921875,25477.0,0.0
2025-10-16 12:15:00+05:30,25476.900390625,25485.099609375,25475.900390625,25479.05078125,0.0
2025-10-16 12:20:00+05:30,25477.55078125,25493.349609375,25474.75,25490.44921875,0.0
2025-10-16 12:25:00+05:30,25491.0,25500.599609375,25489.30078125,25496.0,0.0
2025-10-16 12:30:00+05:30,25496.25,25507.69921875,25496.25,25507.25,0.0
2025-10-16 12:35:00+05:30,25507.400390625,25512.349609375,25500.94921875,25510.650390625,0.0
2025-10-16 12:40:00+05:30,25510.650390625,25516.25,25505.25,25506.650390625,0.0
2025-10-16 12:45:00+05:30,25507.099609375,25507.94921875,25493.349609375,25497.69921875,0.0
2025-10-16 12:50:00+05:30,25497.55078125,25516.94921875,25497.400390625,25515.80078125,0.0
2025-10-16 12:55:00+05:30,25515.650390625,25518.849609375,25500.150390625,25503.849609375,0.0
2025-10-16 13:00:00+05:30,25503.80078125,25522.69921875,25499.400390625,25515.69921875,0.0
2025-10-16 13:05:00+05:30,25515.44921875,25517.599609375,25508.650390625,25508.75,0.0
2025-10-16 13:10:00+05:30,25509.650390625,25525.599609375,25509.19921875,25524.0,0.0
2025-10-16 13:15:00+05:30,25523.80078125,25527.30078125,25504.099609375,25505.0,0.0
2025-10-16 13:20:00+05:30,25506.400390625,25524.05078125,25504.25,25517.599609375,0.0
2025-10-16 13:25:00+05:30,25517.75,25529.75,25516.25,25524.849609375,0.0
2025-10-16 13:30:00+05:30,25525.150390625,25532.69921875,25518.80078125,25530.599609375,0.0
2025-10-16 13:35:00+05:30,25530.849609375,25534.599609375,25524.80078125,25527.400390625,0.0
2025-10-16 13:40:00+05:30,25526.94921875,25543.19921875,25515.19921875,25539.5,0.0
2025-10-16 13:45:00+05:30,25539.19921875,25544.099609375,25536.349609375,25539.0,0.0
2025-10-16 13:50:00+05:30,25538.80078125,25541.150390625,25526.94921875,25529.19921875,0.0
2025-10-16 13:55:00+05:30,25531.30078125,25541.75,25524.5,25540.0,0.0
2025-10-16 14:00:00+05:30,25539.75,25558.44921875,25538.400390625,25553.849609375,0.0
2025-10-16 14:05:00+05:30,25557.0,25576.400390625,25550.05078125,25573.900390625,0.0
2025-10-16 14:10:00+05:30,25572.80078125,25575.349609375,25550.94921875,25551.849609375,0.0
2025-10-16 14:15:00+05:30,25552.650390625,25565.25,25552.599609375,25560.05078125,0.0
2025-10-16 14:20:00+05:30,25560.19921875,25589.0,25557.599609375,25589.0,0.0
2025-10-16 14:25:00+05:30,25588.0,25588.400390625,25574.5,25581.25,0.0
2025-10-16 14:30:00+05:30,25581.25,25597.55078125,25577.94921875,25595.599609375,0.0
2025-10-16 14:35:00+05:30,25594.80078125,25621.75,25594.05078125,25602.099609375,0.0
2025-10-16 14:40:00+05:30,25601.5,25610.75,25599.099609375,25607.849609375,0.0
2025-10-16 14:45:00+05:30,25608.75,25622.650390625,25585.900390625,25593.650390625,0.0
2025-10-16 14:50:00+05:30,25593.69921875,25613.099609375,25581.55078125,25608.099609375,0.0
2025-10-16 14:55:00+05:30,25608.05078125,25624.80078125,25597.19921875,25621.0,0.0
2025-10-16 15:00:00+05:30,25621.849609375,25624.650390625,25591.44921875,25599.400390625,0.0
2025-10-16 15:05:00+05:30,25599.099609375,25599.099609375,25575.0,25584.55078125,0.0
2025-10-16 15:10:00+05:30,25583.75,25590.150390625,25566.650390625,25568.55078125,0.0
2025-10-16 15:15:00+05:30,25567.80078125,25582.900390625,25565.900390625,25573.599609375,0.0
2025-10-16 15:20:00+05:30,25572.75,25578.05078125,25569.0,25574.80078125,0.0
2025-10-16 15:25:00+05:30,25574.650390625,25577.75,25566.099609375,25566.30078125,0.0
2025-10-17 09:15:00+05:30,25541.30078125,25564.69921875,25508.94921875,25554.05078125,0.0
2025-10-17 09:20:00+05:30,25553.19921875,25563.69921875,25537.30078125,25556.44921875,0.0
2025-10-17 09:25:00+05:30,25556.5,25604.400390625,25547.55078125,25604.400390625,0.0
2025-10-17 09:30:00+05:30,25604.55078125,25609.55078125,25596.25,25606.900390625,0.0
2025-10-17 09:35:00+05:30,25606.75,25618.75,25599.30078125,25615.900390625,0.0
2025-10-17 09:40:00+05:30,25616.69921875,25623.599609375,25603.19921875,25618.900390625,0.0
2025-10-17 09:45:00+05:30,25619.05078125,25620.849609375,25575.55078125,25576.30078125,0.0
2025-10-17 09:50:00+05:30,25576.25,25595.19921875,25562.55078125,25593.44921875,0.0
2025-10-17 09:55:00+05:30,25593.650390625,25611.849609375,25591.650390625,25603.19921875,0.0
2025-10-17 10:00:00+05:30,25603.349609375,25624.25,25603.150390625,25618.75,0.0
2025-10-17 10:05:00+05:30,25617.849609375,25659.849609375,25617.05078125,25659.849609375,0.0
2025-10-17 10:10:00+05:30,25658.75,25677.0,25658.0,25670.150390625,0.0
2025-10-17 10:15:00+05:30,25670.150390625,25685.05078125,25667.900390625,25671.400390625,0.0
2025-10-17 10:20:00+05:30,25672.75,25676.5,25665.099609375,25673.05078125,0.0
2025-10-17 10:25:00+05:30,25671.94921875,25679.94921875,25670.69921875,25676.099609375,0.0
2025-10-17 10:30:00+05:30,25677.099609375,25693.05078125,25674.650390625,25691.099609375,0.0
2025-10-17 10:35:00+05:30,25691.349609375,25698.80078125,25676.80078125,25683.099609375,0.0
2025-10-17 10:40:00+05:30,25683.5,25692.5,25678.05078125,25689.69921875,0.0
2025-10-17 10:45:00+05:30,25692.94921875,25700.25,25684.900390625,25691.599609375,0.0
2025-10-17 10:50:00+05:30,25690.25,25712.25,25685.05078125,25707.25,0.0
2025-10-17 10:55:00+05:30,25707.599609375,25728.94921875,25706.5,25727.75,0.0
2025-10-17 11:00:00+05:30,25727.69921875,25750.650390625,25727.5,25739.5,0.0
2025-10-17 11:05:00+05:30,25739.80078125,25745.94921875,25727.05078125,25743.55078125,0.0
2025-10-17 11:10:00+05:30,25743.55078125,25757.94921875,25743.55078125,25750.650390625,0.0
2025-10-17 11:15:00+05:30,25751.05078125,25759.349609375,25749.44921875,25754.0,0.0
2025-10-17 11:20:00+05:30,25754.44921875,25759.900390625,25744.25,25753.0,0.0
2025-10-17 11:25:00+05:30,25753.25,25771.75,25750.55078125,25766.400390625,0.0
2025-10-17 11:30:00+05:30,25767.650390625,25774.55078125,25760.69921875,25769.19921875,0.0
2025-10-17 11:35:00+05:30,25770.19921875,25776.69921875,25759.349609375,25763.30078125,0.0
2025-10-17 11:40:00+05:30,25763.69921875,25764.69921875,25730.80078125,25743.349609375,0.0
2025-10-17 11:45:00+05:30,25742.05078125,25754.099609375,25728.5,25753.5,0.0
2025-10-17 11:50:00+05:30,25752.900390625,25752.900390625,25710.400390625,25741.55078125,0.0
2025-10-17 11:55:00+05:30,25741.05078125,25756.900390625,25730.5,25754.849609375,0.0
2025-10-17 12:00:00+05:30,25754.75,25761.349609375,25746.349609375,25759.599609375,0.0
2025-10-17 12:05:00+05:30,25761.55078125,25761.55078125,25750.25,25757.69921875,0.0
2025-10-17 12:10:00+05:30,25759.69921875,25768.650390625,25757.19921875,25760.599609375,0.0
2025-10-17 12:15:00+05:30,25763.94921875,25768.5,25738.69921875,25766.900390625,0.0
2025-10-17 12:20:00+05:30,25769.19921875,25774.75,25756.349609375,25774.44921875,0.0
2025-10-17 12:25:00+05:30,25775.44921875,25780.94921875,25769.25,25776.75,0.0
2025-10-17 12:30:00+05:30,25778.400390625,25778.55078125,25770.80078125,25774.099609375,0.0
2025-10-17 12:35:00+05:30,25775.55078125,25775.55078125,25756.44921875,25760.25,0.0
2025-10-17 12:40:00+05:30,25762.55078125,25766.30078125,25750.5,25756.400390625,0.0
2025-10-17 12:45:00+05:30,25757.650390625,25770.400390625,25719.150390625,25738.19921875,0.0
2025-10-17 12:50:00+05:30,25740.75,25740.75,25685.849609375,25698.44921875,0.0
2025-10-17 12:55:00+05:30,25700.900390625,25708.150390625,25684.75,25701.19921875,0.0
2025-10-17 13:00:00+05:30,25703.44921875,25716.25,25672.19921875,25674.849609375,0.0
2025-10-17 13:05:00+05:30,25675.849609375,25682.099609375,25652.80078125,25666.849609375,0.0
2025-10-17 13:10:00+05:30,25668.599609375,25687.900390625,25656.30078125,25668.75,0.0
2025-10-17 13:15:00+05:30,25670.25,25689.400390625,25663.650390625,25672.05078125,0.0
2025-10-17 13:20:00+05:30,25673.900390625,25698.5,25671.75,25688.150390625,0.0
2025-10-17 13:25:00+05:30,25689.650390625,25705.19921875,25676.80078125,25677.349609375,0.0
2025-10-17 13:30:00+05:30,25682.05078125,25684.19921875,25647.349609375,25650.69921875,0.0
2025-10-17 13:35:00+05:30,25652.099609375,25652.099609375,25620.44921875,25642.599609375,0.0
2025-10-17 13:40:00+05:30,25643.05078125,25675.150390625,25640.44921875,25663.19921875,0.0
2025-10-17 13:45:00+05:30,25664.55078125,25664.55078125,25642.650390625,25652.599609375,0.0
2025-10-17 13:50:00+05:30,25654.55078125,25657.599609375,25632.849609375,25642.599609375,0.0
2025-10-17 13:55:00+05:30,25644.5,25675.849609375,25637.650390625,25673.900390625,0.0
2025-10-17 14:00:00+05:30,25677.400390625,25679.05078125,25658.599609375,25674.0,0.0
2025-10-17 14:05:00+05:30,25675.55078125,25688.0,25666.69921875,25686.55078125,0.0
2025-10-17 14:10:00+05:30,25688.349609375,25709.099609375,25677.05078125,25682.099609375,0.0
2025-10-17 14:15:00+05:30,25683.94921875,25705.849609375,25658.25,25699.30078125,0.0
2025-10-17 14:20:00+05:30,25701.150390625,25715.5,25694.19921875,25710.25,0.0
2025-10-17 14:25:00+05:30,25711.849609375,25721.0,25679.5,25679.5,0.0
2025-10-17 14:30:00+05:30,25683.0,25707.19921875,25672.30078125,25705.44921875,0.0
2025-10-17 14:35:00+05:30,25706.94921875,25739.0,25704.349609375,25729.44921875,0.0
2025-10-17 14:40:00+05:30,25732.25,25742.0,25718.19921875,25731.099609375,0.0
2025-10-17 14:45:00+05:30,25732.80078125,25751.69921875,25719.55078125,25723.400390625,0.0
2025-10-17 14:50:00+05:30,25724.94921875,25733.94921875,25702.150390625,25729.150390625,0.0
2025-10-17 14:55:00+05:30,25731.349609375,25735.849609375,25721.599609375,25725.099609375,0.0
2025-10-17 15:00:00+05:30,25725.94921875,25725.94921875,25704.849609375,25710.650390625,0.0
2025-10-17 15:05:00+05:30,25712.150390625,25724.44921875,25710.0,25713.5,0.0
2025-10-17 15:10:00+05:30,25713.80078125,25713.80078125,25698.55078125,25708.349609375,0.0
2025-10-17 15:15:00+05:30,25708.30078125,25716.849609375,25703.400390625,25711.5,0.0
2025-10-17 15:20:00+05:30,25711.099609375,25717.349609375,25702.099609375,25703.900390625,0.0
2025-10-17 15:25:00+05:30,25703.400390625,25707.599609375,25696.0,25704.69921875,0.0
2025-10-20 09:15:00+05:30,25816.349609375,25915.400390625,25816.349609375,25902.80078125,0.0
2025-10-20 09:20:00+05:30,25903.25,25924.650390625,25859.150390625,25859.150390625,0.0
2025-10-20 09:25:00+05:30,25859.94921875,25880.44921875,25829.099609375,25878.650390625,0.0
2025-10-20 09:30:00+05:30,25879.400390625,25895.30078125,25865.44921875,25872.69921875,0.0
2025-10-20 09:35:00+05:30,25872.599609375,25882.30078125,25838.150390625,25852.30078125,0.0
2025-10-20 09:40:00+05:30,25851.900390625,25870.150390625,25835.0,25840.900390625,0.0
2025-10-20 09:45:00+05:30,25840.55078125,25845.69921875,25788.55078125,25820.19921875,0.0
2025-10-20 09:50:00+05:30,25820.150390625,25820.650390625,25797.75,25809.349609375,0.0
2025-10-20 09:55:00+05:30,25808.44921875,25834.75,25791.55078125,25808.55078125,0.0
2025-10-20 10:00:00+05:30,25806.849609375,25839.94921875,25795.900390625,25834.150390625,0.0
2025-10-20 10:05:00+05:30,25833.55078125,25852.30078125,25819.19921875,25838.44921875,0.0
2025-10-20 10:10:00+05:30,25837.55078125,25858.650390625,25835.349609375,25856.55078125,0.0
2025-10-20 10:15:00+05:30,25859.19921875,25862.44921875,25833.69921875,25843.55078125,0.0
2025-10-20 10:20:00+05:30,25844.05078125,25851.44921875,25831.599609375,25851.05078125,0.0
2025-10-20 10:25:00+05:30,25851.44921875,25854.25,25826.5,25832.900390625,0.0
2025-10-20 10:30:00+05:30,25832.05078125,25838.650390625,25816.349609375,25837.75,0.0
2025-10-20 10:35:00+05:30,25836.900390625,25860.30078125,25833.150390625,25857.30078125,0.0
2025-10-20 10:40:00+05:30,25857.44921875,25867.19921875,25847.05078125,25862.75,0.0
2025-10-20 10:45:00+05:30,25863.0,25885.349609375,25862.150390625,25883.849609375,0.0
2025-10-20 10:50:00+05:30,25883.05078125,25887.849609375,25876.900390625,25879.599609375,0.0
2025-10-20 10:55:00+05:30,25879.30078125,25886.75,25861.30078125,25881.0,0.0
2025-10-20 11:00:00+05:30,25879.400390625,25892.94921875,25869.0,25875.69921875,0.0
2025-10-20 11:05:00+05:30,25876.0,25881.30078125,25868.05078125,25877.099609375,0.0
2025-10-20 11:10:00+05:30,25877.150390625,25880.5,25866.150390625,25873.80078125,0.0
2025-10-20 11:15:00+05:30,25874.900390625,25878.25,25841.75,25846.19921875,0.0
2025-10-20 11:20:00+05:30,25847.19921875,25855.5,25838.30078125,25847.69921875,0.0
2025-10-20 11:25:00+05:30,25848.400390625,25857.80078125,25828.900390625,25854.900390625,0.0
2025-10-20 11:30:00+05:30,25855.400390625,25860.69921875,25834.30078125,25850.94921875,0.0
2025-10-20 11:35:00+05:30,25850.55078125,25855.900390625,25844.150390625,25847.94921875,0.0
2025-10-20 11:40:00+05:30,25849.650390625,25857.94921875,25822.349609375,25842.5,0.0
2025-10-20 11:45:00+05:30,25843.0,25848.05078125,25829.30078125,25844.099609375,0.0
2025-10-20 11:50:00+05:30,25843.75,25849.80078125,25835.099609375,25842.05078125,0.0
2025-10-20 11:55:00+05:30,25841.849609375,25847.0,25831.94921875,25843.349609375,0.0
2025-10-20 12:00:00+05:30,25844.05078125,25855.25,25839.44921875,25845.900390625,0.0
2025-10-20 12:05:00+05:30,25845.5,25853.44921875,25838.05078125,25849.5,0.0
2025-10-20 12:10:00+05:30,25849.69921875,25856.19921875,25849.05078125,25855.25,0.0
2025-10-20 12:15:00+05:30,25854.55078125,25860.69921875,25847.94921875,25849.150390625,0.0
2025-10-20 12:20:00+05:30,25848.75,25852.75,25838.44921875,25842.650390625,0.0
2025-10-20 12:25:00+05:30,25842.0,25856.0,25833.849609375,25849.0,0.0
2025-10-20 12:30:00+05:30,25847.849609375,25860.099609375,25840.94921875,25860.099609375,0.0
2025-10-20 12:35:00+05:30,25859.05078125,25864.099609375,25848.75,25857.650390625,0.0
2025-10-20 12:40:00+05:30,25857.94921875,25875.599609375,25854.30078125,25868.69921875,0.0
2025-10-20 12:45:00+05:30,25867.849609375,25872.849609375,25862.55078125,25868.30078125,0.0
2025-10-20 12:50:00+05:30,25870.650390625,25882.150390625,25868.849609375,25877.55078125,0.0
2025-10-20 12:55:00+05:30,25879.05078125,25889.150390625,25874.30078125,25885.349609375,0.0
2025-10-20 13:00:00+05:30,25885.19921875,25907.55078125,25882.55078125,25904.05078125,0.0
2025-10-20 13:05:00+05:30,25906.44921875,25910.25,25890.400390625,25895.44921875,0.0
2025-10-20 13:10:00+05:30,25895.400390625,25902.44921875,25888.80078125,25898.400390625,0.0
2025-10-20 13:15:00+05:30,25897.900390625,25901.5,25874.900390625,25886.400390625,0.0
2025-10-20 13:20:00+05:30,25885.80078125,25891.05078125,25879.650390625,25890.400390625,0.0
2025-10-20 13:25:00+05:30,25890.349609375,25893.849609375,25872.650390625,25888.150390625,0.0
2025-10-20 13:30:00+05:30,25888.55078125,25895.80078125,25881.599609375,25883.55078125,0.0
2025-10-20 13:35:00+05:30,25883.55078125,25887.19921875,25874.349609375,25884.80078125,0.0
2025-10-20 13:40:00+05:30,25884.75,25888.75,25870.05078125,25876.69921875,0.0
2025-10-20 13:45:00+05:30,25876.5,25885.0,25852.44921875,25854.19921875,0.0
2025-10-20 13:50:00+05:30,25854.19921875,25868.5,25837.650390625,25856.5,0.0
2025-10-20 13:55:00+05:30,25857.44921875,25865.94921875,25849.599609375,25854.400390625,0.0
2025-10-20 14:00:00+05:30,25854.150390625,25861.69921875,25846.400390625,25849.25,0.0
2025-10-20 14:05:00+05:30,25849.0,25860.30078125,25841.69921875,25845.94921875,0.0
2025-10-20 14:10:00+05:30,25845.55078125,25861.099609375,25843.30078125,25861.05078125,0.0
2025-10-20 14:15:00+05:30,25860.5,25884.150390625,25839.150390625,25844.05078125,0.0
2025-10-20 14:20:00+05:30,25844.05078125,25854.75,25827.19921875,25830.849609375,0.0
2025-10-20 14:25:00+05:30,25829.900390625,25834.44921875,25806.75,25817.150390625,0.0
2025-10-20 14:30:00+05:30,25817.099609375,25836.05078125,25805.80078125,25833.900390625,0.0
2025-10-20 14:35:00+05:30,25832.94921875,25835.94921875,25808.099609375,25815.55078125,0.0
2025-10-20 14:40:00+05:30,25815.400390625,25824.55078125,25812.44921875,25817.349609375,0.0
2025-10-20 14:45:00+05:30,25816.80078125,25833.349609375,25796.75,25830.55078125,0.0
2025-10-20 14:50:00+05:30,25829.849609375,25831.849609375,25811.0,25818.0,0.0
2025-10-20 14:55:00+05:30,25818.099609375,25837.099609375,25814.0,25821.650390625,0.0
2025-10-20 15:00:00+05:30,25821.650390625,25837.19921875,25814.19921875,25821.05078125,0.0
2025-10-20 15:05:00+05:30,25819.5,25850.099609375,25819.5,25850.099609375,0.0
2025-10-20 15:10:00+05:30,25848.55078125,25859.650390625,25838.650390625,25846.30078125,0.0
2025-10-20 15:15:00+05:30,25845.150390625,25860.05078125,25839.55078125,25841.5,0.0
2025-10-20 15:20:00+05:30,25841.25,25861.599609375,25839.55078125,25849.5,0.0
2025-10-20 15:25:00+05:30,25850.0,25854.099609375,25845.849609375,25850.69921875,0.0
2025-10-21 13:35:00+05:30,25901.19921875,25901.19921875,25901.19921875,25901.19921875,0.0
2025-10-21 13:40:00+05:30,25901.19921875,25901.19921875,25901.19921875,25901.19921875,0.0
2025-10-21 13:45:00+05:30,25897.400390625,25932.5,25891.900390625,25903.25,0.0
2025-10-21 13:50:00+05:30,25902.94921875,25910.650390625,25873.80078125,25901.150390625,0.0
2025-10-21 13:55:00+05:30,25901.80078125,25908.0,25890.150390625,25893.650390625,0.0
2025-10-21 14:00:00+05:30,25893.849609375,25897.80078125,25878.849609375,25895.75,0.0
2025-10-21 14:05:00+05:30,25894.849609375,25899.400390625,25888.94921875,25893.349609375,0.0
2025-10-21 14:10:00+05:30,25893.150390625,25900.849609375,25889.5,25896.900390625,0.0
2025-10-21 14:15:00+05:30,25897.0,25908.099609375,25893.55078125,25895.849609375,0.0
2025-10-21 14:20:00+05:30,25896.150390625,25898.05078125,25880.849609375,25886.349609375,0.0
2025-10-21 14:25:00+05:30,25886.5,25887.80078125,25873.150390625,25874.75,0.0
2025-10-21 14:30:00+05:30,25874.099609375,25874.099609375,25850.900390625,25865.94921875,0.0
2025-10-21 14:35:00+05:30,25863.849609375,25865.900390625,25839.650390625,25841.400390625,0.0
2025-10-21 14:40:00+05:30,25841.25,25845.150390625,25826.80078125,25833.30078125,0.0
2025-10-21 14:45:00+05:30,25826.25,25868.599609375,25826.25,25868.599609375,0.0
2025-10-23 09:15:00+05:30,26058.5,26058.5,25993.900390625,26003.75,0.0
2025-10-23 09:20:00+05:30,26003.19921875,26031.650390625,25991.849609375,26028.55078125,0.0
2025-10-23 09:25:00+05:30,26029.30078125,26056.599609375,26026.349609375,26053.099609375,0.0
2025-10-23 09:30:00+05:30,26055.25,26085.0,26050.5,26078.30078125,0.0
2025-10-23 09:35:00+05:30,26077.19921875,26094.75,26073.400390625,26080.25,0.0
2025-10-23 09:40:00+05:30,26080.19921875,26088.650390625,26070.150390625,26074.30078125,0.0
2025-10-23 09:45:00+05:30,26073.849609375,26084.44921875,26070.55078125,26072.94921875,0.0
2025-10-23 09:50:00+05:30,26072.5,26080.44921875,26054.5,26063.75,0.0
2025-10-23 09:55:00+05:30,26062.849609375,26064.5,26040.30078125,26058.900390625,0.0
2025-10-23 10:00:00+05:30,26058.400390625,26077.30078125,26058.400390625,26074.849609375,0.0
2025-10-23 10:05:00+05:30,26074.849609375,26091.44921875,26074.25,26088.650390625,0.0
2025-10-23 10:10:00+05:30,26089.400390625,26096.69921875,26086.05078125,26095.900390625,0.0
2025-10-23 10:15:00+05:30,26095.900390625,26099.599609375,26086.25,26089.30078125,0.0
2025-10-23 10:20:00+05:30,26089.25,26092.650390625,26074.400390625,26079.05078125,0.0
2025-10-23 10:25:00+05:30,26078.69921875,26089.75,26073.400390625,26073.400390625,0.0
2025-10-23 10:30:00+05:30,26072.80078125,26076.349609375,26066.599609375,26067.0,0.0
2025-10-23 10:35:00+05:30,26068.44921875,26082.5,26058.900390625,26080.55078125,0.0
2025-10-23 10:40:00+05:30,26079.599609375,26085.5,26066.849609375,26071.400390625,0.0
2025-10-23 10:45:00+05:30,26071.650390625,26072.0,26050.80078125,26053.900390625,0.0
2025-10-23 10:50:00+05:30,26053.30078125,26057.900390625,26047.599609375,26053.19921875,0.0
2025-10-23 10:55:00+05:30,26053.5,26065.44921875,26048.30078125,26063.400390625,0.0
2025-10-23 11:00:00+05:30,26064.099609375,26077.25,26059.69921875,26059.69921875,0.0
2025-10-23 11:05:00+05:30,26059.900390625,26064.19921875,26044.80078125,26047.30078125,0.0
2025-10-23 11:10:00+05:30,26048.150390625,26058.55078125,26044.0,26058.0,0.0
2025-10-23 11:15:00+05:30,26057.05078125,26059.25,26046.599609375,26054.150390625,0.0
2025-10-23 11:20:00+05:30,26054.150390625,26061.099609375,26051.099609375,26055.650390625,0.0
2025-10-23 11:25:00+05:30,26056.900390625,26064.19921875,26042.900390625,26047.0,0.0
2025-10-23 11:30:00+05:30,26047.19921875,26055.44921875,26041.900390625,26047.900390625,0.0
2025-10-23 11:35:00+05:30,26050.650390625,26056.650390625,26047.650390625,26049.599609375,0.0
2025-10-23 11:40:00+05:30,26050.349609375,26061.849609375,26047.650390625,26056.55078125,0.0
2025-10-23 11:45:00+05:30,26056.400390625,26069.69921875,26056.349609375,26068.55078125,0.0
2025-10-23 11:50:00+05:30,26066.80078125,26078.400390625,26064.30078125,26073.650390625,0.0
2025-10-23 11:55:00+05:30,26074.30078125,26084.5,26068.0,26082.55078125,0.0
2025-10-23 12:00:00+05:30,26083.30078125,26087.05078125,26069.80078125,26074.0,0.0
2025-10-23 12:05:00+05:30,26072.5,26076.849609375,26062.30078125,26072.5,0.0
2025-10-23 12:10:00+05:30,26073.400390625,26085.94921875,26071.0,26077.099609375,0.0
2025-10-23 12:15:00+05:30,26076.650390625,26082.94921875,26071.55078125,26073.349609375,0.0
2025-10-23 12:20:00+05:30,26073.94921875,26094.05078125,26069.25,26084.69921875,0.0
2025-10-23 12:25:00+05:30,26083.44921875,26090.849609375,26075.650390625,26086.150390625,0.0
2025-10-23 12:30:00+05:30,26086.55078125,26093.75,26085.099609375,26090.400390625,0.0
2025-10-23 12:35:00+05:30,26091.44921875,26096.44921875,26083.650390625,26093.69921875,0.0
2025-10-23 12:40:00+05:30,26094.849609375,26097.30078125,26081.75,26088.150390625,0.0
2025-10-23 12:45:00+05:30,26089.349609375,26103.80078125,26070.80078125,26078.150390625,0.0
2025-10-23 12:50:00+05:30,26078.05078125,26092.69921875,26070.150390625,26076.25,0.0
2025-10-23 12:55:00+05:30,26075.80078125,26080.05078125,26056.349609375,26057.400390625,0.0
2025-10-23 13:00:00+05:30,26058.099609375,26058.849609375,26046.650390625,26048.44921875,0.0
2025-10-23 13:05:00+05:30,26048.94921875,26061.900390625,26038.44921875,26050.30078125,0.0
2025-10-23 13:10:00+05:30,26050.05078125,26067.650390625,26042.900390625,26059.599609375,0.0
2025-10-23 13:15:00+05:30,26059.05078125,26076.05078125,26057.55078125,26075.94921875,0.0
2025-10-23 13:20:00+05:30,26075.25,26079.30078125,26050.599609375,26052.55078125,0.0
2025-10-23 13:25:00+05:30,26052.0,26055.150390625,26043.849609375,26047.69921875,0.0
2025-10-23 13:30:00+05:30,26047.099609375,26052.5,26020.30078125,26021.55078125,0.0
2025-10-23 13:35:00+05:30,26020.650390625,26030.94921875,26004.150390625,26020.75,0.0
2025-10-23 13:40:00+05:30,26020.75,26039.900390625,26014.94921875,26026.5,0.0
2025-10-23 13:45:00+05:30,26025.900390625,26028.5,26016.400390625,26025.150390625,0.0
2025-10-23 13:50:00+05:30,26025.30078125,26036.599609375,26011.849609375,26014.5,0.0
2025-10-23 13:55:00+05:30,26014.650390625,26016.849609375,25988.150390625,25990.0,0.0
2025-10-23 14:00:00+05:30,25988.849609375,25990.650390625,25972.69921875,25985.19921875,0.0
2025-10-23 14:05:00+05:30,25983.75,25984.25,25968.599609375,25976.25,0.0
2025-10-23 14:10:00+05:30,25976.44921875,25978.099609375,25946.69921875,25958.55078125,0.0
2025-10-23 14:15:00+05:30,25958.19921875,25969.849609375,25949.94921875,25960.349609375,0.0
2025-10-23 14:20:00+05:30,25960.400390625,25960.400390625,25937.80078125,25946.94921875,0.0
2025-10-23 14:25:00+05:30,25946.150390625,25959.0,25926.400390625,25943.05078125,0.0
2025-10-23 14:30:00+05:30,25942.55078125,25948.5,25929.150390625,25939.05078125,0.0
2025-10-23 14:35:00+05:30,25938.80078125,25957.55078125,25930.0,25947.80078125,0.0
2025-10-23 14:40:00+05:30,25946.599609375,25992.44921875,25941.150390625,25980.94921875,0.0
2025-10-23 14:45:00+05:30,25981.599609375,25996.849609375,25977.0,25982.55078125,0.0
2025-10-23 14:50:00+05:30,25982.650390625,25983.05078125,25955.150390625,25967.5,0.0
2025-10-23 14:55:00+05:30,25966.80078125,25976.19921875,25946.900390625,25951.099609375,0.0
2025-10-23 15:00:00+05:30,25954.19921875,25954.55078125,25906.05078125,25907.55078125,0.0
2025-10-23 15:05:00+05:30,25907.30078125,25918.75,25880.25,25885.30078125,0.0
2025-10-23 15:10:00+05:30,25887.05078125,25887.05078125,25863.5,25865.349609375,0.0
2025-10-23 15:15:00+05:30,25864.5,25900.30078125,25862.599609375,25900.30078125,0.0
2025-10-23 15:20:00+05:30,25899.349609375,25899.349609375,25869.80078125,25872.80078125,0.0
2025-10-23 15:25:00+05:30,25870.75,25880.05078125,25866.25,25870.30078125,0.0
2025-10-24 09:15:00+05:30,25939.30078125,25939.30078125,25846.05078125,25850.80078125,0.0
2025-10-24 09:20:00+05:30,25851.150390625,25892.400390625,25840.400390625,25886.0,0.0
2025-10-24 09:25:00+05:30,25886.30078125,25893.30078125,25859.5,25886.400390625,0.0
2025-10-24 09:30:00+05:30,25885.849609375,25887.599609375,25864.5,25875.400390625,0.0
2025-10-24 09:35:00+05:30,25876.150390625,25914.69921875,25862.55078125,25914.30078125,0.0
2025-10-24 09:40:00+05:30,25913.19921875,25913.30078125,25883.44921875,25903.5,0.0
2025-10-24 09:45:00+05:30,25903.5,25904.150390625,25881.94921875,25883.19921875,0.0
2025-10-24 09:50:00+05:30,25883.75,25883.75,25864.099609375,25865.30078125,0.0
2025-10-24 09:55:00+05:30,25865.69921875,25894.0,25865.19921875,25893.099609375,0.0
2025-10-24 10:00:00+05:30,25893.19921875,25901.900390625,25884.69921875,25885.900390625,0.0
2025-10-24 10:05:00+05:30,25885.599609375,25902.650390625,25880.94921875,25901.30078125,0.0
2025-10-24 10:10:00+05:30,25900.900390625,25903.0,25873.849609375,25876.19921875,0.0
2025-10-24 10:15:00+05:30,25875.75,25875.75,25834.400390625,25834.400390625,0.0
2025-10-24 10:20:00+05:30,25834.900390625,25844.849609375,25824.94921875,25836.75,0.0
2025-10-24 10:25:00+05:30,25837.25,25843.25,25822.099609375,25826.94921875,0.0
2025-10-24 10:30:00+05:30,25826.650390625,25834.5,25816.349609375,25832.150390625,0.0
2025-10-24 10:35:00+05:30,25832.849609375,25840.099609375,25829.400390625,25830.349609375,0.0
2025-10-24 10:40:00+05:30,25830.44921875,25830.44921875,25811.44921875,25819.80078125,0.0
2025-10-24 10:45:00+05:30,25820.25,25827.900390625,25810.55078125,25826.5,0.0
2025-10-24 10:50:00+05:30,25826.55078125,25831.30078125,25820.0,25823.849609375,0.0
2025-10-24 10:55:00+05:30,25823.650390625,25825.5,25812.650390625,25825.05078125,0.0
2025-10-24 11:00:00+05:30,25824.599609375,25832.25,25815.75,25821.400390625,0.0
2025-10-24 11:05:00+05:30,25820.099609375,25829.80078125,25796.5,25811.05078125,0.0
2025-10-24 11:10:00+05:30,25812.05078125,25835.44921875,25800.650390625,25827.30078125,0.0
2025-10-24 11:15:00+05:30,25826.30078125,25829.150390625,25811.05078125,25816.349609375,0.0
2025-10-24 11:20:00+05:30,25816.44921875,25830.44921875,25811.150390625,25827.599609375,0.0
2025-10-24 11:25:00+05:30,25827.5,25827.5,25799.900390625,25801.849609375,0.0
2025-10-24 11:30:00+05:30,25801.349609375,25812.650390625,25783.75,25812.150390625,0.0
2025-10-24 11:35:00+05:30,25812.05078125,25824.75,25800.0,25812.75,0.0
2025-10-24 11:40:00+05:30,25812.80078125,25839.400390625,25811.55078125,25837.099609375,0.0
2025-10-24 11:45:00+05:30,25836.900390625,25847.19921875,25833.150390625,25833.44921875,0.0
2025-10-24 11:50:00+05:30,25833.55078125,25850.5,25831.69921875,25833.5,0.0
2025-10-24 11:55:00+05:30,25833.05078125,25838.849609375,25821.69921875,25821.80078125,0.0
2025-10-24 12:00:00+05:30,25821.150390625,25828.19921875,25815.099609375,25821.650390625,0.0
2025-10-24 12:05:00+05:30,25822.30078125,25852.44921875,25820.849609375,25852.0,0.0
2025-10-24 12:10:00+05:30,25851.150390625,25857.849609375,25845.099609375,25850.44921875,0.0
2025-10-24 12:15:00+05:30,25850.25,25852.650390625,25838.25,25840.25,0.0
2025-10-24 12:20:00+05:30,25840.30078125,25868.400390625,25837.900390625,25868.19921875,0.0
2025-10-24 12:25:00+05:30,25867.849609375,25874.69921875,25841.650390625,25843.55078125,0.0
2025-10-24 12:30:00+05:30,25843.400390625,25845.69921875,25831.400390625,25836.849609375,0.0
2025-10-24 12:35:00+05:30,25838.650390625,25852.900390625,25836.400390625,25851.900390625,0.0
2025-10-24 12:40:00+05:30,25851.5,25853.150390625,25827.0,25842.44921875,0.0
2025-10-24 12:45:00+05:30,25841.150390625,25845.69921875,25835.30078125,25835.94921875,0.0
2025-10-24 12:50:00+05:30,25835.05078125,25838.0,25814.55078125,25816.75,0.0
2025-10-24 12:55:00+05:30,25816.75,25821.5,25806.0,25810.69921875,0.0
2025-10-24 13:00:00+05:30,25810.75,25824.099609375,25807.80078125,25822.900390625,0.0
2025-10-24 13:05:00+05:30,25822.75,25825.75,25807.0,25817.44921875,0.0
2025-10-24 13:10:00+05:30,25816.69921875,25826.94921875,25814.0,25825.94921875,0.0
2025-10-24 13:15:00+05:30,25826.400390625,25831.099609375,25802.25,25810.5,0.0
2025-10-24 13:20:00+05:30,25809.599609375,25817.349609375,25789.44921875,25792.80078125,0.0
2025-10-24 13:25:00+05:30,25792.80078125,25797.900390625,25770.400390625,25771.5,0.0
2025-10-24 13:30:00+05:30,25771.0,25784.80078125,25755.900390625,25755.900390625,0.0
2025-10-24 13:35:00+05:30,25755.55078125,25774.099609375,25732.55078125,25736.0,0.0
2025-10-24 13:40:00+05:30,25736.44921875,25745.55078125,25722.0,25724.400390625,0.0
2025-10-24 13:45:00+05:30,25724.400390625,25737.5,25723.349609375,25730.0,0.0
2025-10-24 13:50:00+05:30,25730.150390625,25739.900390625,25718.650390625,25739.900390625,0.0
2025-10-24 13:55:00+05:30,25740.05078125,25747.25,25728.150390625,25739.599609375,0.0
2025-10-24 14:00:00+05:30,25739.44921875,25746.30078125,25733.75,25743.849609375,0.0
2025-10-24 14:05:00+05:30,25744.0,25753.150390625,25736.19921875,25744.69921875,0.0
2025-10-24 14:10:00+05:30,25744.599609375,25774.400390625,25744.55078125,25755.400390625,0.0
2025-10-24 14:15:00+05:30,25755.400390625,25773.30078125,25754.5,25763.5,0.0
2025-10-24 14:20:00+05:30,25763.5,25773.55078125,25749.55078125,25764.650390625,0.0
2025-10-24 14:25:00+05:30,25764.349609375,25779.69921875,25761.94921875,25775.599609375,0.0
2025-10-24 14:30:00+05:30,25776.349609375,25784.30078125,25757.19921875,25759.400390625,0.0
2025-10-24 14:35:00+05:30,25758.349609375,25774.05078125,25748.400390625,25750.55078125,0.0
2025-10-24 14:40:00+05:30,25749.80078125,25758.650390625,25747.900390625,25752.5,0.0
2025-10-24 14:45:00+05:30,25751.599609375,25763.0,25741.099609375,25747.0,0.0
2025-10-24 14:50:00+05:30,25747.55078125,25749.349609375,25737.94921875,25748.5,0.0
2025-10-24 14:55:00+05:30,25748.75,25752.150390625,25739.69921875,25744.099609375,0.0
2025-10-24 15:00:00+05:30,25745.44921875,25803.349609375,25745.44921875,25794.05078125,0.0
2025-10-24 15:05:00+05:30,25794.69921875,25806.05078125,25793.55078125,25804.80078125,0.0
2025-10-24 15:10:00+05:30,25806.349609375,25807.75,25787.900390625,25799.5,0.0
2025-10-24 15:15:00+05:30,25798.94921875,25805.599609375,25798.30078125,25804.94921875,0.0
2025-10-24 15:20:00+05:30,25804.650390625,25809.25,25791.75,25796.44921875,0.0
2025-10-24 15:25:00+05:30,25797.400390625,25804.69921875,25790.150390625,25797.44921875,0.0
2025-10-27 09:15:00+05:30,25851.94921875,25877.599609375,25828.099609375,25861.400390625,0.0
2025-10-27 09:20:00+05:30,25862.849609375,25882.900390625,25862.849609375,25880.94921875,0.0
2025-10-27 09:25:00+05:30,25880.099609375,25891.0,25867.25,25889.05078125,0.0
2025-10-27 09:30:00+05:30,25889.150390625,25899.25,25880.94921875,25896.55078125,0.0
2025-10-27 09:35:00+05:30,25897.05078125,25927.0,25895.94921875,25921.5,0.0
2025-10-27 09:40:00+05:30,25921.69921875,25944.650390625,25919.75,25937.19921875,0.0
2025-10-27 09:45:00+05:30,25937.400390625,25942.44921875,25926.30078125,25941.80078125,0.0
2025-10-27 09:50:00+05:30,25941.650390625,25945.19921875,25926.55078125,25943.25,0.0
2025-10-27 09:55:00+05:30,25943.44921875,25946.44921875,25931.650390625,25935.849609375,0.0
2025-10-27 10:00:00+05:30,25935.75,25942.400390625,25920.69921875,25929.94921875,0.0
2025-10-27 10:05:00+05:30,25930.25,25967.44921875,25926.599609375,25964.19921875,0.0
2025-10-27 10:10:00+05:30,25964.349609375,25974.849609375,25955.69921875,25961.849609375,0.0
2025-10-27 10:15:00+05:30,25962.75,25970.19921875,25957.25,25966.5,0.0
2025-10-27 10:20:00+05:30,25965.75,25976.650390625,25964.349609375,25975.30078125,0.0
2025-10-27 10:25:00+05:30,25974.900390625,25978.650390625,25964.900390625,25970.25,0.0
2025-10-27 10:30:00+05:30,25969.80078125,25971.150390625,25956.75,25965.05078125,0.0
2025-10-27 10:35:00+05:30,25965.55078125,25965.55078125,25946.75,25957.30078125,0.0
2025-10-27 10:40:00+05:30,25957.5,25966.900390625,25955.94921875,25963.5,0.0
2025-10-27 10:45:00+05:30,25963.75,25966.44921875,25956.19921875,25956.849609375,0.0
2025-10-27 10:50:00+05:30,25957.5,25966.0,25949.55078125,25955.80078125,0.0
2025-10-27 10:55:00+05:30,25955.30078125,25967.80078125,25952.150390625,25966.44921875,0.0
2025-10-27 11:00:00+05:30,25966.55078125,25979.400390625,25960.44921875,25967.69921875,0.0
2025-10-27 11:05:00+05:30,25968.900390625,25976.05078125,25960.30078125,25970.69921875,0.0
2025-10-27 11:10:00+05:30,25973.099609375,25981.30078125,25969.75,25976.30078125,0.0
2025-10-27 11:15:00+05:30,25975.650390625,25980.94921875,25965.80078125,25968.19921875,0.0
2025-10-27 11:20:00+05:30,25968.69921875,25981.650390625,25967.099609375,25980.44921875,0.0
2025-10-27 11:25:00+05:30,25981.849609375,25986.900390625,25973.69921875,25977.849609375,0.0
2025-10-27 11:30:00+05:30,25978.44921875,25979.349609375,25969.5,25972.19921875,0.0
2025-10-27 11:35:00+05:30,25972.400390625,25978.650390625,25969.30078125,25973.05078125,0.0
2025-10-27 11:40:00+05:30,25973.650390625,25975.099609375,25955.150390625,25957.25,0.0
2025-10-27 11:45:00+05:30,25957.19921875,25964.349609375,25946.25,25961.69921875,0.0
2025-10-27 11:50:00+05:30,25961.150390625,25972.80078125,25959.849609375,25971.099609375,0.0
2025-10-27 11:55:00+05:30,25971.30078125,25995.099609375,25971.30078125,25994.900390625,0.0
2025-10-27 12:00:00+05:30,25994.94921875,26001.44921875,25993.150390625,25997.099609375,0.0
2025-10-27 12:05:00+05:30,25998.0,26004.900390625,25989.80078125,25993.650390625,0.0
2025-10-27 12:10:00+05:30,25993.849609375,25998.099609375,25990.94921875,25996.25,0.0
2025-10-27 12:15:00+05:30,25996.849609375,26001.099609375,25987.349609375,25990.5,0.0
2025-10-27 12:20:00+05:30,25991.05078125,25991.400390625,25982.599609375,25987.0,0.0
2025-10-27 12:25:00+05:30,25987.75,25993.80078125,25965.69921875,25968.900390625,0.0
2025-10-27 12:30:00+05:30,25969.900390625,25977.75,25957.150390625,25976.0,0.0
2025-10-27 12:35:00+05:30,25975.94921875,25979.30078125,25966.69921875,25977.94921875,0.0
2025-10-27 12:40:00+05:30,25977.25,25980.69921875,25969.80078125,25974.30078125,0.0
2025-10-27 12:45:00+05:30,25974.900390625,25983.0,25964.5,25964.69921875,0.0
2025-10-27 12:50:00+05:30,25964.44921875,25977.05078125,25956.30078125,25976.94921875,0.0
2025-10-27 12:55:00+05:30,25978.0,25979.5,25971.5,25974.400390625,0.0
2025-10-27 13:00:00+05:30,25974.69921875,25977.650390625,25967.44921875,25971.69921875,0.0
2025-10-27 13:05:00+05:30,25972.0,25972.94921875,25962.55078125,25963.900390625,0.0
2025-10-27 13:10:00+05:30,25964.849609375,25972.0,25958.25,25970.599609375,0.0
2025-10-27 13:15:00+05:30,25970.650390625,25971.0,25937.30078125,25940.0,0.0
2025-10-27 13:20:00+05:30,25940.099609375,25944.099609375,25918.400390625,25943.44921875,0.0
2025-10-27 13:25:00+05:30,25943.599609375,25948.94921875,25934.19921875,25939.55078125,0.0
2025-10-27 13:30:00+05:30,25940.25,25940.25,25924.849609375,25925.44921875,0.0
2025-10-27 13:35:00+05:30,25926.849609375,25942.94921875,25921.05078125,25941.30078125,0.0
2025-10-27 13:40:00+05:30,25942.099609375,25944.849609375,25932.44921875,25944.650390625,0.0
2025-10-27 13:45:00+05:30,25944.44921875,25947.75,25934.44921875,25947.75,0.0
2025-10-27 13:50:00+05:30,25948.0,25966.099609375,25947.80078125,25963.5,0.0
2025-10-27 13:55:00+05:30,25963.150390625,25963.30078125,25949.5,25954.25,0.0
2025-10-27 14:00:00+05:30,25954.30078125,25960.849609375,25948.55078125,25956.150390625,0.0
2025-10-27 14:05:00+05:30,25958.349609375,25964.099609375,25952.94921875,25959.099609375,0.0
2025-10-27 14:10:00+05:30,25958.849609375,25959.400390625,25936.099609375,25938.5,0.0
2025-10-27 14:15:00+05:30,25939.30078125,25984.099609375,25938.05078125,25983.150390625,0.0
2025-10-27 14:20:00+05:30,25983.5,25983.5,25960.94921875,25976.80078125,0.0
2025-10-27 14:25:00+05:30,25977.0,25979.400390625,25969.849609375,25977.80078125,0.0
2025-10-27 14:30:00+05:30,25977.150390625,25984.900390625,25972.75,25978.75,0.0
2025-10-27 14:35:00+05:30,25979.0,25983.150390625,25968.5,25969.349609375,0.0
2025-10-27 14:40:00+05:30,25970.05078125,25972.349609375,25960.400390625,25967.05078125,0.0
2025-10-27 14:45:00+05:30,25967.19921875,25971.400390625,25929.349609375,25929.849609375,0.0
2025-10-27 14:50:00+05:30,25929.19921875,25957.30078125,25926.75,25949.44921875,0.0
2025-10-27 14:55:00+05:30,25949.75,25960.05078125,25945.650390625,25958.19921875,0.0
2025-10-27 15:00:00+05:30,25958.400390625,25968.599609375,25947.650390625,25948.5,0.0
2025-10-27 15:05:00+05:30,25948.650390625,25970.150390625,25945.80078125,25968.900390625,0.0
2025-10-27 15:10:00+05:30,25970.19921875,25970.650390625,25961.69921875,25963.80078125,0.0
2025-10-27 15:15:00+05:30,25963.75,25969.349609375,25958.05078125,25968.05078125,0.0
2025-10-27 15:20:00+05:30,25968.650390625,25970.599609375,25962.400390625,25967.25,0.0
2025-10-27 15:25:00+05:30,25966.94921875,25981.0,25966.94921875,25974.0,0.0
2025-10-28 09:15:00+05:30,25937.099609375,26004.05078125,25937.099609375,25968.099609375,0.0
2025-10-28 09:20:00+05:30,25968.05078125,25999.19921875,25952.599609375,25971.349609375,0.0
2025-10-28 09:25:00+05:30,25971.849609375,25988.849609375,25956.099609375,25988.849609375,0.0
2025-10-28 09:30:00+05:30,25987.44921875,26032.69921875,25978.099609375,26028.80078125,0.0
2025-10-28 09:35:00+05:30,26028.650390625,26039.25,26024.400390625,26024.400390625,0.0
2025-10-28 09:40:00+05:30,26024.849609375,26040.900390625,26007.55078125,26019.5,0.0
2025-10-28 09:45:00+05:30,26019.599609375,26027.30078125,26005.19921875,26009.5,0.0
2025-10-28 09:50:00+05:30,26010.099609375,26013.30078125,25959.849609375,25971.44921875,0.0
2025-10-28 09:55:00+05:30,25973.400390625,25981.900390625,25956.05078125,25970.30078125,0.0
2025-10-28 10:00:00+05:30,25969.5,25970.05078125,25927.44921875,25928.650390625,0.0
2025-10-28 10:05:00+05:30,25928.650390625,25932.349609375,25895.55078125,25907.19921875,0.0
2025-10-28 10:10:00+05:30,25907.55078125,25907.900390625,25886.55078125,25905.25,0.0
2025-10-28 10:15:00+05:30,25905.099609375,25912.5,25893.05078125,25901.349609375,0.0
2025-10-28 10:20:00+05:30,25901.099609375,25910.150390625,25886.900390625,25898.400390625,0.0
2025-10-28 10:25:00+05:30,25899.25,25908.349609375,25887.900390625,25901.5,0.0
2025-10-28 10:30:00+05:30,25901.150390625,25902.5,25871.400390625,25880.80078125,0.0
2025-10-28 10:35:00+05:30,25880.900390625,25885.55078125,25866.80078125,25870.650390625,0.0
2025-10-28 10:40:00+05:30,25873.150390625,25893.44921875,25870.94921875,25891.150390625,0.0
2025-10-28 10:45:00+05:30,25891.349609375,25904.349609375,25882.650390625,25889.69921875,0.0
2025-10-28 10:50:00+05:30,25889.5,25889.900390625,25857.75,25858.25,0.0
2025-10-28 10:55:00+05:30,25857.80078125,25867.099609375,25854.150390625,25862.5,0.0
2025-10-28 11:00:00+05:30,25861.650390625,25865.05078125,25840.19921875,25841.94921875,0.0
2025-10-28 11:05:00+05:30,25842.44921875,25855.25,25840.75,25852.80078125,0.0
2025-10-28 11:10:00+05:30,25853.25,25858.349609375,25847.55078125,25852.30078125,0.0
2025-10-28 11:15:00+05:30,25852.25,25867.94921875,25844.69921875,25862.05078125,0.0
2025-10-28 11:20:00+05:30,25862.0,25876.19921875,25858.5,25871.55078125,0.0
2025-10-28 11:25:00+05:30,25870.5,25892.69921875,25870.5,25880.19921875,0.0
2025-10-28 11:30:00+05:30,25879.80078125,25893.849609375,25872.5,25872.5,0.0
2025-10-28 11:35:00+05:30,25872.849609375,25882.849609375,25869.75,25881.150390625,0.0
2025-10-28 11:40:00+05:30,25881.19921875,25894.5,25877.099609375,25878.05078125,0.0
2025-10-28 11:45:00+05:30,25877.5,25891.55078125,25869.599609375,25887.5,0.0
2025-10-28 11:50:00+05:30,25887.69921875,25899.400390625,25877.0,25877.05078125,0.0
2025-10-28 11:55:00+05:30,25877.150390625,25880.19921875,25848.650390625,25848.650390625,0.0
2025-10-28 12:00:00+05:30,25848.75,25855.30078125,25843.25,25845.150390625,0.0
2025-10-28 12:05:00+05:30,25845.25,25849.80078125,25827.150390625,25836.099609375,0.0
2025-10-28 12:10:00+05:30,25836.0,25850.349609375,25826.400390625,25843.650390625,0.0
2025-10-28 12:15:00+05:30,25843.94921875,25855.150390625,25829.650390625,25851.75,0.0
2025-10-28 12:20:00+05:30,25852.19921875,25869.75,25849.150390625,25868.349609375,0.0
2025-10-28 12:25:00+05:30,25868.05078125,25875.55078125,25863.25,25863.25,0.0
2025-10-28 12:30:00+05:30,25862.599609375,25876.19921875,25854.25,25873.94921875,0.0
2025-10-28 12:35:00+05:30,25872.80078125,25905.599609375,25872.25,25899.69921875,0.0
2025-10-28 12:40:00+05:30,25899.30078125,25931.69921875,25898.55078125,25929.0,0.0
2025-10-28 12:45:00+05:30,25930.150390625,25941.900390625,25912.55078125,25917.05078125,0.0
2025-10-28 12:50:00+05:30,25919.94921875,25945.650390625,25911.94921875,25940.94921875,0.0
2025-10-28 12:55:00+05:30,25939.650390625,25947.19921875,25923.650390625,25935.44921875,0.0
2025-10-28 13:00:00+05:30,25934.75,25949.05078125,25919.150390625,25919.150390625,0.0
2025-10-28 13:05:00+05:30,25919.099609375,25944.19921875,25910.69921875,25940.849609375,0.0
2025-10-28 13:10:00+05:30,25939.900390625,25941.599609375,25924.05078125,25926.349609375,0.0
2025-10-28 13:15:00+05:30,25926.05078125,25938.599609375,25902.25,25926.80078125,0.0
2025-10-28 13:20:00+05:30,25927.19921875,25939.900390625,25920.80078125,25939.5,0.0
2025-10-28 13:25:00+05:30,25939.849609375,25956.0,25934.900390625,25943.05078125,0.0
2025-10-28 13:30:00+05:30,25940.0,25953.849609375,25937.94921875,25939.150390625,0.0
2025-10-28 13:35:00+05:30,25938.80078125,25939.75,25924.19921875,25930.849609375,0.0
2025-10-28 13:40:00+05:30,25930.150390625,25930.650390625,25879.599609375,25879.599609375,0.0
2025-10-28 13:45:00+05:30,25878.94921875,25901.69921875,25869.5,25882.0,0.0
2025-10-28 13:50:00+05:30,25882.150390625,25889.69921875,25867.25,25873.849609375,0.0
2025-10-28 13:55:00+05:30,25873.400390625,25888.25,25858.75,25882.349609375,0.0
2025-10-28 14:00:00+05:30,25882.5,25900.25,25857.80078125,25857.900390625,0.0
2025-10-28 14:05:00+05:30,25857.94921875,25868.650390625,25845.44921875,25862.650390625,0.0
2025-10-28 14:10:00+05:30,25861.599609375,25876.19921875,25841.55078125,25873.69921875,0.0
2025-10-28 14:15:00+05:30,25872.650390625,25876.94921875,25845.25,25852.55078125,0.0
2025-10-28 14:20:00+05:30,25852.150390625,25860.75,25842.349609375,25851.599609375,0.0
2025-10-28 14:25:00+05:30,25850.94921875,25854.599609375,25810.5,25833.5,0.0
2025-10-28 14:30:00+05:30,25832.94921875,25834.05078125,25820.5,25830.94921875,0.0
2025-10-28 14:35:00+05:30,25830.0,25846.80078125,25818.5,25833.150390625,0.0
2025-10-28 14:40:00+05:30,25832.80078125,25846.75,25825.69921875,25826.75,0.0
2025-10-28 14:45:00+05:30,25825.05078125,25856.0,25817.75,25817.75,0.0
2025-10-28 14:50:00+05:30,25817.75,25848.75,25814.599609375,25834.25,0.0
2025-10-28 14:55:00+05:30,25833.599609375,25868.650390625,25832.650390625,25850.599609375,0.0
2025-10-28 15:00:00+05:30,25852.69921875,25921.150390625,25852.69921875,25920.150390625,0.0
2025-10-28 15:05:00+05:30,25917.05078125,25940.849609375,25908.150390625,25918.849609375,0.0
2025-10-28 15:10:00+05:30,25916.69921875,25948.75,25912.05078125,25943.0,0.0
2025-10-28 15:15:00+05:30,25941.849609375,25966.55078125,25941.75,25962.19921875,0.0
2025-10-28 15:20:00+05:30,25959.650390625,25966.69921875,25944.900390625,25950.599609375,0.0
2025-10-28 15:25:00+05:30,25948.400390625,25968.150390625,25940.55078125,25965.400390625,0.0
2025-10-29 09:15:00+05:30,25979.900390625,26022.05078125,25968.349609375,25979.75,0.0
2025-10-29 09:20:00+05:30,25980.55078125,25992.5,25968.400390625,25988.55078125,0.0
2025-10-29 09:25:00+05:30,25990.30078125,26016.849609375,25988.150390625,26010.0,0.0
2025-10-29 09:30:00+05:30,26010.75,26024.80078125,25996.30078125,25996.349609375,0.0
2025-10-29 09:35:00+05:30,25996.900390625,25996.900390625,25963.349609375,25965.19921875,0.0
2025-10-29 09:40:00+05:30,25965.69921875,25975.25,25960.55078125,25972.30078125,0.0
2025-10-29 09:45:00+05:30,25970.55078125,25995.5,25965.0,25968.150390625,0.0
2025-10-29 09:50:00+05:30,25968.150390625,25988.75,25966.0,25988.19921875,0.0
2025-10-29 09:55:00+05:30,25988.400390625,25995.599609375,25979.25,25983.69921875,0.0
2025-10-29 10:00:00+05:30,25983.599609375,26004.94921875,25983.599609375,25995.55078125,0.0
2025-10-29 10:05:00+05:30,25996.0,25999.19921875,25986.099609375,25998.650390625,0.0
2025-10-29 10:10:00+05:30,25997.80078125,26016.25,25994.30078125,25997.69921875,0.0
2025-10-29 10:15:00+05:30,25998.19921875,26003.94921875,25987.650390625,25987.94921875,0.0
2025-10-29 10:20:00+05:30,25988.75,26018.44921875,25988.75,26012.0,0.0
2025-10-29 10:25:00+05:30,26012.30078125,26042.349609375,26011.44921875,26040.400390625,0.0
2025-10-29 10:30:00+05:30,26040.900390625,26064.0,26038.349609375,26061.25,0.0
2025-10-29 10:35:00+05:30,26060.75,26062.30078125,26043.30078125,26043.75,0.0
2025-10-29 10:40:00+05:30,26043.650390625,26050.44921875,26040.75,26046.150390625,0.0
2025-10-29 10:45:00+05:30,26045.80078125,26050.599609375,26034.75,26036.30078125,0.0
2025-10-29 10:50:00+05:30,26035.05078125,26040.5,26022.0,26024.900390625,0.0
2025-10-29 10:55:00+05:30,26023.599609375,26047.599609375,26022.55078125,26041.400390625,0.0
2025-10-29 11:00:00+05:30,26040.30078125,26046.94921875,26031.599609375,26032.900390625,0.0
2025-10-29 11:05:00+05:30,26032.69921875,26038.099609375,26030.349609375,26035.5,0.0
2025-10-29 11:10:00+05:30,26035.69921875,26045.349609375,26017.69921875,26022.44921875,0.0
2025-10-29 11:15:00+05:30,26022.30078125,26028.80078125,26007.900390625,26014.94921875,0.0
2025-10-29 11:20:00+05:30,26014.849609375,26039.650390625,26011.099609375,26035.55078125,0.0
2025-10-29 11:25:00+05:30,26035.5,26049.0,26034.599609375,26040.69921875,0.0
2025-10-29 11:30:00+05:30,26040.349609375,26043.94921875,26032.0,26037.19921875,0.0
2025-10-29 11:35:00+05:30,26036.849609375,26042.5,26028.5,26041.5,0.0
2025-10-29 11:40:00+05:30,26040.19921875,26053.94921875,26035.25,26049.599609375,0.0
2025-10-29 11:45:00+05:30,26049.55078125,26052.650390625,26036.30078125,26038.849609375,0.0
2025-10-29 11:50:00+05:30,26038.69921875,26041.099609375,26033.099609375,26034.44921875,0.0
2025-10-29 11:55:00+05:30,26034.849609375,26035.599609375,26024.44921875,26034.19921875,0.0
2025-10-29 12:00:00+05:30,26034.80078125,26046.099609375,26025.55078125,26045.599609375,0.0
2025-10-29 12:05:00+05:30,26046.80078125,26061.400390625,26043.349609375,26057.650390625,0.0
2025-10-29 12:10:00+05:30,26057.69921875,26063.650390625,26052.75,26054.75,0.0
2025-10-29 12:15:00+05:30,26055.19921875,26062.69921875,26053.150390625,26058.80078125,0.0
2025-10-29 12:20:00+05:30,26059.599609375,26061.099609375,26049.55078125,26049.75,0.0
2025-10-29 12:25:00+05:30,26049.94921875,26069.349609375,26048.94921875,26065.30078125,0.0
2025-10-29 12:30:00+05:30,26065.94921875,26076.19921875,26056.0,26056.94921875,0.0
2025-10-29 12:35:00+05:30,26056.849609375,26067.55078125,26056.849609375,26064.0,0.0
2025-10-29 12:40:00+05:30,26064.19921875,26076.55078125,26061.650390625,26073.0,0.0
2025-10-29 12:45:00+05:30,26073.05078125,26083.900390625,26072.099609375,26080.400390625,0.0
2025-10-29 12:50:00+05:30,26082.05078125,26082.05078125,26068.599609375,26071.69921875,0.0
2025-10-29 12:55:00+05:30,26071.849609375,26075.849609375,26067.94921875,26073.849609375,0.0
2025-10-29 13:00:00+05:30,26073.900390625,26077.44921875,26058.5,26058.69921875,0.0
2025-10-29 13:05:00+05:30,26059.400390625,26079.25,26056.94921875,26077.19921875,0.0
2025-10-29 13:10:00+05:30,26077.650390625,26084.30078125,26073.05078125,26080.25,0.0
2025-10-29 13:15:00+05:30,26080.0,26085.25,26076.599609375,26082.650390625,0.0
2025-10-29 13:20:00+05:30,26082.19921875,26085.150390625,26072.94921875,26079.349609375,0.0
2025-10-29 13:25:00+05:30,26080.849609375,26082.25,26066.150390625,26067.150390625,0.0
2025-10-29 13:30:00+05:30,26068.0,26091.099609375,26064.30078125,26089.69921875,0.0
2025-10-29 13:35:00+05:30,26090.19921875,26095.94921875,26083.55078125,26094.650390625,0.0
2025-10-29 13:40:00+05:30,26095.400390625,26097.849609375,26070.400390625,26072.0,0.0
2025-10-29 13:45:00+05:30,26072.650390625,26080.25,26065.5,26069.94921875,0.0
2025-10-29 13:50:00+05:30,26069.55078125,26076.599609375,26069.55078125,26076.349609375,0.0
2025-10-29 13:55:00+05:30,26076.75,26079.0,26058.400390625,26060.400390625,0.0
2025-10-29 14:00:00+05:30,26061.400390625,26061.400390625,26041.19921875,26046.0,0.0
2025-10-29 14:05:00+05:30,26046.0,26052.44921875,26038.900390625,26042.05078125,0.0
2025-10-29 14:10:00+05:30,26043.05078125,26055.75,26042.94921875,26052.849609375,0.0
2025-10-29 14:15:00+05:30,26053.150390625,26082.400390625,26051.849609375,26081.30078125,0.0
2025-10-29 14:20:00+05:30,26081.75,26081.900390625,26047.30078125,26050.349609375,0.0
2025-10-29 14:25:00+05:30,26051.19921875,26060.94921875,26048.900390625,26059.849609375,0.0
2025-10-29 14:30:00+05:30,26060.650390625,26065.80078125,26054.69921875,26055.5,0.0
2025-10-29 14:35:00+05:30,26056.44921875,26060.30078125,26047.69921875,26059.5,0.0
2025-10-29 14:40:00+05:30,26059.94921875,26063.099609375,26048.5,26055.75,0.0
2025-10-29 14:45:00+05:30,26056.94921875,26057.5,26021.599609375,26022.099609375,0.0
2025-10-29 14:50:00+05:30,26022.5,26048.650390625,26015.30078125,26038.650390625,0.0
2025-10-29 14:55:00+05:30,26039.80078125,26047.900390625,26035.099609375,26045.900390625,0.0
2025-10-29 15:00:00+05:30,26046.94921875,26046.94921875,26037.900390625,26040.5,0.0
2025-10-29 15:05:00+05:30,26041.25,26046.900390625,26038.80078125,26039.30078125,0.0
2025-10-29 15:10:00+05:30,26039.05078125,26045.5,26036.94921875,26043.55078125,0.0
2025-10-29 15:15:00+05:30,26044.80078125,26055.44921875,26042.80078125,26054.30078125,0.0
2025-10-29 15:20:00+05:30,26054.900390625,26070.69921875,26050.80078125,26065.94921875,0.0
2025-10-29 15:25:00+05:30,26067.650390625,26075.5,26062.599609375,26068.30078125,0.0
2025-10-30 09:15:00+05:30,26006.400390625,26028.30078125,25965.5,25985.150390625,0.0
2025-10-30 09:20:00+05:30,25982.05078125,25991.80078125,25964.19921875,25983.900390625,0.0
2025-10-30 09:25:00+05:30,25983.25,25993.19921875,25972.150390625,25978.69921875,0.0
2025-10-30 09:30:00+05:30,25978.849609375,25978.849609375,25933.150390625,25933.44921875,0.0
2025-10-30 09:35:00+05:30,25933.30078125,25951.44921875,25932.150390625,25940.400390625,0.0
2025-10-30 09:40:00+05:30,25939.599609375,25941.349609375,25915.650390625,25921.55078125,0.0
2025-10-30 09:45:00+05:30,25921.25,25930.30078125,25911.05078125,25930.0,0.0
2025-10-30 09:50:00+05:30,25930.75,25942.349609375,25900.25,25901.650390625,0.0
2025-10-30 09:55:00+05:30,25901.400390625,25912.05078125,25892.75,25905.849609375,0.0
2025-10-30 10:00:00+05:30,25907.099609375,25916.849609375,25900.400390625,25914.599609375,0.0
2025-10-30 10:05:00+05:30,25914.150390625,25948.5,25914.150390625,25946.25,0.0
2025-10-30 10:10:00+05:30,25944.900390625,25959.849609375,25936.55078125,25959.44921875,0.0
2025-10-30 10:15:00+05:30,25959.5,25967.400390625,25928.400390625,25929.650390625,0.0
2025-10-30 10:20:00+05:30,25929.599609375,25959.400390625,25928.349609375,25953.69921875,0.0
2025-10-30 10:25:00+05:30,25953.599609375,25955.0,25938.05078125,25938.05078125,0.0
2025-10-30 10:30:00+05:30,25938.5,25942.0,25920.25,25920.69921875,0.0
2025-10-30 10:35:00+05:30,25920.80078125,25938.25,25920.150390625,25930.150390625,0.0
2025-10-30 10:40:00+05:30,25930.75,25931.400390625,25912.30078125,25917.80078125,0.0
2025-10-30 10:45:00+05:30,25918.19921875,25926.69921875,25913.349609375,25919.5,0.0
2025-10-30 10:50:00+05:30,25919.099609375,25931.349609375,25917.650390625,25920.099609375,0.0
2025-10-30 10:55:00+05:30,25919.75,25932.19921875,25914.75,25916.349609375,0.0
2025-10-30 11:00:00+05:30,25916.55078125,25931.400390625,25911.94921875,25930.75,0.0
2025-10-30 11:05:00+05:30,25930.650390625,25946.349609375,25928.599609375,25940.30078125,0.0
2025-10-30 11:10:00+05:30,25940.349609375,25957.400390625,25937.75,25956.099609375,0.0
2025-10-30 11:15:00+05:30,25956.30078125,25962.900390625,25947.25,25955.05078125,0.0
2025-10-30 11:20:00+05:30,25954.650390625,25975.0,25950.099609375,25970.75,0.0
2025-10-30 11:25:00+05:30,25970.900390625,25973.099609375,25954.25,25954.650390625,0.0
2025-10-30 11:30:00+05:30,25954.30078125,25957.5,25940.5,25942.44921875,0.0
2025-10-30 11:35:00+05:30,25942.099609375,25942.5,25931.44921875,25936.25,0.0
2025-10-30 11:40:00+05:30,25936.80078125,25938.400390625,25930.69921875,25931.80078125,0.0
2025-10-30 11:45:00+05:30,25931.75,25937.69921875,25928.599609375,25935.599609375,0.0
2025-10-30 11:50:00+05:30,25935.30078125,25940.400390625,25908.349609375,25909.349609375,0.0
2025-10-30 11:55:00+05:30,25909.69921875,25912.349609375,25902.25,25906.900390625,0.0
2025-10-30 12:00:00+05:30,25907.05078125,25918.69921875,25904.400390625,25914.900390625,0.0
2025-10-30 12:05:00+05:30,25915.400390625,25923.94921875,25906.05078125,25910.849609375,0.0
2025-10-30 12:10:00+05:30,25909.849609375,25917.55078125,25909.55078125,25912.25,0.0
2025-10-30 12:15:00+05:30,25911.849609375,25917.900390625,25898.900390625,25899.599609375,0.0
2025-10-30 12:20:00+05:30,25899.80078125,25922.0,25896.900390625,25921.0,0.0
2025-10-30 12:25:00+05:30,25921.30078125,25927.30078125,25917.19921875,25919.94921875,0.0
2025-10-30 12:30:00+05:30,25919.69921875,25921.25,25902.349609375,25911.400390625,0.0
2025-10-30 12:35:00+05:30,25911.44921875,25926.44921875,25909.0,25920.19921875,0.0
2025-10-30 12:40:00+05:30,25921.19921875,25924.80078125,25912.30078125,25920.44921875,0.0
2025-10-30 12:45:00+05:30,25919.55078125,25927.599609375,25918.19921875,25920.5,0.0
2025-10-30 12:50:00+05:30,25920.69921875,25922.75,25915.19921875,25916.650390625,0.0
2025-10-30 12:55:00+05:30,25916.849609375,25918.44921875,25905.80078125,25906.5,0.0
2025-10-30 13:00:00+05:30,25907.25,25912.05078125,25901.5,25910.75,0.0
2025-10-30 13:05:00+05:30,25911.05078125,25923.44921875,25903.30078125,25910.0,0.0
2025-10-30 13:10:00+05:30,25911.5,25925.150390625,25909.75,25923.05078125,0.0
2025-10-30 13:15:00+05:30,25924.0,25932.150390625,25914.55078125,25925.80078125,0.0
2025-10-30 13:20:00+05:30,25926.0,25932.349609375,25902.099609375,25905.349609375,0.0
2025-10-30 13:25:00+05:30,25906.19921875,25912.150390625,25893.650390625,25896.900390625,0.0
2025-10-30 13:30:00+05:30,25896.30078125,25901.19921875,25872.150390625,25877.599609375,0.0
2025-10-30 13:35:00+05:30,25878.19921875,25887.900390625,25867.150390625,25881.150390625,0.0
2025-10-30 13:40:00+05:30,25881.849609375,25885.30078125,25874.25,25880.80078125,0.0
2025-10-30 13:45:00+05:30,25881.25,25883.19921875,25864.44921875,25866.349609375,0.0
2025-10-30 13:50:00+05:30,25866.44921875,25885.55078125,25865.650390625,25882.44921875,0.0
2025-10-30 13:55:00+05:30,25882.69921875,25893.650390625,25865.150390625,25889.0,0.0
2025-10-30 14:00:00+05:30,25889.69921875,25892.400390625,25870.80078125,25878.349609375,0.0
2025-10-30 14:05:00+05:30,25878.69921875,25882.25,25872.599609375,25874.75,0.0
2025-10-30 14:10:00+05:30,25875.5,25889.80078125,25874.5,25889.349609375,0.0
2025-10-30 14:15:00+05:30,25887.75,25890.30078125,25872.650390625,25882.94921875,0.0
2025-10-30 14:20:00+05:30,25884.0,25917.80078125,25882.44921875,25901.30078125,0.0
2025-10-30 14:25:00+05:30,25902.0,25904.75,25893.099609375,25895.849609375,0.0
2025-10-30 14:30:00+05:30,25896.849609375,25909.900390625,25872.05078125,25877.150390625,0.0
2025-10-30 14:35:00+05:30,25876.55078125,25900.349609375,25875.80078125,25886.19921875,0.0
2025-10-30 14:40:00+05:30,25885.55078125,25909.69921875,25884.650390625,25904.599609375,0.0
2025-10-30 14:45:00+05:30,25904.80078125,25911.75,25875.900390625,25881.150390625,0.0
2025-10-30 14:50:00+05:30,25881.44921875,25881.900390625,25860.94921875,25861.0,0.0
2025-10-30 14:55:00+05:30,25862.05078125,25868.94921875,25845.55078125,25862.30078125,0.0
2025-10-30 15:00:00+05:30,25863.099609375,25888.849609375,25862.55078125,25863.55078125,0.0
2025-10-30 15:05:00+05:30,25865.099609375,25877.19921875,25862.400390625,25866.05078125,0.0
2025-10-30 15:10:00+05:30,25867.19921875,25881.5,25861.900390625,25873.75,0.0
2025-10-30 15:15:00+05:30,25874.599609375,25888.099609375,25873.80078125,25885.349609375,0.0
2025-10-30 15:20:00+05:30,25887.69921875,25889.650390625,25879.94921875,25883.599609375,0.0
2025-10-30 15:25:00+05:30,25882.400390625,25893.94921875,25882.0,25891.19921875,0.0
2025-10-31 09:15:00+05:30,25863.80078125,25875.900390625,25822.19921875,25862.25,0.0
2025-10-31 09:20:00+05:30,25862.849609375,25895.05078125,25840.5,25894.30078125,0.0
2025-10-31 09:25:00+05:30,25894.05078125,25927.150390625,25891.75,25914.44921875,0.0
2025-10-31 09:30:00+05:30,25914.900390625,25948.400390625,25913.80078125,25947.55078125,0.0
2025-10-31 09:35:00+05:30,25947.30078125,25953.69921875,25940.150390625,25941.400390625,0.0
2025-10-31 09:40:00+05:30,25941.099609375,25950.150390625,25921.44921875,25925.599609375,0.0
2025-10-31 09:45:00+05:30,25926.650390625,25937.599609375,25916.30078125,25926.44921875,0.0
2025-10-31 09:50:00+05:30,25926.650390625,25929.30078125,25910.19921875,25923.900390625,0.0
2025-10-31 09:55:00+05:30,25923.400390625,25935.05078125,25918.94921875,25925.94921875,0.0
2025-10-31 10:00:00+05:30,25924.55078125,25929.55078125,25887.75,25890.55078125,0.0
2025-10-31 10:05:00+05:30,25889.5,25892.150390625,25866.400390625,25873.650390625,0.0
2025-10-31 10:10:00+05:30,25873.94921875,25880.94921875,25865.099609375,25878.849609375,0.0
2025-10-31 10:15:00+05:30,25879.0,25879.0,25847.900390625,25859.30078125,0.0
2025-10-31 10:20:00+05:30,25859.75,25859.75,25827.0,25831.400390625,0.0
2025-10-31 10:25:00+05:30,25831.19921875,25839.849609375,25823.150390625,25836.0,0.0
2025-10-31 10:30:00+05:30,25836.55078125,25837.05078125,25801.30078125,25810.25,0.0
2025-10-31 10:35:00+05:30,25810.599609375,25810.599609375,25788.849609375,25797.400390625,0.0
2025-10-31 10:40:00+05:30,25797.400390625,25819.599609375,25791.849609375,25818.099609375,0.0
2025-10-31 10:45:00+05:30,25818.75,25830.69921875,25817.19921875,25825.400390625,0.0
2025-10-31 10:50:00+05:30,25825.599609375,25825.599609375,25805.55078125,25806.5,0.0
2025-10-31 10:55:00+05:30,25805.400390625,25808.80078125,25797.849609375,25801.150390625,0.0
2025-10-31 11:00:00+05:30,25801.150390625,25802.25,25768.5,25778.25,0.0
2025-10-31 11:05:00+05:30,25777.75,25786.150390625,25775.400390625,25781.400390625,0.0
2025-10-31 11:10:00+05:30,25781.55078125,25786.0,25763.349609375,25776.75,0.0
2025-10-31 11:15:00+05:30,25777.19921875,25788.150390625,25769.55078125,25788.150390625,0.0
2025-10-31 11:20:00+05:30,25787.44921875,25794.05078125,25779.75,25791.94921875,0.0
2025-10-31 11:25:00+05:30,25791.900390625,25793.25,25774.55078125,25777.75,0.0
2025-10-31 11:30:00+05:30,25777.69921875,25797.44921875,25773.69921875,25796.25,0.0
2025-10-31 11:35:00+05:30,25795.75,25801.25,25792.19921875,25793.349609375,0.0
2025-10-31 11:40:00+05:30,25793.5,25809.55078125,25787.19921875,25806.5,0.0
2025-10-31 11:45:00+05:30,25806.25,25808.19921875,25794.099609375,25794.55078125,0.0
2025-10-31 11:50:00+05:30,25794.94921875,25818.19921875,25791.349609375,25818.19921875,0.0
2025-10-31 11:55:00+05:30,25817.900390625,25819.44921875,25809.5,25819.0,0.0
2025-10-31 12:00:00+05:30,25819.80078125,25828.349609375,25817.349609375,25825.55078125,0.0
2025-10-31 12:05:00+05:30,25825.849609375,25826.349609375,25814.80078125,25821.650390625,0.0
2025-10-31 12:10:00+05:30,25822.25,25834.75,25796.599609375,25797.849609375,0.0
2025-10-31 12:15:00+05:30,25798.150390625,25811.69921875,25796.849609375,25810.349609375,0.0
2025-10-31 12:20:00+05:30,25810.599609375,25811.400390625,25788.69921875,25791.05078125,0.0
2025-10-31 12:25:00+05:30,25790.849609375,25792.599609375,25781.75,25786.5,0.0
2025-10-31 12:30:00+05:30,25787.150390625,25792.099609375,25779.900390625,25791.650390625,0.0
2025-10-31 12:35:00+05:30,25792.19921875,25798.44921875,25784.75,25798.349609375,0.0
2025-10-31 12:40:00+05:30,25799.0,25807.94921875,25788.0,25789.80078125,0.0
2025-10-31 12:45:00+05:30,25791.44921875,25795.30078125,25784.55078125,25791.0,0.0
2025-10-31 12:50:00+05:30,25791.05078125,25798.75,25785.599609375,25792.19921875,0.0
2025-10-31 12:55:00+05:30,25791.55078125,25806.099609375,25790.650390625,25793.900390625,0.0
2025-10-31 13:00:00+05:30,25794.849609375,25811.25,25790.25,25810.55078125,0.0
2025-10-31 13:05:00+05:30,25811.650390625,25816.400390625,25806.0,25812.19921875,0.0
2025-10-31 13:10:00+05:30,25813.05078125,25813.05078125,25798.849609375,25800.150390625,0.0
2025-10-31 13:15:00+05:30,25800.650390625,25809.849609375,25796.849609375,25807.349609375,0.0
2025-10-31 13:20:00+05:30,25808.349609375,25809.599609375,25791.0,25791.900390625,0.0
2025-10-31 13:25:00+05:30,25792.150390625,25792.349609375,25773.599609375,25777.44921875,0.0
2025-10-31 13:30:00+05:30,25777.69921875,25784.19921875,25771.0,25781.400390625,0.0
2025-10-31 13:35:00+05:30,25781.75,25782.94921875,25759.150390625,25761.19921875,0.0
2025-10-31 13:40:00+05:30,25762.599609375,25771.75,25759.80078125,25764.69921875,0.0
2025-10-31 13:45:00+05:30,25765.349609375,25770.150390625,25754.150390625,25760.75,0.0
2025-10-31 13:50:00+05:30,25761.349609375,25769.900390625,25758.80078125,25769.099609375,0.0
2025-10-31 13:55:00+05:30,25769.25,25782.150390625,25766.849609375,25774.80078125,0.0
2025-10-31 14:00:00+05:30,25775.349609375,25790.099609375,25763.650390625,25780.80078125,0.0
2025-10-31 14:05:00+05:30,25782.44921875,25782.5,25763.650390625,25774.400390625,0.0
2025-10-31 14:10:00+05:30,25774.80078125,25779.5,25767.44921875,25776.55078125,0.0
2025-10-31 14:15:00+05:30,25777.400390625,25777.400390625,25743.0,25763.400390625,0.0
2025-10-31 14:20:00+05:30,25764.44921875,25764.80078125,25752.650390625,25760.150390625,0.0
2025-10-31 14:25:00+05:30,25760.55078125,25785.0,25757.900390625,25783.0,0.0
2025-10-31 14:30:00+05:30,25782.099609375,25786.400390625,25774.19921875,25780.099609375,0.0
2025-10-31 14:35:00+05:30,25781.80078125,25781.80078125,25759.349609375,25773.69921875,0.0
2025-10-31 14:40:00+05:30,25774.0,25780.75,25768.94921875,25773.900390625,0.0
2025-10-31 14:45:00+05:30,25774.25,25774.25,25763.55078125,25766.94921875,0.0
2025-10-31 14:50:00+05:30,25768.349609375,25770.900390625,25740.80078125,25742.5,0.0
2025-10-31 14:55:00+05:30,25742.400390625,25759.150390625,25742.400390625,25753.30078125,0.0
2025-10-31 15:00:00+05:30,25754.80078125,25754.80078125,25722.05078125,25723.400390625,0.0
2025-10-31 15:05:00+05:30,25724.44921875,25727.5,25716.80078125,25718.099609375,0.0
2025-10-31 15:10:00+05:30,25718.55078125,25723.099609375,25713.0,25715.55078125,0.0
2025-10-31 15:15:00+05:30,25715.75,25728.400390625,25711.400390625,25713.650390625,0.0
2025-10-31 15:20:00+05:30,25713.349609375,25730.75,25712.400390625,25728.55078125,0.0
2025-10-31 15:25:00+05:30,25728.349609375,25736.25,25722.25,25731.900390625,0.0
2025-11-03 09:15:00+05:30,25694.099609375,25737.44921875,25659.19921875,25687.849609375,0.0
2025-11-03 09:20:00+05:30,25687.44921875,25706.5,25664.599609375,25675.05078125,0.0
2025-11-03 09:25:00+05:30,25675.30078125,25686.099609375,25665.44921875,25678.599609375,0.0
2025-11-03 09:30:00+05:30,25677.69921875,25677.69921875,25645.94921875,25666.94921875,0.0
2025-11-03 09:35:00+05:30,25667.69921875,25709.69921875,25662.150390625,25709.69921875,0.0
2025-11-03 09:40:00+05:30,25709.30078125,25739.0,25709.30078125,25723.25,0.0
2025-11-03 09:45:00+05:30,25722.5,25753.099609375,25721.900390625,25751.44921875,0.0
2025-11-03 09:50:00+05:30,25751.44921875,25756.19921875,25738.900390625,25743.599609375,0.0
2025-11-03 09:55:00+05:30,25741.900390625,25761.5,25740.599609375,25759.900390625,0.0
2025-11-03 10:00:00+05:30,25759.44921875,25761.30078125,25719.30078125,25724.19921875,0.0
2025-11-03 10:05:00+05:30,25724.0,25730.05078125,25708.25,25712.80078125,0.0
2025-11-03 10:10:00+05:30,25713.19921875,25724.599609375,25710.650390625,25712.349609375,0.0
2025-11-03 10:15:00+05:30,25711.849609375,25729.099609375,25695.349609375,25714.05078125,0.0
2025-11-03 10:20:00+05:30,25715.19921875,25727.400390625,25707.900390625,25723.599609375,0.0
2025-11-03 10:25:00+05:30,25724.05078125,25730.349609375,25712.150390625,25729.30078125,0.0
2025-11-03 10:30:00+05:30,25727.5,25735.05078125,25718.400390625,25730.55078125,0.0
2025-11-03 10:35:00+05:30,25730.0,25762.19921875,25729.0,25758.849609375,0.0
2025-11-03 10:40:00+05:30,25758.849609375,25771.55078125,25751.349609375,25771.05078125,0.0
2025-11-03 10:45:00+05:30,25772.150390625,25773.30078125,25751.44921875,25752.400390625,0.0
2025-11-03 10:50:00+05:30,25753.55078125,25753.55078125,25740.150390625,25744.349609375,0.0
2025-11-03 10:55:00+05:30,25744.099609375,25750.099609375,25736.69921875,25749.25,0.0
2025-11-03 11:00:00+05:30,25749.349609375,25758.5,25746.5,25751.80078125,0.0
2025-11-03 11:05:00+05:30,25752.19921875,25759.69921875,25750.400390625,25758.30078125,0.0
2025-11-03 11:10:00+05:30,25758.349609375,25761.75,25753.25,25753.900390625,0.0
2025-11-03 11:15:00+05:30,25753.94921875,25758.349609375,25748.25,25757.44921875,0.0
2025-11-03 11:20:00+05:30,25757.099609375,25760.900390625,25749.69921875,25758.30078125,0.0
2025-11-03 11:25:00+05:30,25758.80078125,25758.900390625,25743.099609375,25753.80078125,0.0
2025-11-03 11:30:00+05:30,25753.30078125,25758.0,25750.0,25752.44921875,0.0
2025-11-03 11:35:00+05:30,25752.349609375,25752.349609375,25734.80078125,25736.19921875,0.0
2025-11-03 11:40:00+05:30,25736.5,25736.75,25723.849609375,25726.099609375,0.0
2025-11-03 11:45:00+05:30,25725.69921875,25729.849609375,25714.19921875,25727.05078125,0.0
2025-11-03 11:50:00+05:30,25727.44921875,25734.5,25707.849609375,25722.650390625,0.0
2025-11-03 11:55:00+05:30,25722.599609375,25737.400390625,25722.0,25724.900390625,0.0
2025-11-03 12:00:00+05:30,25724.650390625,25726.400390625,25715.75,25721.75,0.0
2025-11-03 12:05:00+05:30,25721.80078125,25726.0,25708.400390625,25711.80078125,0.0
2025-11-03 12:10:00+05:30,25711.099609375,25714.0,25700.599609375,25702.69921875,0.0
2025-11-03 12:15:00+05:30,25703.099609375,25718.900390625,25699.80078125,25718.400390625,0.0
2025-11-03 12:20:00+05:30,25718.55078125,25733.80078125,25716.400390625,25719.599609375,0.0
2025-11-03 12:25:00+05:30,25719.400390625,25721.69921875,25709.150390625,25713.349609375,0.0
2025-11-03 12:30:00+05:30,25713.900390625,25714.349609375,25697.0,25713.099609375,0.0
2025-11-03 12:35:00+05:30,25713.0,25720.150390625,25703.80078125,25717.94921875,0.0
2025-11-03 12:40:00+05:30,25718.349609375,25737.099609375,25718.349609375,25733.19921875,0.0
2025-11-03 12:45:00+05:30,25732.5,25744.150390625,25727.900390625,25742.25,0.0
2025-11-03 12:50:00+05:30,25741.80078125,25742.349609375,25729.900390625,25737.5,0.0
2025-11-03 12:55:00+05:30,25737.25,25755.94921875,25734.80078125,25755.05078125,0.0
2025-11-03 13:00:00+05:30,25754.349609375,25759.80078125,25743.5,25743.75,0.0
2025-11-03 13:05:00+05:30,25743.400390625,25757.05078125,25737.55078125,25756.55078125,0.0
2025-11-03 13:10:00+05:30,25756.69921875,25758.150390625,25748.69921875,25752.099609375,0.0
2025-11-03 13:15:00+05:30,25752.0,25764.69921875,25749.650390625,25759.599609375,0.0
2025-11-03 13:20:00+05:30,25759.69921875,25763.599609375,25751.349609375,25753.44921875,0.0
2025-11-03 13:25:00+05:30,25753.44921875,25754.44921875,25738.19921875,25754.30078125,0.0
2025-11-03 13:30:00+05:30,25754.05078125,25763.099609375,25749.25,25758.599609375,0.0
2025-11-03 13:35:00+05:30,25758.650390625,25763.05078125,25751.05078125,25753.099609375,0.0
2025-11-03 13:40:00+05:30,25752.30078125,25770.80078125,25751.650390625,25755.55078125,0.0
2025-11-03 13:45:00+05:30,25755.19921875,25757.849609375,25732.150390625,25735.69921875,0.0
2025-11-03 13:50:00+05:30,25736.400390625,25744.94921875,25726.94921875,25741.0,0.0
2025-11-03 13:55:00+05:30,25741.599609375,25765.599609375,25741.599609375,25765.25,0.0
2025-11-03 14:00:00+05:30,25765.150390625,25780.349609375,25764.44921875,25767.80078125,0.0
2025-11-03 14:05:00+05:30,25767.599609375,25769.349609375,25751.0,25756.150390625,0.0
2025-11-03 14:10:00+05:30,25755.599609375,25772.349609375,25754.55078125,25770.80078125,0.0
2025-11-03 14:15:00+05:30,25771.099609375,25797.849609375,25770.25,25786.69921875,0.0
2025-11-03 14:20:00+05:30,25786.349609375,25802.5,25785.0,25796.94921875,0.0
2025-11-03 14:25:00+05:30,25796.349609375,25797.400390625,25782.349609375,25783.650390625,0.0
2025-11-03 14:30:00+05:30,25783.19921875,25788.80078125,25773.75,25774.5,0.0
2025-11-03 14:35:00+05:30,25774.650390625,25779.30078125,25771.25,25778.150390625,0.0
2025-11-03 14:40:00+05:30,25777.44921875,25781.099609375,25770.25,25776.900390625,0.0
2025-11-03 14:45:00+05:30,25777.150390625,25777.150390625,25744.650390625,25746.25,0.0
2025-11-03 14:50:00+05:30,25745.25,25762.099609375,25736.55078125,25758.349609375,0.0
2025-11-03 14:55:00+05:30,25757.75,25765.0,25751.55078125,25759.0,0.0
2025-11-03 15:00:00+05:30,25758.849609375,25758.849609375,25747.19921875,25752.650390625,0.0
2025-11-03 15:05:00+05:30,25752.599609375,25767.0,25750.0,25764.900390625,0.0
2025-11-03 15:10:00+05:30,25764.849609375,25773.0,25760.0,25765.94921875,0.0
2025-11-03 15:15:00+05:30,25765.599609375,25774.25,25765.349609375,25769.900390625,0.0
2025-11-03 15:20:00+05:30,25769.400390625,25770.55078125,25761.75,25767.25,0.0
2025-11-03 15:25:00+05:30,25767.0,25785.900390625,25764.44921875,25774.30078125,0.0
2025-11-04 09:15:00+05:30,25744.75,25785.69921875,25744.75,25754.25,0.0
2025-11-04 09:20:00+05:30,25755.400390625,25763.55078125,25732.900390625,25752.75,0.0
2025-11-04 09:25:00+05:30,25752.599609375,25754.099609375,25722.849609375,25729.900390625,0.0
2025-11-04 09:30:00+05:30,25730.55078125,25730.55078125,25702.0,25705.55078125,0.0
2025-11-04 09:35:00+05:30,25703.400390625,25717.349609375,25695.400390625,25716.05078125,0.0
2025-11-04 09:40:00+05:30,25717.44921875,25718.80078125,25705.44921875,25718.400390625,0.0
2025-11-04 09:45:00+05:30,25718.599609375,25718.599609375,25686.599609375,25693.599609375,0.0
2025-11-04 09:50:00+05:30,25693.099609375,25704.849609375,25685.400390625,25701.349609375,0.0
2025-11-04 09:55:00+05:30,25700.849609375,25714.19921875,25699.150390625,25705.650390625,0.0
2025-11-04 10:00:00+05:30,25705.69921875,25722.25,25704.69921875,25716.400390625,0.0
2025-11-04 10:05:00+05:30,25716.650390625,25718.849609375,25701.400390625,25702.44921875,0.0
2025-11-04 10:10:00+05:30,25701.55078125,25706.900390625,25695.69921875,25698.19921875,0.0
2025-11-04 10:15:00+05:30,25698.55078125,25698.55078125,25674.05078125,25683.900390625,0.0
2025-11-04 10:20:00+05:30,25683.94921875,25703.849609375,25681.0,25701.25,0.0
2025-11-04 10:25:00+05:30,25702.19921875,25712.55078125,25701.150390625,25708.5,0.0
2025-11-04 10:30:00+05:30,25709.19921875,25716.75,25702.19921875,25710.349609375,0.0
2025-11-04 10:35:00+05:30,25710.5,25717.900390625,25697.650390625,25701.44921875,0.0
2025-11-04 10:40:00+05:30,25701.25,25703.400390625,25692.900390625,25692.900390625,0.0
2025-11-04 10:45:00+05:30,25693.44921875,25698.099609375,25688.650390625,25696.44921875,0.0
2025-11-04 10:50:00+05:30,25697.099609375,25701.80078125,25688.099609375,25696.19921875,0.0
2025-11-04 10:55:00+05:30,25696.349609375,25711.75,25694.5,25710.599609375,0.0
2025-11-04 11:00:00+05:30,25710.650390625,25720.55078125,25695.900390625,25696.55078125,0.0
2025-11-04 11:05:00+05:30,25696.650390625,25697.25,25685.69921875,25686.849609375,0.0
2025-11-04 11:10:00+05:30,25687.05078125,25687.75,25677.0,25684.69921875,0.0
2025-11-04 11:15:00+05:30,25684.69921875,25686.5,25679.650390625,25685.5,0.0
2025-11-04 11:20:00+05:30,25685.30078125,25692.05078125,25669.05078125,25670.30078125,0.0
2025-11-04 11:25:00+05:30,25670.80078125,25683.05078125,25658.650390625,25682.19921875,0.0
2025-11-04 11:30:00+05:30,25681.400390625,25683.650390625,25653.55078125,25656.349609375,0.0
2025-11-04 11:35:00+05:30,25655.44921875,25670.900390625,25655.44921875,25660.44921875,0.0
2025-11-04 11:40:00+05:30,25660.599609375,25664.349609375,25649.099609375,25662.80078125,0.0
2025-11-04 11:45:00+05:30,25662.44921875,25666.25,25659.80078125,25664.94921875,0.0
2025-11-04 11:50:00+05:30,25664.69921875,25675.400390625,25660.849609375,25673.599609375,0.0
2025-11-04 11:55:00+05:30,25672.849609375,25674.400390625,25663.0,25663.80078125,0.0
2025-11-04 12:00:00+05:30,25664.650390625,25679.19921875,25664.400390625,25678.69921875,0.0
2025-11-04 12:05:00+05:30,25678.400390625,25679.25,25662.75,25670.25,0.0
2025-11-04 12:10:00+05:30,25670.55078125,25681.25,25670.25,25680.5,0.0
2025-11-04 12:15:00+05:30,25680.5,25686.349609375,25667.44921875,25686.349609375,0.0
2025-11-04 12:20:00+05:30,25685.650390625,25690.400390625,25676.599609375,25679.349609375,0.0
2025-11-04 12:25:00+05:30,25679.650390625,25682.75,25669.099609375,25670.900390625,0.0
2025-11-04 12:30:00+05:30,25670.69921875,25675.650390625,25665.19921875,25671.400390625,0.0
2025-11-04 12:35:00+05:30,25671.94921875,25678.94921875,25666.599609375,25669.599609375,0.0
2025-11-04 12:40:00+05:30,25670.05078125,25680.099609375,25664.25,25679.44921875,0.0
2025-11-04 12:45:00+05:30,25679.349609375,25686.80078125,25673.75,25677.400390625,0.0
2025-11-04 12:50:00+05:30,25678.19921875,25678.19921875,25657.94921875,25660.55078125,0.0
2025-11-04 12:55:00+05:30,25661.400390625,25678.900390625,25658.30078125,25668.900390625,0.0
2025-11-04 13:00:00+05:30,25669.849609375,25675.150390625,25654.0,25672.44921875,0.0
2025-11-04 13:05:00+05:30,25672.80078125,25684.69921875,25671.55078125,25674.849609375,0.0
2025-11-04 13:10:00+05:30,25673.94921875,25674.5,25658.55078125,25658.55078125,0.0
2025-11-04 13:15:00+05:30,25660.349609375,25667.55078125,25657.349609375,25660.599609375,0.0
2025-11-04 13:20:00+05:30,25661.400390625,25662.25,25646.400390625,25660.75,0.0
2025-11-04 13:25:00+05:30,25660.80078125,25670.94921875,25650.0,25670.94921875,0.0
2025-11-04 13:30:00+05:30,25671.55078125,25675.400390625,25652.0,25658.75,0.0
2025-11-04 13:35:00+05:30,25659.55078125,25683.05078125,25657.75,25680.94921875,0.0
2025-11-04 13:40:00+05:30,25682.349609375,25682.349609375,25669.55078125,25674.099609375,0.0
2025-11-04 13:45:00+05:30,25675.05078125,25677.69921875,25664.75,25665.44921875,0.0
2025-11-04 13:50:00+05:30,25666.25,25667.150390625,25659.150390625,25661.30078125,0.0
2025-11-04 13:55:00+05:30,25662.80078125,25665.599609375,25654.349609375,25655.849609375,0.0
2025-11-04 14:00:00+05:30,25657.44921875,25657.900390625,25641.44921875,25645.30078125,0.0
2025-11-04 14:05:00+05:30,25646.0,25647.849609375,25640.5,25645.349609375,0.0
2025-11-04 14:10:00+05:30,25646.650390625,25646.650390625,25607.5,25616.5,0.0
2025-11-04 14:15:00+05:30,25617.05078125,25623.650390625,25611.75,25616.19921875,0.0
2025-11-04 14:20:00+05:30,25617.650390625,25623.650390625,25592.900390625,25611.599609375,0.0
2025-11-04 14:25:00+05:30,25613.05078125,25619.0,25610.25,25614.349609375,0.0
2025-11-04 14:30:00+05:30,25615.05078125,25621.650390625,25613.05078125,25620.099609375,0.0
2025-11-04 14:35:00+05:30,25619.349609375,25634.650390625,25619.349609375,25624.19921875,0.0
2025-11-04 14:40:00+05:30,25624.849609375,25625.69921875,25608.400390625,25610.099609375,0.0
2025-11-04 14:45:00+05:30,25609.900390625,25610.80078125,25594.349609375,25596.0,0.0
2025-11-04 14:50:00+05:30,25595.80078125,25618.599609375,25585.150390625,25593.44921875,0.0
2025-11-04 14:55:00+05:30,25593.25,25609.05078125,25591.94921875,25606.849609375,0.0
2025-11-04 15:00:00+05:30,25607.30078125,25621.69921875,25591.650390625,25597.5,0.0
2025-11-04 15:05:00+05:30,25596.94921875,25611.599609375,25591.30078125,25597.75,0.0
2025-11-04 15:10:00+05:30,25597.30078125,25604.44921875,25589.349609375,25601.25,0.0
2025-11-04 15:15:00+05:30,25600.0,25602.94921875,25584.55078125,25593.650390625,0.0
2025-11-04 15:20:00+05:30,25593.05078125,25602.0,25590.69921875,25594.099609375,0.0
2025-11-04 15:25:00+05:30,25594.099609375,25602.19921875,25579.44921875,25585.349609375,0.0
2025-11-06 09:15:00+05:30,25604.05078125,25670.25,25596.849609375,25666.69921875,0.0
2025-11-06 09:20:00+05:30,25664.099609375,25678.150390625,25651.349609375,25659.80078125,0.0
2025-11-06 09:25:00+05:30,25659.849609375,25659.849609375,25619.900390625,25626.599609375,0.0
2025-11-06 09:30:00+05:30,25625.599609375,25629.849609375,25609.400390625,25627.75,0.0
2025-11-06 09:35:00+05:30,25628.400390625,25632.849609375,25610.25,25628.900390625,0.0
2025-11-06 09:40:00+05:30,25629.30078125,25629.94921875,25600.099609375,25610.0,0.0
2025-11-06 09:45:00+05:30,25610.05078125,25621.80078125,25601.55078125,25601.650390625,0.0
2025-11-06 09:50:00+05:30,25601.349609375,25629.849609375,25599.30078125,25628.19921875,0.0
2025-11-06 09:55:00+05:30,25631.05078125,25633.900390625,25614.849609375,25628.94921875,0.0
2025-11-06 10:00:00+05:30,25629.30078125,25639.69921875,25613.75,25614.349609375,0.0
2025-11-06 10:05:00+05:30,25613.80078125,25617.19921875,25571.400390625,25572.19921875,0.0
2025-11-06 10:10:00+05:30,25571.19921875,25571.30078125,25542.44921875,25542.75,0.0
2025-11-06 10:15:00+05:30,25542.900390625,25545.599609375,25533.75,25536.75,0.0
2025-11-06 10:20:00+05:30,25537.94921875,25550.30078125,25532.75,25540.650390625,0.0
2025-11-06 10:25:00+05:30,25540.5,25546.75,25534.849609375,25536.94921875,0.0
2025-11-06 10:30:00+05:30,25537.69921875,25545.0,25530.150390625,25531.900390625,0.0
2025-11-06 10:35:00+05:30,25531.900390625,25537.150390625,25522.099609375,25524.400390625,0.0
2025-11-06 10:40:00+05:30,25524.05078125,25536.05078125,25520.75,25536.05078125,0.0
2025-11-06 10:45:00+05:30,25536.599609375,25545.94921875,25533.69921875,25540.150390625,0.0
2025-11-06 10:50:00+05:30,25539.75,25560.05078125,25538.849609375,25560.05078125,0.0
2025-11-06 10:55:00+05:30,25559.75,25565.099609375,25554.05078125,25562.5,0.0
2025-11-06 11:00:00+05:30,25562.94921875,25573.400390625,25560.94921875,25572.69921875,0.0
2025-11-06 11:05:00+05:30,25573.150390625,25575.25,25557.650390625,25559.19921875,0.0
2025-11-06 11:10:00+05:30,25559.849609375,25567.80078125,25553.849609375,25560.5,0.0
2025-11-06 11:15:00+05:30,25560.69921875,25561.150390625,25541.650390625,25544.150390625,0.0
2025-11-06 11:20:00+05:30,25543.599609375,25546.099609375,25535.0,25535.44921875,0.0
2025-11-06 11:25:00+05:30,25535.80078125,25544.0,25534.0,25543.0,0.0
2025-11-06 11:30:00+05:30,25542.900390625,25547.55078125,25527.80078125,25530.349609375,0.0
2025-11-06 11:35:00+05:30,25530.849609375,25534.69921875,25525.0,25531.150390625,0.0
2025-11-06 11:40:00+05:30,25531.099609375,25538.400390625,25529.94921875,25531.94921875,0.0
2025-11-06 11:45:00+05:30,25531.099609375,25554.099609375,25529.94921875,25551.599609375,0.0
2025-11-06 11:50:00+05:30,25551.5,25557.44921875,25548.5,25552.150390625,0.0
2025-11-06 11:55:00+05:30,25552.19921875,25561.349609375,25547.0,25561.349609375,0.0
2025-11-06 12:00:00+05:30,25559.30078125,25573.30078125,25559.0,25565.19921875,0.0
2025-11-06 12:05:00+05:30,25564.55078125,25574.400390625,25554.599609375,25555.05078125,0.0
2025-11-06 12:10:00+05:30,25554.80078125,25556.25,25543.75,25546.650390625,0.0
2025-11-06 12:15:00+05:30,25546.650390625,25561.349609375,25542.900390625,25558.55078125,0.0
2025-11-06 12:20:00+05:30,25555.900390625,25559.150390625,25530.55078125,25550.80078125,0.0
2025-11-06 12:25:00+05:30,25552.349609375,25556.19921875,25542.30078125,25545.75,0.0
2025-11-06 12:30:00+05:30,25545.599609375,25564.900390625,25539.44921875,25562.400390625,0.0
2025-11-06 12:35:00+05:30,25562.599609375,25567.80078125,25557.75,25560.099609375,0.0
2025-11-06 12:40:00+05:30,25562.55078125,25575.75,25559.69921875,25560.30078125,0.0
2025-11-06 12:45:00+05:30,25561.099609375,25599.25,25556.75,25598.0,0.0
2025-11-06 12:50:00+05:30,25598.69921875,25602.30078125,25591.80078125,25601.30078125,0.0
2025-11-06 12:55:00+05:30,25602.44921875,25608.150390625,25589.400390625,25591.099609375,0.0
2025-11-06 13:00:00+05:30,25591.650390625,25616.849609375,25584.25,25603.19921875,0.0
2025-11-06 13:05:00+05:30,25603.099609375,25606.349609375,25571.55078125,25572.349609375,0.0
2025-11-06 13:10:00+05:30,25573.900390625,25585.19921875,25561.80078125,25583.599609375,0.0
2025-11-06 13:15:00+05:30,25584.19921875,25596.94921875,25575.900390625,25576.5,0.0
2025-11-06 13:20:00+05:30,25576.69921875,25603.099609375,25576.19921875,25594.30078125,0.0
2025-11-06 13:25:00+05:30,25594.150390625,25597.30078125,25581.25,25583.849609375,0.0
2025-11-06 13:30:00+05:30,25583.80078125,25599.94921875,25575.25,25582.55078125,0.0
2025-11-06 13:35:00+05:30,25583.05078125,25598.05078125,25572.55078125,25577.44921875,0.0
2025-11-06 13:40:00+05:30,25578.0,25586.80078125,25565.599609375,25567.44921875,0.0
2025-11-06 13:45:00+05:30,25567.400390625,25573.69921875,25539.650390625,25541.55078125,0.0
2025-11-06 13:50:00+05:30,25541.55078125,25541.650390625,25517.849609375,25518.94921875,0.0
2025-11-06 13:55:00+05:30,25519.19921875,25539.900390625,25516.0,25539.900390625,0.0
2025-11-06 14:00:00+05:30,25539.19921875,25544.150390625,25527.55078125,25529.44921875,0.0
2025-11-06 14:05:00+05:30,25528.900390625,25541.55078125,25525.55078125,25540.80078125,0.0
2025-11-06 14:10:00+05:30,25540.900390625,25555.5,25535.400390625,25552.94921875,0.0
2025-11-06 14:15:00+05:30,25552.25,25555.75,25536.150390625,25548.05078125,0.0
2025-11-06 14:20:00+05:30,25548.19921875,25553.75,25539.69921875,25540.30078125,0.0
2025-11-06 14:25:00+05:30,25541.599609375,25544.150390625,25520.599609375,25541.599609375,0.0
2025-11-06 14:30:00+05:30,25542.099609375,25554.75,25542.099609375,25553.849609375,0.0
2025-11-06 14:35:00+05:30,25554.150390625,25560.599609375,25540.650390625,25542.25,0.0
2025-11-06 14:40:00+05:30,25543.900390625,25546.900390625,25527.55078125,25542.400390625,0.0
2025-11-06 14:45:00+05:30,25542.55078125,25557.650390625,25528.400390625,25529.599609375,0.0
2025-11-06 14:50:00+05:30,25530.5,25551.30078125,25526.94921875,25546.900390625,0.0
2025-11-06 14:55:00+05:30,25547.599609375,25564.599609375,25535.75,25555.55078125,0.0
2025-11-06 15:00:00+05:30,25555.099609375,25555.099609375,25514.0,25515.099609375,0.0
2025-11-06 15:05:00+05:30,25514.599609375,25516.19921875,25501.55078125,25511.349609375,0.0
2025-11-06 15:10:00+05:30,25509.80078125,25511.19921875,25491.75,25500.599609375,0.0
2025-11-06 15:15:00+05:30,25500.349609375,25515.05078125,25498.69921875,25514.69921875,0.0
2025-11-06 15:20:00+05:30,25513.80078125,25517.099609375,25499.900390625,25507.650390625,0.0
2025-11-06 15:25:00+05:30,25505.400390625,25521.44921875,25500.849609375,25519.94921875,0.0
2025-11-07 09:15:00+05:30,25433.80078125,25438.5,25356.5,25378.44921875,0.0
2025-11-07 09:20:00+05:30,25378.150390625,25378.150390625,25325.44921875,25329.05078125,0.0
2025-11-07 09:25:00+05:30,25328.19921875,25352.900390625,25328.19921875,25348.94921875,0.0
2025-11-07 09:30:00+05:30,25348.849609375,25362.349609375,25319.400390625,25320.0,0.0
2025-11-07 09:35:00+05:30,25320.19921875,25340.900390625,25318.650390625,25339.94921875,0.0
2025-11-07 09:40:00+05:30,25340.0,25356.5,25339.150390625,25355.05078125,0.0
2025-11-07 09:45:00+05:30,25354.25,25391.150390625,25347.400390625,25389.80078125,0.0
2025-11-07 09:50:00+05:30,25389.599609375,25390.94921875,25352.5,25352.5,0.0
2025-11-07 09:55:00+05:30,25352.44921875,25352.5,25336.94921875,25342.25,0.0
2025-11-07 10:00:00+05:30,25342.25,25352.30078125,25332.44921875,25341.5,0.0
2025-11-07 10:05:00+05:30,25341.900390625,25351.94921875,25333.5,25334.75,0.0
2025-11-07 10:10:00+05:30,25334.30078125,25348.5,25331.05078125,25343.25,0.0
2025-11-07 10:15:00+05:30,25343.94921875,25352.150390625,25339.349609375,25346.25,0.0
2025-11-07 10:20:00+05:30,25347.099609375,25354.5,25338.19921875,25352.849609375,0.0
2025-11-07 10:25:00+05:30,25352.150390625,25357.25,25342.30078125,25356.849609375,0.0
2025-11-07 10:30:00+05:30,25356.80078125,25364.44921875,25348.650390625,25364.44921875,0.0
2025-11-07 10:35:00+05:30,25364.94921875,25371.94921875,25356.30078125,25367.900390625,0.0
2025-11-07 10:40:00+05:30,25368.5,25385.900390625,25366.650390625,25378.599609375,0.0
2025-11-07 10:45:00+05:30,25379.099609375,25386.55078125,25375.75,25377.400390625,0.0
2025-11-07 10:50:00+05:30,25377.25,25382.849609375,25365.44921875,25370.650390625,0.0
2025-11-07 10:55:00+05:30,25371.400390625,25377.75,25354.19921875,25356.44921875,0.0
2025-11-07 11:00:00+05:30,25357.75,25373.0,25355.94921875,25363.0,0.0
2025-11-07 11:05:00+05:30,25362.94921875,25371.44921875,25354.400390625,25370.19921875,0.0
2025-11-07 11:10:00+05:30,25370.19921875,25413.80078125,25369.650390625,25409.94921875,0.0
2025-11-07 11:15:00+05:30,25410.55078125,25420.75,25405.150390625,25415.099609375,0.0
2025-11-07 11:20:00+05:30,25415.94921875,25432.30078125,25413.150390625,25429.55078125,0.0
2025-11-07 11:25:00+05:30,25429.94921875,25441.75,25424.650390625,25440.25,0.0
2025-11-07 11:30:00+05:30,25439.69921875,25471.05078125,25439.69921875,25460.80078125,0.0
2025-11-07 11:35:00+05:30,25461.25,25467.69921875,25447.80078125,25447.80078125,0.0
2025-11-07 11:40:00+05:30,25447.75,25453.69921875,25440.75,25447.150390625,0.0
2025-11-07 11:45:00+05:30,25446.94921875,25456.25,25434.099609375,25434.30078125,0.0
2025-11-07 11:50:00+05:30,25434.69921875,25441.55078125,25425.099609375,25437.69921875,0.0
2025-11-07 11:55:00+05:30,25437.55078125,25443.150390625,25432.25,25437.94921875,0.0
2025-11-07 12:00:00+05:30,25437.75,25451.0,25429.05078125,25449.94921875,0.0
2025-11-07 12:05:00+05:30,25449.55078125,25449.75,25438.0,25445.150390625,0.0
2025-11-07 12:10:00+05:30,25444.55078125,25460.05078125,25441.599609375,25454.19921875,0.0
2025-11-07 12:15:00+05:30,25454.849609375,25460.599609375,25447.05078125,25458.30078125,0.0
2025-11-07 12:20:00+05:30,25457.80078125,25466.150390625,25449.900390625,25450.30078125,0.0
2025-11-07 12:25:00+05:30,25450.25,25465.0,25450.25,25457.150390625,0.0
2025-11-07 12:30:00+05:30,25456.900390625,25468.69921875,25456.849609375,25461.80078125,0.0
2025-11-07 12:35:00+05:30,25462.099609375,25474.25,25458.19921875,25471.94921875,0.0
2025-11-07 12:40:00+05:30,25471.80078125,25483.650390625,25471.30078125,25482.599609375,0.0
2025-11-07 12:45:00+05:30,25483.05078125,25488.900390625,25474.5,25486.25,0.0
2025-11-07 12:50:00+05:30,25486.19921875,25502.349609375,25474.75,25477.69921875,0.0
2025-11-07 12:55:00+05:30,25478.44921875,25492.94921875,25472.55078125,25491.25,0.0
2025-11-07 13:00:00+05:30,25491.5,25499.80078125,25488.900390625,25491.25,0.0
2025-11-07 13:05:00+05:30,25491.80078125,25497.25,25479.5,25486.349609375,0.0
2025-11-07 13:10:00+05:30,25486.75,25490.69921875,25477.75,25486.30078125,0.0
2025-11-07 13:15:00+05:30,25487.5,25497.05078125,25483.75,25489.099609375,0.0
2025-11-07 13:20:00+05:30,25489.5,25494.69921875,25483.650390625,25488.44921875,0.0
2025-11-07 13:25:00+05:30,25488.44921875,25539.94921875,25488.44921875,25531.19921875,0.0
2025-11-07 13:30:00+05:30,25531.80078125,25539.80078125,25526.0,25537.400390625,0.0
2025-11-07 13:35:00+05:30,25537.94921875,25544.5,25533.75,25539.80078125,0.0
2025-11-07 13:40:00+05:30,25539.94921875,25547.75,25534.0,25537.05078125,0.0
2025-11-07 13:45:00+05:30,25537.19921875,25550.80078125,25530.25,25530.650390625,0.0
2025-11-07 13:50:00+05:30,25531.349609375,25532.099609375,25521.5,25525.849609375,0.0
2025-11-07 13:55:00+05:30,25525.849609375,25525.849609375,25491.349609375,25492.849609375,0.0
2025-11-07 14:00:00+05:30,25493.900390625,25496.55078125,25468.25,25469.150390625,0.0
2025-11-07 14:05:00+05:30,25468.900390625,25478.25,25456.599609375,25473.19921875,0.0
2025-11-07 14:10:00+05:30,25473.349609375,25482.94921875,25468.75,25474.400390625,0.0
2025-11-07 14:15:00+05:30,25474.0,25483.44921875,25469.30078125,25482.150390625,0.0
2025-11-07 14:20:00+05:30,25482.19921875,25518.30078125,25482.19921875,25516.30078125,0.0
2025-11-07 14:25:00+05:30,25516.19921875,25536.650390625,25515.30078125,25533.650390625,0.0
2025-11-07 14:30:00+05:30,25533.19921875,25540.5,25518.69921875,25519.349609375,0.0
2025-11-07 14:35:00+05:30,25518.80078125,25524.5,25514.25,25515.30078125,0.0
2025-11-07 14:40:00+05:30,25515.25,25518.900390625,25507.75,25512.75,0.0
2025-11-07 14:45:00+05:30,25512.75,25513.80078125,25501.30078125,25504.0,0.0
2025-11-07 14:50:00+05:30,25504.0,25506.599609375,25494.69921875,25495.599609375,0.0
2025-11-07 14:55:00+05:30,25495.75,25504.05078125,25484.599609375,25490.19921875,0.0
2025-11-07 15:00:00+05:30,25490.099609375,25496.75,25473.099609375,25480.0,0.0
2025-11-07 15:05:00+05:30,25481.650390625,25486.650390625,25474.0,25481.900390625,0.0
2025-11-07 15:10:00+05:30,25482.150390625,25487.400390625,25476.849609375,25486.849609375,0.0
2025-11-07 15:15:00+05:30,25486.599609375,25513.25,25485.75,25502.099609375,0.0
2025-11-07 15:20:00+05:30,25500.599609375,25516.099609375,25495.849609375,25498.75,0.0
2025-11-07 15:25:00+05:30,25499.69921875,25511.75,25496.349609375,25510.80078125,0.0
2025-11-10 09:15:00+05:30,25515.80078125,25590.349609375,25515.80078125,25554.599609375,0.0
2025-11-10 09:20:00+05:30,25551.650390625,25565.69921875,25521.5,25526.55078125,0.0
2025-11-10 09:25:00+05:30,25524.44921875,25541.30078125,25515.30078125,25539.25,0.0
2025-11-10 09:30:00+05:30,25539.599609375,25561.900390625,25538.650390625,25559.349609375,0.0
2025-11-10 09:35:00+05:30,25558.0,25579.150390625,25558.0,25574.69921875,0.0
2025-11-10 09:40:00+05:30,25574.55078125,25575.05078125,25543.55078125,25552.75,0.0
2025-11-10 09:45:00+05:30,25553.19921875,25583.150390625,25548.69921875,25580.650390625,0.0
2025-11-10 09:50:00+05:30,25579.75,25595.5,25574.44921875,25592.900390625,0.0
2025-11-10 09:55:00+05:30,25593.30078125,25593.650390625,25565.05078125,25568.099609375,0.0
2025-11-10 10:00:00+05:30,25568.19921875,25575.349609375,25553.099609375,25555.599609375,0.0
2025-11-10 10:05:00+05:30,25555.55078125,25566.849609375,25552.30078125,25566.349609375,0.0
2025-11-10 10:10:00+05:30,25566.05078125,25579.55078125,25558.650390625,25576.0,0.0
2025-11-10 10:15:00+05:30,25575.900390625,25602.44921875,25575.19921875,25602.44921875,0.0
2025-11-10 10:20:00+05:30,25601.849609375,25618.05078125,25601.849609375,25618.05078125,0.0
2025-11-10 10:25:00+05:30,25617.44921875,25621.75,25612.25,25615.599609375,0.0
2025-11-10 10:30:00+05:30,25615.349609375,25625.099609375,25612.05078125,25618.650390625,0.0
2025-11-10 10:35:00+05:30,25618.150390625,25619.69921875,25601.099609375,25602.099609375,0.0
2025-11-10 10:40:00+05:30,25602.849609375,25610.349609375,25598.44921875,25601.44921875,0.0
2025-11-10 10:45:00+05:30,25600.849609375,25605.80078125,25592.599609375,25597.849609375,0.0
2025-11-10 10:50:00+05:30,25597.849609375,25606.900390625,25587.75,25604.30078125,0.0
2025-11-10 10:55:00+05:30,25604.0,25614.44921875,25603.25,25612.19921875,0.0
2025-11-10 11:00:00+05:30,25612.80078125,25628.849609375,25610.25,25626.19921875,0.0
2025-11-10 11:05:00+05:30,25626.349609375,25631.80078125,25619.55078125,25623.30078125,0.0
2025-11-10 11:10:00+05:30,25622.650390625,25629.900390625,25617.099609375,25629.900390625,0.0
2025-11-10 11:15:00+05:30,25629.099609375,25636.94921875,25625.94921875,25636.349609375,0.0
2025-11-10 11:20:00+05:30,25635.80078125,25644.30078125,25632.400390625,25643.75,0.0
2025-11-10 11:25:00+05:30,25643.44921875,25651.44921875,25641.150390625,25649.80078125,0.0
2025-11-10 11:30:00+05:30,25649.099609375,25649.349609375,25639.19921875,25639.94921875,0.0
2025-11-10 11:35:00+05:30,25640.650390625,25643.900390625,25635.599609375,25636.30078125,0.0
2025-11-10 11:40:00+05:30,25636.849609375,25637.849609375,25629.75,25633.0,0.0
2025-11-10 11:45:00+05:30,25632.75,25644.5,25630.44921875,25631.05078125,0.0
2025-11-10 11:50:00+05:30,25630.80078125,25637.55078125,25628.5,25631.0,0.0
2025-11-10 11:55:00+05:30,25630.80078125,25634.349609375,25619.05078125,25620.849609375,0.0
2025-11-10 12:00:00+05:30,25620.19921875,25631.44921875,25620.19921875,25622.650390625,0.0
2025-11-10 12:05:00+05:30,25621.80078125,25626.19921875,25618.75,25624.599609375,0.0
2025-11-10 12:10:00+05:30,25624.05078125,25633.5,25621.75,25624.30078125,0.0
2025-11-10 12:15:00+05:30,25623.099609375,25632.849609375,25620.30078125,25628.900390625,0.0
2025-11-10 12:20:00+05:30,25628.650390625,25639.80078125,25624.30078125,25632.44921875,0.0
2025-11-10 12:25:00+05:30,25630.80078125,25639.69921875,25630.80078125,25633.05078125,0.0
2025-11-10 12:30:00+05:30,25634.150390625,25641.900390625,25630.55078125,25634.0,0.0
2025-11-10 12:35:00+05:30,25633.5,25639.650390625,25629.69921875,25638.599609375,0.0
2025-11-10 12:40:00+05:30,25638.25,25647.30078125,25635.69921875,25646.150390625,0.0
2025-11-10 12:45:00+05:30,25644.30078125,25648.05078125,25639.44921875,25645.099609375,0.0
2025-11-10 12:50:00+05:30,25644.599609375,25652.0,25643.55078125,25649.55078125,0.0
2025-11-10 12:55:00+05:30,25649.900390625,25650.80078125,25643.80078125,25647.19921875,0.0
2025-11-10 13:00:00+05:30,25647.55078125,25653.19921875,25641.900390625,25643.5,0.0
2025-11-10 13:05:00+05:30,25643.30078125,25645.099609375,25631.400390625,25637.0,0.0
2025-11-10 13:10:00+05:30,25635.69921875,25639.94921875,25629.099609375,25630.25,0.0
2025-11-10 13:15:00+05:30,25630.75,25638.94921875,25629.94921875,25634.44921875,0.0
2025-11-10 13:20:00+05:30,25634.0,25636.05078125,25624.349609375,25634.75,0.0
2025-11-10 13:25:00+05:30,25634.400390625,25642.94921875,25634.099609375,25638.25,0.0
2025-11-10 13:30:00+05:30,25637.650390625,25642.599609375,25632.650390625,25635.400390625,0.0
2025-11-10 13:35:00+05:30,25634.849609375,25639.650390625,25633.75,25636.19921875,0.0
2025-11-10 13:40:00+05:30,25635.599609375,25637.55078125,25607.55078125,25607.55078125,0.0
2025-11-10 13:45:00+05:30,25607.25,25612.650390625,25579.5,25612.650390625,0.0
2025-11-10 13:50:00+05:30,25612.650390625,25612.650390625,25603.44921875,25606.19921875,0.0
2025-11-10 13:55:00+05:30,25606.849609375,25609.80078125,25598.94921875,25599.94921875,0.0
2025-11-10 14:00:00+05:30,25599.80078125,25619.44921875,25597.400390625,25617.55078125,0.0
2025-11-10 14:05:00+05:30,25618.099609375,25625.30078125,25610.349609375,25617.0,0.0
2025-11-10 14:10:00+05:30,25617.349609375,25621.05078125,25611.849609375,25618.900390625,0.0
2025-11-10 14:15:00+05:30,25620.19921875,25626.150390625,25620.19921875,25622.599609375,0.0
2025-11-10 14:20:00+05:30,25622.94921875,25643.849609375,25615.44921875,25642.849609375,0.0
2025-11-10 14:25:00+05:30,25643.349609375,25649.44921875,25633.69921875,25636.80078125,0.0
2025-11-10 14:30:00+05:30,25636.900390625,25641.69921875,25623.150390625,25627.849609375,0.0
2025-11-10 14:35:00+05:30,25627.75,25636.80078125,25622.69921875,25629.25,0.0
2025-11-10 14:40:00+05:30,25628.400390625,25631.44921875,25601.150390625,25602.75,0.0
2025-11-10 14:45:00+05:30,25603.5,25613.19921875,25596.650390625,25605.849609375,0.0
2025-11-10 14:50:00+05:30,25604.849609375,25608.900390625,25596.25,25606.349609375,0.0
2025-11-10 14:55:00+05:30,25606.0,25614.25,25601.94921875,25605.900390625,0.0
2025-11-10 15:00:00+05:30,25606.0,25606.849609375,25583.69921875,25590.349609375,0.0
2025-11-10 15:05:00+05:30,25590.94921875,25592.44921875,25575.900390625,25577.400390625,0.0
2025-11-10 15:10:00+05:30,25577.25,25577.80078125,25562.099609375,25565.44921875,0.0
2025-11-10 15:15:00+05:30,25565.05078125,25575.349609375,25563.55078125,25568.19921875,0.0
2025-11-10 15:20:00+05:30,25568.599609375,25573.099609375,25563.599609375,25571.30078125,0.0
2025-11-10 15:25:00+05:30,25569.80078125,25579.05078125,25567.0,25574.25,0.0
2025-11-11 09:15:00+05:30,25616.150390625,25634.400390625,25545.650390625,25546.0,0.0
2025-11-11 09:20:00+05:30,25544.650390625,25545.349609375,25514.30078125,25535.44921875,0.0
2025-11-11 09:25:00+05:30,25532.5,25532.599609375,25513.849609375,25526.599609375,0.0
2025-11-11 09:30:00+05:30,25527.25,25528.099609375,25499.55078125,25506.55078125,0.0
2025-11-11 09:35:00+05:30,25506.69921875,25513.69921875,25489.900390625,25513.44921875,0.0
2025-11-11 09:40:00+05:30,25512.400390625,25532.599609375,25507.5,25529.650390625,0.0
2025-11-11 09:45:00+05:30,25529.44921875,25532.80078125,25501.599609375,25501.599609375,0.0
2025-11-11 09:50:00+05:30,25501.94921875,25501.94921875,25487.5,25494.599609375,0.0
2025-11-11 09:55:00+05:30,25493.150390625,25519.80078125,25493.099609375,25519.05078125,0.0
2025-11-11 10:00:00+05:30,25517.849609375,25528.05078125,25511.849609375,25518.30078125,0.0
2025-11-11 10:05:00+05:30,25518.650390625,25537.400390625,25507.94921875,25537.30078125,0.0
2025-11-11 10:10:00+05:30,25536.19921875,25536.80078125,25501.94921875,25501.94921875,0.0
2025-11-11 10:15:00+05:30,25502.30078125,25512.30078125,25497.19921875,25506.400390625,0.0
2025-11-11 10:20:00+05:30,25506.75,25511.0,25487.599609375,25490.5,0.0
2025-11-11 10:25:00+05:30,25489.849609375,25501.94921875,25489.349609375,25491.900390625,0.0
2025-11-11 10:30:00+05:30,25490.80078125,25492.05078125,25467.400390625,25469.80078125,0.0
2025-11-11 10:35:00+05:30,25469.599609375,25472.5,25450.849609375,25457.44921875,0.0
2025-11-11 10:40:00+05:30,25458.0,25461.44921875,25452.94921875,25458.19921875,0.0
2025-11-11 10:45:00+05:30,25458.19921875,25464.599609375,25452.05078125,25456.650390625,0.0
2025-11-11 10:50:00+05:30,25455.75,25479.44921875,25451.80078125,25476.94921875,0.0
2025-11-11 10:55:00+05:30,25476.5,25487.599609375,25473.30078125,25486.599609375,0.0
2025-11-11 11:00:00+05:30,25486.55078125,25494.05078125,25481.400390625,25481.400390625,0.0
2025-11-11 11:05:00+05:30,25480.80078125,25488.849609375,25476.099609375,25486.099609375,0.0
2025-11-11 11:10:00+05:30,25486.400390625,25488.05078125,25474.94921875,25478.44921875,0.0
2025-11-11 11:15:00+05:30,25478.55078125,25483.69921875,25469.25,25470.400390625,0.0
2025-11-11 11:20:00+05:30,25469.5,25474.099609375,25463.19921875,25466.94921875,0.0
2025-11-11 11:25:00+05:30,25466.650390625,25474.44921875,25466.150390625,25472.55078125,0.0
2025-11-11 11:30:00+05:30,25473.05078125,25478.650390625,25470.0,25475.599609375,0.0
2025-11-11 11:35:00+05:30,25476.05078125,25487.19921875,25467.400390625,25484.349609375,0.0
2025-11-11 11:40:00+05:30,25484.650390625,25499.349609375,25483.400390625,25496.599609375,0.0
2025-11-11 11:45:00+05:30,25496.44921875,25506.25,25495.400390625,25504.150390625,0.0
2025-11-11 11:50:00+05:30,25503.30078125,25531.55078125,25499.30078125,25530.349609375,0.0
2025-11-11 11:55:00+05:30,25530.19921875,25539.849609375,25523.599609375,25528.05078125,0.0
2025-11-11 12:00:00+05:30,25527.94921875,25541.099609375,25526.400390625,25540.75,0.0
2025-11-11 12:05:00+05:30,25542.400390625,25556.44921875,25533.5,25537.349609375,0.0
2025-11-11 12:10:00+05:30,25536.94921875,25544.30078125,25529.55078125,25538.30078125,0.0
2025-11-11 12:15:00+05:30,25538.19921875,25551.55078125,25534.30078125,25551.55078125,0.0
2025-11-11 12:20:00+05:30,25551.0,25559.849609375,25548.55078125,25557.099609375,0.0
2025-11-11 12:25:00+05:30,25557.44921875,25575.650390625,25549.5,25574.30078125,0.0
2025-11-11 12:30:00+05:30,25574.30078125,25590.55078125,25571.19921875,25589.5,0.0
2025-11-11 12:35:00+05:30,25588.599609375,25589.5,25571.19921875,25576.19921875,0.0
2025-11-11 12:40:00+05:30,25575.44921875,25579.400390625,25563.150390625,25572.900390625,0.0
2025-11-11 12:45:00+05:30,25572.349609375,25581.599609375,25565.69921875,25581.599609375,0.0
2025-11-11 12:50:00+05:30,25579.650390625,25582.75,25570.05078125,25573.75,0.0
2025-11-11 12:55:00+05:30,25572.599609375,25573.44921875,25558.849609375,25567.349609375,0.0
2025-11-11 13:00:00+05:30,25568.150390625,25571.599609375,25561.5,25568.19921875,0.0
2025-11-11 13:05:00+05:30,25567.900390625,25580.5,25566.30078125,25571.650390625,0.0
2025-11-11 13:10:00+05:30,25571.55078125,25588.349609375,25569.94921875,25588.349609375,0.0
2025-11-11 13:15:00+05:30,25587.849609375,25611.5,25586.80078125,25609.05078125,0.0
2025-11-11 13:20:00+05:30,25608.69921875,25615.599609375,25604.75,25615.25,0.0
2025-11-11 13:25:00+05:30,25614.900390625,25618.05078125,25605.650390625,25608.349609375,0.0
2025-11-11 13:30:00+05:30,25606.849609375,25624.0,25605.349609375,25623.25,0.0
2025-11-11 13:35:00+05:30,25622.650390625,25644.94921875,25620.099609375,25644.599609375,0.0
2025-11-11 13:40:00+05:30,25644.349609375,25647.75,25623.30078125,25626.44921875,0.0
2025-11-11 13:45:00+05:30,25626.44921875,25667.75,25625.80078125,25666.44921875,0.0
2025-11-11 13:50:00+05:30,25666.099609375,25672.5,25661.75,25670.69921875,0.0
2025-11-11 13:55:00+05:30,25670.5,25671.400390625,25622.25,25635.05078125,0.0
2025-11-11 14:00:00+05:30,25634.400390625,25651.05078125,25630.150390625,25642.599609375,0.0
2025-11-11 14:05:00+05:30,25641.849609375,25663.44921875,25640.849609375,25661.44921875,0.0
2025-11-11 14:10:00+05:30,25660.900390625,25662.849609375,25644.150390625,25647.19921875,0.0
2025-11-11 14:15:00+05:30,25646.400390625,25681.400390625,25645.150390625,25679.5,0.0
2025-11-11 14:20:00+05:30,25679.0,25686.55078125,25669.849609375,25686.55078125,0.0
2025-11-11 14:25:00+05:30,25685.75,25693.599609375,25683.349609375,25690.05078125,0.0
2025-11-11 14:30:00+05:30,25690.650390625,25699.80078125,25688.25,25696.69921875,0.0
2025-11-11 14:35:00+05:30,25696.05078125,25697.400390625,25654.55078125,25655.650390625,0.0
2025-11-11 14:40:00+05:30,25655.55078125,25679.05078125,25653.69921875,25663.44921875,0.0
2025-11-11 14:45:00+05:30,25662.849609375,25673.05078125,25660.75,25667.349609375,0.0
2025-11-11 14:50:00+05:30,25667.80078125,25693.19921875,25666.80078125,25681.599609375,0.0
2025-11-11 14:55:00+05:30,25680.80078125,25683.44921875,25670.75,25676.55078125,0.0
2025-11-11 15:00:00+05:30,25677.94921875,25702.150390625,25677.94921875,25693.849609375,0.0
2025-11-11 15:05:00+05:30,25692.849609375,25700.650390625,25676.5,25681.349609375,0.0
2025-11-11 15:10:00+05:30,25681.94921875,25697.099609375,25670.599609375,25694.900390625,0.0
2025-11-11 15:15:00+05:30,25695.30078125,25700.849609375,25686.94921875,25700.849609375,0.0
2025-11-11 15:20:00+05:30,25699.30078125,25706.900390625,25694.599609375,25704.150390625,0.0
2025-11-11 15:25:00+05:30,25704.55078125,25713.80078125,25703.05078125,25705.55078125,0.0
2025-11-12 09:15:00+05:30,25822.599609375,25832.5,25805.400390625,25807.19921875,0.0
2025-11-12 09:20:00+05:30,25808.599609375,25848.80078125,25805.94921875,25839.55078125,0.0
2025-11-12 09:25:00+05:30,25839.400390625,25839.94921875,25791.900390625,25794.0,0.0
2025-11-12 09:30:00+05:30,25792.75,25804.69921875,25786.900390625,25788.05078125,0.0
2025-11-12 09:35:00+05:30,25788.849609375,25796.0,25781.25,25786.0,0.0
2025-11-12 09:40:00+05:30,25786.349609375,25851.099609375,25784.599609375,25844.75,0.0
2025-11-12 09:45:00+05:30,25845.0,25857.69921875,25843.69921875,25853.80078125,0.0
2025-11-12 09:50:00+05:30,25852.900390625,25860.650390625,25846.5,25854.599609375,0.0
2025-11-12 09:55:00+05:30,25853.349609375,25860.94921875,25848.69921875,25856.849609375,0.0
2025-11-12 10:00:00+05:30,25859.400390625,25863.849609375,25844.30078125,25847.30078125,0.0
2025-11-12 10:05:00+05:30,25847.5,25858.05078125,25840.69921875,25845.25,0.0
2025-11-12 10:10:00+05:30,25845.349609375,25849.19921875,25836.19921875,25839.849609375,0.0
2025-11-12 10:15:00+05:30,25839.75,25852.55078125,25835.94921875,25836.94921875,0.0
2025-11-12 10:20:00+05:30,25837.44921875,25843.75,25829.94921875,25835.150390625,0.0
2025-11-12 10:25:00+05:30,25835.55078125,25841.349609375,25833.05078125,25840.30078125,0.0
2025-11-12 10:30:00+05:30,25840.19921875,25861.400390625,25835.44921875,25860.0,0.0
2025-11-12 10:35:00+05:30,25857.849609375,25869.44921875,25852.849609375,25867.19921875,0.0
2025-11-12 10:40:00+05:30,25867.599609375,25878.0,25866.80078125,25871.650390625,0.0
2025-11-12 10:45:00+05:30,25871.400390625,25876.099609375,25866.650390625,25874.80078125,0.0
2025-11-12 10:50:00+05:30,25874.05078125,25877.150390625,25869.849609375,25876.94921875,0.0
2025-11-12 10:55:00+05:30,25876.099609375,25876.849609375,25863.900390625,25865.349609375,0.0
2025-11-12 11:00:00+05:30,25865.349609375,25873.900390625,25862.94921875,25869.19921875,0.0
2025-11-12 11:05:00+05:30,25869.94921875,25882.849609375,25869.94921875,25881.69921875,0.0
2025-11-12 11:10:00+05:30,25881.75,25884.19921875,25873.650390625,25881.900390625,0.0
2025-11-12 11:15:00+05:30,25882.599609375,25884.650390625,25878.5,25880.30078125,0.0
2025-11-12 11:20:00+05:30,25880.69921875,25889.25,25878.900390625,25887.099609375,0.0
2025-11-12 11:25:00+05:30,25888.599609375,25891.19921875,25882.849609375,25887.099609375,0.0
2025-11-12 11:30:00+05:30,25886.849609375,25898.80078125,25884.349609375,25898.0,0.0
2025-11-12 11:35:00+05:30,25898.30078125,25900.349609375,25889.849609375,25893.94921875,0.0
2025-11-12 11:40:00+05:30,25894.099609375,25895.650390625,25888.25,25892.349609375,0.0
2025-11-12 11:45:00+05:30,25892.400390625,25901.099609375,25892.25,25896.30078125,0.0
2025-11-12 11:50:00+05:30,25896.150390625,25899.19921875,25892.349609375,25897.30078125,0.0
2025-11-12 11:55:00+05:30,25897.849609375,25907.599609375,25892.650390625,25893.150390625,0.0
2025-11-12 12:00:00+05:30,25892.5,25894.150390625,25886.69921875,25891.19921875,0.0
2025-11-12 12:05:00+05:30,25891.44921875,25900.44921875,25889.25,25899.44921875,0.0
2025-11-12 12:10:00+05:30,25899.5,25901.30078125,25886.099609375,25888.75,0.0
2025-11-12 12:15:00+05:30,25887.900390625,25892.55078125,25887.150390625,25888.900390625,0.0
2025-11-12 12:20:00+05:30,25888.900390625,25894.400390625,25887.19921875,25893.55078125,0.0
2025-11-12 12:25:00+05:30,25893.349609375,25901.80078125,25891.5,25897.75,0.0
2025-11-12 12:30:00+05:30,25897.599609375,25905.55078125,25897.599609375,25902.55078125,0.0
2025-11-12 12:35:00+05:30,25902.05078125,25919.05078125,25902.05078125,25916.69921875,0.0
2025-11-12 12:40:00+05:30,25915.599609375,25923.900390625,25914.900390625,25917.75,0.0
2025-11-12 12:45:00+05:30,25917.099609375,25920.349609375,25911.05078125,25912.349609375,0.0
2025-11-12 12:50:00+05:30,25912.650390625,25915.75,25901.05078125,25901.94921875,0.0
2025-11-12 12:55:00+05:30,25901.650390625,25917.55078125,25900.19921875,25915.69921875,0.0
2025-11-12 13:00:00+05:30,25915.80078125,25919.0,25912.55078125,25917.75,0.0
2025-11-12 13:05:00+05:30,25917.55078125,25920.650390625,25912.5,25915.5,0.0
2025-11-12 13:10:00+05:30,25915.19921875,25926.75,25915.19921875,25923.25,0.0
2025-11-12 13:15:00+05:30,25922.94921875,25926.05078125,25916.30078125,25920.19921875,0.0
2025-11-12 13:20:00+05:30,25920.0,25928.44921875,25918.75,25928.150390625,0.0
2025-11-12 13:25:00+05:30,25928.19921875,25929.400390625,25912.75,25915.55078125,0.0
2025-11-12 13:30:00+05:30,25915.849609375,25915.849609375,25903.05078125,25912.94921875,0.0
2025-11-12 13:35:00+05:30,25911.69921875,25928.80078125,25906.94921875,25926.94921875,0.0
2025-11-12 13:40:00+05:30,25926.349609375,25934.0,25913.69921875,25921.0,0.0
2025-11-12 13:45:00+05:30,25921.75,25927.099609375,25917.400390625,25922.94921875,0.0
2025-11-12 13:50:00+05:30,25923.0,25925.099609375,25919.400390625,25919.69921875,0.0
2025-11-12 13:55:00+05:30,25919.400390625,25922.94921875,25914.400390625,25915.75,0.0
2025-11-12 14:00:00+05:30,25916.099609375,25918.80078125,25904.94921875,25911.849609375,0.0
2025-11-12 14:05:00+05:30,25911.849609375,25912.94921875,25882.849609375,25884.650390625,0.0
2025-11-12 14:10:00+05:30,25885.25,25896.099609375,25878.099609375,25893.30078125,0.0
2025-11-12 14:15:00+05:30,25893.19921875,25896.0,25888.80078125,25890.94921875,0.0
2025-11-12 14:20:00+05:30,25890.80078125,25892.400390625,25878.19921875,25880.900390625,0.0
2025-11-12 14:25:00+05:30,25881.75,25908.5,25880.25,25888.5,0.0
2025-11-12 14:30:00+05:30,25887.30078125,25896.650390625,25886.349609375,25894.150390625,0.0
2025-11-12 14:35:00+05:30,25895.5,25898.0,25890.44921875,25890.80078125,0.0
2025-11-12 14:40:00+05:30,25890.69921875,25895.80078125,25869.599609375,25886.55078125,0.0
2025-11-12 14:45:00+05:30,25886.599609375,25890.349609375,25882.80078125,25884.05078125,0.0
2025-11-12 14:50:00+05:30,25884.05078125,25898.30078125,25882.75,25895.05078125,0.0
2025-11-12 14:55:00+05:30,25894.849609375,25898.44921875,25887.650390625,25894.55078125,0.0
2025-11-12 15:00:00+05:30,25896.400390625,25896.400390625,25886.849609375,25887.400390625,0.0
2025-11-12 15:05:00+05:30,25887.599609375,25897.0,25885.099609375,25895.25,0.0
2025-11-12 15:10:00+05:30,25895.400390625,25896.599609375,25880.849609375,25884.400390625,0.0
2025-11-12 15:15:00+05:30,25884.349609375,25885.0,25870.150390625,25870.150390625,0.0
2025-11-12 15:20:00+05:30,25872.19921875,25872.19921875,25857.55078125,25858.400390625,0.0
2025-11-12 15:25:00+05:30,25860.25,25877.30078125,25853.55078125,25874.0,0.0
2025-11-13 09:15:00+05:30,25902.44921875,25902.44921875,25834.599609375,25843.94921875,0.0
2025-11-13 09:20:00+05:30,25842.75,25846.44921875,25809.0,25846.44921875,0.0
2025-11-13 09:25:00+05:30,25847.349609375,25887.75,25846.400390625,25875.55078125,0.0
2025-11-13 09:30:00+05:30,25875.80078125,25877.75,25847.400390625,25849.150390625,0.0
2025-11-13 09:35:00+05:30,25848.25,25857.69921875,25831.900390625,25840.19921875,0.0
2025-11-13 09:40:00+05:30,25841.150390625,25858.400390625,25837.30078125,25857.0,0.0
2025-11-13 09:45:00+05:30,25856.30078125,25882.94921875,25855.55078125,25879.849609375,0.0
2025-11-13 09:50:00+05:30,25880.44921875,25888.400390625,25864.80078125,25864.94921875,0.0
2025-11-13 09:55:00+05:30,25865.25,25880.0,25858.80078125,25877.650390625,0.0
2025-11-13 10:00:00+05:30,25876.900390625,25886.80078125,25873.05078125,25876.349609375,0.0
2025-11-13 10:05:00+05:30,25876.849609375,25898.19921875,25873.900390625,25894.900390625,0.0
2025-11-13 10:10:00+05:30,25896.19921875,25900.25,25891.44921875,25898.5,0.0
2025-11-13 10:15:00+05:30,25898.55078125,25906.849609375,25896.80078125,25902.400390625,0.0
2025-11-13 10:20:00+05:30,25903.19921875,25914.5,25892.44921875,25913.19921875,0.0
2025-11-13 10:25:00+05:30,25912.150390625,25912.599609375,25905.099609375,25912.44921875,0.0
2025-11-13 10:30:00+05:30,25911.69921875,25926.19921875,25911.5,25925.099609375,0.0
2025-11-13 10:35:00+05:30,25925.400390625,25928.849609375,25920.25,25924.19921875,0.0
2025-11-13 10:40:00+05:30,25924.05078125,25929.900390625,25923.44921875,25928.44921875,0.0
2025-11-13 10:45:00+05:30,25928.30078125,25940.05078125,25925.599609375,25940.05078125,0.0
2025-11-13 10:50:00+05:30,25940.400390625,25947.55078125,25939.25,25943.44921875,0.0
2025-11-13 10:55:00+05:30,25943.75,25947.94921875,25941.44921875,25946.849609375,0.0
2025-11-13 11:00:00+05:30,25947.400390625,25965.150390625,25947.0,25964.30078125,0.0
2025-11-13 11:05:00+05:30,25965.30078125,25975.75,25964.75,25967.94921875,0.0
2025-11-13 11:10:00+05:30,25968.55078125,25968.80078125,25954.599609375,25963.349609375,0.0
2025-11-13 11:15:00+05:30,25963.400390625,25969.94921875,25960.55078125,25962.05078125,0.0
2025-11-13 11:20:00+05:30,25962.05078125,25970.94921875,25961.19921875,25967.349609375,0.0
2025-11-13 11:25:00+05:30,25966.80078125,25978.400390625,25965.349609375,25969.349609375,0.0
2025-11-13 11:30:00+05:30,25969.55078125,25969.75,25959.150390625,25960.75,0.0
2025-11-13 11:35:00+05:30,25960.150390625,25973.349609375,25958.05078125,25971.69921875,0.0
2025-11-13 11:40:00+05:30,25971.349609375,25973.099609375,25959.05078125,25963.19921875,0.0
2025-11-13 11:45:00+05:30,25963.150390625,25972.05078125,25959.099609375,25968.94921875,0.0
2025-11-13 11:50:00+05:30,25968.05078125,25974.150390625,25965.900390625,25972.349609375,0.0
2025-11-13 11:55:00+05:30,25972.599609375,25983.94921875,25967.19921875,25983.94921875,0.0
2025-11-13 12:00:00+05:30,25981.75,25981.94921875,25968.099609375,25972.5,0.0
2025-11-13 12:05:00+05:30,25972.400390625,25983.650390625,25970.25,25981.94921875,0.0
2025-11-13 12:10:00+05:30,25981.94921875,25984.75,25978.900390625,25980.099609375,0.0
2025-11-13 12:15:00+05:30,25980.5,25986.25,25976.150390625,25983.30078125,0.0
2025-11-13 12:20:00+05:30,25982.349609375,25987.25,25980.400390625,25985.599609375,0.0
2025-11-13 12:25:00+05:30,25985.099609375,25985.69921875,25977.900390625,25980.150390625,0.0
2025-11-13 12:30:00+05:30,25980.55078125,25980.900390625,25962.75,25962.75,0.0
2025-11-13 12:35:00+05:30,25963.849609375,25964.900390625,25942.05078125,25949.849609375,0.0
2025-11-13 12:40:00+05:30,25950.25,25954.599609375,25944.150390625,25949.30078125,0.0
2025-11-13 12:45:00+05:30,25949.900390625,25954.599609375,25944.25,25952.55078125,0.0
2025-11-13 12:50:00+05:30,25951.80078125,25961.80078125,25936.849609375,25942.69921875,0.0
2025-11-13 12:55:00+05:30,25942.0,25970.19921875,25940.150390625,25969.69921875,0.0
2025-11-13 13:00:00+05:30,25970.44921875,25989.400390625,25970.44921875,25983.69921875,0.0
2025-11-13 13:05:00+05:30,25983.099609375,25988.55078125,25978.55078125,25980.05078125,0.0
2025-11-13 13:10:00+05:30,25980.099609375,25981.55078125,25972.75,25977.94921875,0.0
2025-11-13 13:15:00+05:30,25978.55078125,25983.30078125,25970.900390625,25974.69921875,0.0
2025-11-13 13:20:00+05:30,25974.25,25989.099609375,25972.75,25985.0,0.0
2025-11-13 13:25:00+05:30,25984.400390625,25984.599609375,25973.599609375,25981.0,0.0
2025-11-13 13:30:00+05:30,25981.349609375,25982.94921875,25975.150390625,25977.849609375,0.0
2025-11-13 13:35:00+05:30,25977.75,25998.19921875,25977.55078125,25993.650390625,0.0
2025-11-13 13:40:00+05:30,25994.349609375,26010.0,25993.150390625,25998.599609375,0.0
2025-11-13 13:45:00+05:30,25998.599609375,26003.44921875,25985.0,25986.0,0.0
2025-11-13 13:50:00+05:30,25986.30078125,25988.55078125,25974.5,25976.19921875,0.0
2025-11-13 13:55:00+05:30,25975.849609375,25979.30078125,25928.44921875,25929.150390625,0.0
2025-11-13 14:00:00+05:30,25931.55078125,25936.650390625,25901.75,25907.650390625,0.0
2025-11-13 14:05:00+05:30,25908.69921875,25923.650390625,25893.30078125,25894.150390625,0.0
2025-11-13 14:10:00+05:30,25895.30078125,25898.400390625,25871.099609375,25894.44921875,0.0
2025-11-13 14:15:00+05:30,25894.0,25918.19921875,25892.900390625,25917.55078125,0.0
2025-11-13 14:20:00+05:30,25917.30078125,25919.650390625,25892.900390625,25910.5,0.0
2025-11-13 14:25:00+05:30,25909.849609375,25922.650390625,25907.80078125,25921.599609375,0.0
2025-11-13 14:30:00+05:30,25921.25,25932.849609375,25915.5,25915.55078125,0.0
2025-11-13 14:35:00+05:30,25915.30078125,25921.349609375,25906.0,25911.650390625,0.0
2025-11-13 14:40:00+05:30,25911.900390625,25939.94921875,25908.69921875,25924.05078125,0.0
2025-11-13 14:45:00+05:30,25923.80078125,25931.400390625,25919.30078125,25922.80078125,0.0
2025-11-13 14:50:00+05:30,25923.19921875,25925.900390625,25882.150390625,25899.650390625,0.0
2025-11-13 14:55:00+05:30,25899.650390625,25902.05078125,25878.5,25878.69921875,0.0
2025-11-13 15:00:00+05:30,25878.349609375,25889.650390625,25869.849609375,25888.650390625,0.0
2025-11-13 15:05:00+05:30,25889.19921875,25889.94921875,25876.349609375,25877.849609375,0.0
2025-11-13 15:10:00+05:30,25877.05078125,25881.0,25866.099609375,25878.55078125,0.0
2025-11-13 15:15:00+05:30,25878.19921875,25903.099609375,25868.44921875,25872.75,0.0
2025-11-13 15:20:00+05:30,25873.5,25883.80078125,25871.69921875,25876.150390625,0.0
2025-11-13 15:25:00+05:30,25875.19921875,25888.80078125,25873.400390625,25884.099609375,0.0
2025-11-14 09:15:00+05:30,25776.849609375,25826.44921875,25767.30078125,25810.69921875,0.0
2025-11-14 09:20:00+05:30,25811.099609375,25811.099609375,25783.55078125,25788.69921875,0.0
2025-11-14 09:25:00+05:30,25788.55078125,25823.19921875,25784.599609375,25823.19921875,0.0
2025-11-14 09:30:00+05:30,25824.0,25877.25,25819.0,25877.099609375,0.0
2025-11-14 09:35:00+05:30,25877.19921875,25878.94921875,25835.94921875,25840.400390625,0.0
2025-11-14 09:40:00+05:30,25839.94921875,25860.94921875,25837.44921875,25856.19921875,0.0
2025-11-14 09:45:00+05:30,25855.5,25866.75,25852.349609375,25854.69921875,0.0
2025-11-14 09:50:00+05:30,25854.69921875,25854.69921875,25791.849609375,25792.349609375,0.0
2025-11-14 09:55:00+05:30,25792.25,25818.0,25790.19921875,25810.69921875,0.0
2025-11-14 10:00:00+05:30,25811.349609375,25814.849609375,25765.0,25774.650390625,0.0
2025-11-14 10:05:00+05:30,25774.650390625,25804.150390625,25773.400390625,25789.599609375,0.0
2025-11-14 10:10:00+05:30,25789.849609375,25790.94921875,25773.849609375,25780.05078125,0.0
2025-11-14 10:15:00+05:30,25779.69921875,25801.44921875,25774.900390625,25798.650390625,0.0
2025-11-14 10:20:00+05:30,25797.400390625,25804.80078125,25786.0,25786.349609375,0.0
2025-11-14 10:25:00+05:30,25787.0,25792.349609375,25782.19921875,25783.349609375,0.0
2025-11-14 10:30:00+05:30,25783.849609375,25791.80078125,25771.5,25773.650390625,0.0
2025-11-14 10:35:00+05:30,25773.30078125,25777.599609375,25765.69921875,25768.849609375,0.0
2025-11-14 10:40:00+05:30,25769.19921875,25777.94921875,25751.849609375,25770.099609375,0.0
2025-11-14 10:45:00+05:30,25769.849609375,25787.75,25768.099609375,25785.599609375,0.0
2025-11-14 10:50:00+05:30,25786.0,25837.80078125,25786.0,25837.400390625,0.0
2025-11-14 10:55:00+05:30,25837.44921875,25852.150390625,25826.19921875,25848.150390625,0.0
2025-11-14 11:00:00+05:30,25849.150390625,25861.400390625,25837.80078125,25842.30078125,0.0
2025-11-14 11:05:00+05:30,25842.55078125,25853.400390625,25840.0,25849.599609375,0.0
2025-11-14 11:10:00+05:30,25849.150390625,25864.05078125,25845.30078125,25855.25,0.0
2025-11-14 11:15:00+05:30,25854.75,25863.099609375,25814.94921875,25821.94921875,0.0
2025-11-14 11:20:00+05:30,25821.650390625,25828.0,25813.94921875,25818.400390625,0.0
2025-11-14 11:25:00+05:30,25818.30078125,25821.900390625,25813.150390625,25815.19921875,0.0
2025-11-14 11:30:00+05:30,25815.19921875,25821.599609375,25799.099609375,25808.599609375,0.0
2025-11-14 11:35:00+05:30,25808.5,25815.150390625,25799.05078125,25801.150390625,0.0
2025-11-14 11:40:00+05:30,25800.849609375,25805.900390625,25786.150390625,25789.94921875,0.0
2025-11-14 11:45:00+05:30,25789.099609375,25805.75,25788.900390625,25798.900390625,0.0
2025-11-14 11:50:00+05:30,25798.44921875,25809.05078125,25797.0,25800.0,0.0
2025-11-14 11:55:00+05:30,25799.44921875,25800.0,25788.30078125,25789.44921875,0.0
2025-11-14 12:00:00+05:30,25788.94921875,25799.25,25788.80078125,25796.94921875,0.0
2025-11-14 12:05:00+05:30,25795.94921875,25802.55078125,25792.55078125,25797.099609375,0.0
2025-11-14 12:10:00+05:30,25795.55078125,25834.94921875,25795.55078125,25826.400390625,0.0
2025-11-14 12:15:00+05:30,25824.75,25826.150390625,25816.94921875,25826.150390625,0.0
2025-11-14 12:20:00+05:30,25825.900390625,25836.849609375,25818.099609375,25829.5,0.0
2025-11-14 12:25:00+05:30,25829.0,25839.25,25827.25,25834.099609375,0.0
2025-11-14 12:30:00+05:30,25833.150390625,25836.30078125,25805.599609375,25807.599609375,0.0
2025-11-14 12:35:00+05:30,25808.94921875,25817.5,25802.5,25804.849609375,0.0
2025-11-14 12:40:00+05:30,25804.75,25816.0,25803.150390625,25811.05078125,0.0
2025-11-14 12:45:00+05:30,25810.75,25815.25,25792.05078125,25813.44921875,0.0
2025-11-14 12:50:00+05:30,25813.25,25816.400390625,25800.900390625,25803.05078125,0.0
2025-11-14 12:55:00+05:30,25803.0,25809.44921875,25797.69921875,25799.900390625,0.0
2025-11-14 13:00:00+05:30,25799.650390625,25800.900390625,25786.30078125,25787.599609375,0.0
2025-11-14 13:05:00+05:30,25787.75,25795.80078125,25781.75,25788.5,0.0
2025-11-14 13:10:00+05:30,25788.25,25804.75,25784.55078125,25799.599609375,0.0
2025-11-14 13:15:00+05:30,25799.0,25816.69921875,25795.0,25806.349609375,0.0
2025-11-14 13:20:00+05:30,25804.69921875,25810.69921875,25801.94921875,25807.19921875,0.0
2025-11-14 13:25:00+05:30,25805.650390625,25820.19921875,25805.44921875,25818.30078125,0.0
2025-11-14 13:30:00+05:30,25818.0,25819.150390625,25801.099609375,25806.05078125,0.0
2025-11-14 13:35:00+05:30,25805.0,25806.19921875,25765.150390625,25767.150390625,0.0
2025-11-14 13:40:00+05:30,25769.44921875,25775.849609375,25759.30078125,25762.44921875,0.0
2025-11-14 13:45:00+05:30,25758.25,25770.55078125,25747.400390625,25762.900390625,0.0
2025-11-14 13:50:00+05:30,25763.099609375,25764.349609375,25741.69921875,25745.25,0.0
2025-11-14 13:55:00+05:30,25745.30078125,25766.400390625,25744.099609375,25762.30078125,0.0
2025-11-14 14:00:00+05:30,25762.55078125,25770.30078125,25760.05078125,25766.849609375,0.0
2025-11-14 14:05:00+05:30,25766.599609375,25777.599609375,25765.349609375,25770.650390625,0.0
2025-11-14 14:10:00+05:30,25770.75,25774.75,25760.900390625,25774.400390625,0.0
2025-11-14 14:15:00+05:30,25772.849609375,25774.650390625,25759.19921875,25771.900390625,0.0
2025-11-14 14:20:00+05:30,25771.599609375,25771.650390625,25757.150390625,25767.0,0.0
2025-11-14 14:25:00+05:30,25767.150390625,25790.400390625,25760.25,25784.0,0.0
2025-11-14 14:30:00+05:30,25783.80078125,25796.25,25772.099609375,25783.099609375,0.0
2025-11-14 14:35:00+05:30,25783.55078125,25797.30078125,25782.150390625,25794.25,0.0
2025-11-14 14:40:00+05:30,25794.05078125,25802.69921875,25785.349609375,25789.650390625,0.0
2025-11-14 14:45:00+05:30,25790.80078125,25800.150390625,25782.349609375,25785.349609375,0.0
2025-11-14 14:50:00+05:30,25784.599609375,25791.69921875,25759.099609375,25768.349609375,0.0
2025-11-14 14:55:00+05:30,25768.55078125,25777.69921875,25759.099609375,25766.30078125,0.0
2025-11-14 15:00:00+05:30,25767.599609375,25892.30078125,25767.599609375,25886.25,0.0
2025-11-14 15:05:00+05:30,25887.55078125,25936.44921875,25887.55078125,25936.349609375,0.0
2025-11-14 15:10:00+05:30,25937.44921875,25939.650390625,25907.150390625,25930.19921875,0.0
2025-11-14 15:15:00+05:30,25930.94921875,25935.25,25913.650390625,25918.150390625,0.0
2025-11-14 15:20:00+05:30,25917.25,25935.55078125,25917.25,25931.599609375,0.0
2025-11-14 15:25:00+05:30,25930.75,25936.80078125,25906.30078125,25916.80078125,0.0
2025-11-17 09:15:00+05:30,25940.599609375,25952.05078125,25906.599609375,25951.05078125,0.0
2025-11-17 09:20:00+05:30,25952.44921875,25965.30078125,25942.80078125,25944.0,0.0
2025-11-17 09:25:00+05:30,25944.0,25975.5,25942.650390625,25964.55078125,0.0
2025-11-17 09:30:00+05:30,25966.44921875,25978.900390625,25960.650390625,25960.650390625,0.0
2025-11-17 09:35:00+05:30,25960.599609375,25973.0,25958.55078125,25961.150390625,0.0
2025-11-17 09:40:00+05:30,25961.349609375,25974.75,25958.05078125,25971.400390625,0.0
2025-11-17 09:45:00+05:30,25971.400390625,25972.900390625,25949.0,25962.44921875,0.0
2025-11-17 09:50:00+05:30,25963.05078125,25968.75,25958.05078125,25964.75,0.0
2025-11-17 09:55:00+05:30,25965.400390625,25979.5,25964.75,25965.19921875,0.0
2025-11-17 10:00:00+05:30,25966.0,25969.599609375,25949.400390625,25954.099609375,0.0
2025-11-17 10:05:00+05:30,25954.150390625,25962.400390625,25947.19921875,25948.69921875,0.0
2025-11-17 10:10:00+05:30,25948.94921875,25951.94921875,25944.30078125,25949.30078125,0.0
2025-11-17 10:15:00+05:30,25949.44921875,25965.150390625,25947.599609375,25963.900390625,0.0
2025-11-17 10:20:00+05:30,25965.0,25971.349609375,25963.75,25967.19921875,0.0
2025-11-17 10:25:00+05:30,25965.94921875,25966.94921875,25935.75,25939.349609375,0.0
2025-11-17 10:30:00+05:30,25939.94921875,25949.099609375,25938.5,25947.55078125,0.0
2025-11-17 10:35:00+05:30,25948.099609375,25950.900390625,25930.94921875,25933.80078125,0.0
2025-11-17 10:40:00+05:30,25934.94921875,25937.0,25924.75,25936.0,0.0
2025-11-17 10:45:00+05:30,25936.05078125,25944.400390625,25933.30078125,25940.25,0.0
2025-11-17 10:50:00+05:30,25939.80078125,25939.94921875,25929.30078125,25936.25,0.0
2025-11-17 10:55:00+05:30,25936.400390625,25945.599609375,25935.900390625,25943.19921875,0.0
2025-11-17 11:00:00+05:30,25942.44921875,25954.19921875,25942.44921875,25948.650390625,0.0
2025-11-17 11:05:00+05:30,25948.94921875,25949.400390625,25934.94921875,25948.69921875,0.0
2025-11-17 11:10:00+05:30,25949.05078125,25949.05078125,25942.75,25946.19921875,0.0
2025-11-17 11:15:00+05:30,25946.80078125,25950.55078125,25939.55078125,25939.55078125,0.0
2025-11-17 11:20:00+05:30,25939.900390625,25941.5,25929.25,25941.349609375,0.0
2025-11-17 11:25:00+05:30,25941.25,25941.25,25920.900390625,25928.0,0.0
2025-11-17 11:30:00+05:30,25928.25,25934.150390625,25915.099609375,25933.099609375,0.0
2025-11-17 11:35:00+05:30,25933.75,25939.5,25929.30078125,25932.900390625,0.0
2025-11-17 11:40:00+05:30,25932.150390625,25943.349609375,25930.05078125,25943.150390625,0.0
2025-11-17 11:45:00+05:30,25943.5,25945.5,25933.69921875,25943.349609375,0.0
2025-11-17 11:50:00+05:30,25944.150390625,25957.05078125,25944.150390625,25956.0,0.0
2025-11-17 11:55:00+05:30,25955.69921875,25971.0,25954.900390625,25965.30078125,0.0
2025-11-17 12:00:00+05:30,25964.80078125,25968.650390625,25951.099609375,25954.55078125,0.0
2025-11-17 12:05:00+05:30,25953.650390625,25973.69921875,25949.25,25969.400390625,0.0
2025-11-17 12:10:00+05:30,25969.349609375,25973.80078125,25965.94921875,25967.650390625,0.0
2025-11-17 12:15:00+05:30,25968.5,25976.650390625,25967.400390625,25975.30078125,0.0
2025-11-17 12:20:00+05:30,25975.599609375,25976.69921875,25967.44921875,25972.69921875,0.0
2025-11-17 12:25:00+05:30,25972.5,25975.349609375,25966.94921875,25967.599609375,0.0
2025-11-17 12:30:00+05:30,25968.900390625,25978.849609375,25962.69921875,25978.349609375,0.0
2025-11-17 12:35:00+05:30,25977.44921875,25988.55078125,25976.900390625,25981.75,0.0
2025-11-17 12:40:00+05:30,25981.849609375,25990.55078125,25981.80078125,25987.19921875,0.0
2025-11-17 12:45:00+05:30,25986.849609375,25995.30078125,25984.30078125,25988.55078125,0.0
2025-11-17 12:50:00+05:30,25990.05078125,25995.44921875,25979.30078125,25993.80078125,0.0
2025-11-17 12:55:00+05:30,25992.19921875,25996.19921875,25989.849609375,25994.099609375,0.0
2025-11-17 13:00:00+05:30,25994.900390625,25996.0,25985.94921875,25987.099609375,0.0
2025-11-17 13:05:00+05:30,25987.19921875,25988.849609375,25972.80078125,25977.25,0.0
2025-11-17 13:10:00+05:30,25977.44921875,25984.44921875,25976.349609375,25980.94921875,0.0
2025-11-17 13:15:00+05:30,25980.349609375,25983.5,25977.69921875,25979.80078125,0.0
2025-11-17 13:20:00+05:30,25980.25,25983.0,25969.30078125,25972.80078125,0.0
2025-11-17 13:25:00+05:30,25973.099609375,25981.05078125,25972.19921875,25975.75,0.0
2025-11-17 13:30:00+05:30,25976.75,25980.80078125,25965.650390625,25979.69921875,0.0
2025-11-17 13:35:00+05:30,25979.94921875,25996.900390625,25979.94921875,25983.94921875,0.0
2025-11-17 13:40:00+05:30,25984.25,25996.849609375,25980.099609375,25993.5,0.0
2025-11-17 13:45:00+05:30,25993.69921875,25999.900390625,25992.400390625,25995.44921875,0.0
2025-11-17 13:50:00+05:30,25996.0,26002.94921875,25987.849609375,25994.30078125,0.0
2025-11-17 13:55:00+05:30,25994.25,25999.599609375,25991.650390625,25997.349609375,0.0
2025-11-17 14:00:00+05:30,25997.400390625,26019.05078125,25997.099609375,26018.25,0.0
2025-11-17 14:05:00+05:30,26018.30078125,26022.94921875,26008.69921875,26011.849609375,0.0
2025-11-17 14:10:00+05:30,26011.5,26015.349609375,26009.19921875,26010.5,0.0
2025-11-17 14:15:00+05:30,26011.19921875,26013.25,25982.75,25983.0,0.0
2025-11-17 14:20:00+05:30,25983.400390625,25998.80078125,25980.0,25991.55078125,0.0
2025-11-17 14:25:00+05:30,25992.599609375,26002.099609375,25991.0,25994.44921875,0.0
2025-11-17 14:30:00+05:30,25994.44921875,26006.94921875,25990.099609375,26002.349609375,0.0
2025-11-17 14:35:00+05:30,26001.80078125,26005.099609375,25994.650390625,26004.25,0.0
2025-11-17 14:40:00+05:30,26003.5,26008.599609375,25980.0,25981.150390625,0.0
2025-11-17 14:45:00+05:30,25981.400390625,25993.0,25977.19921875,25993.0,0.0
2025-11-17 14:50:00+05:30,25991.69921875,25994.0,25987.599609375,25991.30078125,0.0
2025-11-17 14:55:00+05:30,25990.75,25998.849609375,25990.05078125,25993.94921875,0.0
2025-11-17 15:00:00+05:30,25996.5,26013.150390625,25990.0,26010.05078125,0.0
2025-11-17 15:05:00+05:30,26010.69921875,26013.099609375,26005.099609375,26012.69921875,0.0
2025-11-17 15:10:00+05:30,26013.75,26014.94921875,26011.150390625,26012.400390625,0.0
2025-11-17 15:15:00+05:30,26013.150390625,26019.5,26009.349609375,26016.05078125,0.0
2025-11-17 15:20:00+05:30,26017.849609375,26020.19921875,26013.099609375,26014.30078125,0.0
2025-11-17 15:25:00+05:30,26014.849609375,26023.650390625,26009.400390625,26014.30078125,0.0
2025-11-18 09:15:00+05:30,26023.599609375,26023.599609375,25930.5,25947.349609375,0.0
2025-11-18 09:20:00+05:30,25946.099609375,25960.349609375,25940.19921875,25959.25,0.0
2025-11-18 09:25:00+05:30,25959.150390625,25971.650390625,25954.0,25963.0,0.0
2025-11-18 09:30:00+05:30,25963.19921875,25971.75,25951.599609375,25963.55078125,0.0
2025-11-18 09:35:00+05:30,25963.05078125,25963.94921875,25943.30078125,25943.30078125,0.0
2025-11-18 09:40:00+05:30,25942.099609375,25954.849609375,25938.94921875,25952.05078125,0.0
2025-11-18 09:45:00+05:30,25949.150390625,25959.05078125,25927.44921875,25927.44921875,0.0
2025-11-18 09:50:00+05:30,25926.55078125,25926.55078125,25912.400390625,25916.44921875,0.0
2025-11-18 09:55:00+05:30,25916.25,25917.80078125,25896.19921875,25896.19921875,0.0
2025-11-18 10:00:00+05:30,25895.849609375,25912.099609375,25882.30078125,25908.94921875,0.0
2025-11-18 10:05:00+05:30,25910.900390625,25914.599609375,25897.150390625,25902.849609375,0.0
2025-11-18 10:10:00+05:30,25903.30078125,25903.69921875,25894.69921875,25895.849609375,0.0
2025-11-18 10:15:00+05:30,25895.25,25909.80078125,25893.44921875,25908.150390625,0.0
2025-11-18 10:20:00+05:30,25908.69921875,25917.650390625,25908.69921875,25912.900390625,0.0
2025-11-18 10:25:00+05:30,25913.19921875,25916.900390625,25898.5,25898.80078125,0.0
2025-11-18 10:30:00+05:30,25898.69921875,25902.849609375,25882.900390625,25884.0,0.0
2025-11-18 10:35:00+05:30,25884.349609375,25890.94921875,25877.25,25890.55078125,0.0
2025-11-18 10:40:00+05:30,25890.400390625,25894.849609375,25886.599609375,25891.80078125,0.0
2025-11-18 10:45:00+05:30,25891.94921875,25914.75,25886.650390625,25914.44921875,0.0
2025-11-18 10:50:00+05:30,25915.099609375,25918.25,25905.30078125,25909.05078125,0.0
2025-11-18 10:55:00+05:30,25908.75,25930.849609375,25907.349609375,25921.900390625,0.0
2025-11-18 11:00:00+05:30,25922.55078125,25936.19921875,25921.55078125,25927.94921875,0.0
2025-11-18 11:05:00+05:30,25927.44921875,25932.25,25923.44921875,25930.55078125,0.0
2025-11-18 11:10:00+05:30,25930.900390625,25935.30078125,25929.0,25933.900390625,0.0
2025-11-18 11:15:00+05:30,25932.599609375,25946.099609375,25931.349609375,25945.19921875,0.0
2025-11-18 11:20:00+05:30,25946.05078125,25949.400390625,25942.94921875,25943.19921875,0.0
2025-11-18 11:25:00+05:30,25943.400390625,25945.5,25924.849609375,25924.849609375,0.0
2025-11-18 11:30:00+05:30,25925.0,25939.849609375,25924.19921875,25938.25,0.0
2025-11-18 11:35:00+05:30,25938.349609375,25944.80078125,25937.05078125,25943.849609375,0.0
2025-11-18 11:40:00+05:30,25944.150390625,25956.650390625,25944.150390625,25956.349609375,0.0
2025-11-18 11:45:00+05:30,25956.69921875,25977.349609375,25955.150390625,25972.849609375,0.0
2025-11-18 11:50:00+05:30,25972.849609375,25983.19921875,25963.650390625,25975.69921875,0.0
2025-11-18 11:55:00+05:30,25976.400390625,25977.30078125,25967.69921875,25974.349609375,0.0
2025-11-18 12:00:00+05:30,25974.30078125,25981.400390625,25968.19921875,25969.349609375,0.0
2025-11-18 12:05:00+05:30,25969.5,25969.900390625,25963.099609375,25967.69921875,0.0
2025-11-18 12:10:00+05:30,25968.650390625,25968.80078125,25962.44921875,25962.5,0.0
2025-11-18 12:15:00+05:30,25962.5,25964.25,25953.0,25955.05078125,0.0
2025-11-18 12:20:00+05:30,25955.099609375,25955.94921875,25943.650390625,25944.900390625,0.0
2025-11-18 12:25:00+05:30,25944.150390625,25956.55078125,25939.849609375,25953.0,0.0
2025-11-18 12:30:00+05:30,25953.099609375,25959.19921875,25946.80078125,25949.0,0.0
2025-11-18 12:35:00+05:30,25949.0,25951.599609375,25930.80078125,25940.25,0.0
2025-11-18 12:40:00+05:30,25940.69921875,25945.150390625,25936.400390625,25940.94921875,0.0
2025-11-18 12:45:00+05:30,25940.80078125,25946.150390625,25931.44921875,25932.0,0.0
2025-11-18 12:50:00+05:30,25931.80078125,25947.30078125,25927.599609375,25947.0,0.0
2025-11-18 12:55:00+05:30,25946.75,25956.19921875,25942.099609375,25943.400390625,0.0
2025-11-18 13:00:00+05:30,25943.55078125,25962.25,25943.55078125,25960.150390625,0.0
2025-11-18 13:05:00+05:30,25960.25,25963.650390625,25956.099609375,25961.25,0.0
2025-11-18 13:10:00+05:30,25961.25,25965.19921875,25953.19921875,25953.5,0.0
2025-11-18 13:15:00+05:30,25952.94921875,25973.099609375,25952.94921875,25967.349609375,0.0
2025-11-18 13:20:00+05:30,25967.25,25976.69921875,25967.099609375,25971.80078125,0.0
2025-11-18 13:25:00+05:30,25971.55078125,25974.0,25966.900390625,25969.599609375,0.0
2025-11-18 13:30:00+05:30,25969.650390625,25977.5,25969.19921875,25974.650390625,0.0
2025-11-18 13:35:00+05:30,25975.349609375,25987.80078125,25975.0,25985.849609375,0.0
2025-11-18 13:40:00+05:30,25986.05078125,25986.900390625,25957.650390625,25978.400390625,0.0
2025-11-18 13:45:00+05:30,25978.5,25983.900390625,25964.69921875,25974.349609375,0.0
2025-11-18 13:50:00+05:30,25973.849609375,25979.55078125,25972.94921875,25972.94921875,0.0
2025-11-18 13:55:00+05:30,25972.94921875,25973.80078125,25967.75,25970.55078125,0.0
2025-11-18 14:00:00+05:30,25970.94921875,25985.650390625,25969.94921875,25985.599609375,0.0
2025-11-18 14:05:00+05:30,25985.5,25997.150390625,25971.69921875,25974.75,0.0
2025-11-18 14:10:00+05:30,25976.05078125,25990.849609375,25971.599609375,25988.69921875,0.0
2025-11-18 14:15:00+05:30,25988.44921875,25994.94921875,25973.349609375,25974.30078125,0.0
2025-11-18 14:20:00+05:30,25974.75,25987.55078125,25969.5,25979.849609375,0.0
2025-11-18 14:25:00+05:30,25979.900390625,25990.69921875,25964.5,25966.5,0.0
2025-11-18 14:30:00+05:30,25966.25,25973.69921875,25952.599609375,25962.80078125,0.0
2025-11-18 14:35:00+05:30,25962.80078125,25971.69921875,25957.30078125,25971.19921875,0.0
2025-11-18 14:40:00+05:30,25970.55078125,25971.94921875,25953.94921875,25955.05078125,0.0
2025-11-18 14:45:00+05:30,25955.25,25960.05078125,25946.900390625,25949.55078125,0.0
2025-11-18 14:50:00+05:30,25950.400390625,25953.75,25937.849609375,25939.94921875,0.0
2025-11-18 14:55:00+05:30,25939.19921875,25947.05078125,25937.19921875,25942.400390625,0.0
2025-11-18 15:00:00+05:30,25942.44921875,25946.599609375,25918.849609375,25923.19921875,0.0
2025-11-18 15:05:00+05:30,25923.150390625,25930.349609375,25901.44921875,25905.400390625,0.0
2025-11-18 15:10:00+05:30,25906.5,25929.5,25897.349609375,25897.75,0.0
2025-11-18 15:15:00+05:30,25896.94921875,25909.05078125,25891.05078125,25895.19921875,0.0
2025-11-18 15:20:00+05:30,25893.900390625,25900.44921875,25876.75,25898.849609375,0.0
2025-11-18 15:25:00+05:30,25898.150390625,25902.150390625,25880.5,25894.69921875,0.0
2025-11-19 09:15:00+05:30,25929.849609375,25929.849609375,25857.5,25858.25,0.0
2025-11-19 09:20:00+05:30,25858.599609375,25906.80078125,25856.69921875,25900.650390625,0.0
2025-11-19 09:25:00+05:30,25900.5,25915.55078125,25900.25,25904.5,0.0
2025-11-19 09:30:00+05:30,25903.650390625,25916.150390625,25886.0,25886.0,0.0
2025-11-19 09:35:00+05:30,25886.75,25912.349609375,25884.599609375,25909.75,0.0
2025-11-19 09:40:00+05:30,25909.80078125,25915.30078125,25901.19921875,25909.30078125,0.0
2025-11-19 09:45:00+05:30,25909.80078125,25911.30078125,25891.650390625,25891.94921875,0.0
2025-11-19 09:50:00+05:30,25891.94921875,25912.099609375,25883.80078125,25912.099609375,0.0
2025-11-19 09:55:00+05:30,25911.150390625,25924.05078125,25909.849609375,25920.349609375,0.0
2025-11-19 10:00:00+05:30,25920.150390625,25927.55078125,25913.19921875,25927.150390625,0.0
2025-11-19 10:05:00+05:30,25926.400390625,25936.099609375,25925.099609375,25933.150390625,0.0
2025-11-19 10:10:00+05:30,25933.05078125,25954.5,25925.55078125,25952.099609375,0.0
2025-11-19 10:15:00+05:30,25952.30078125,25968.150390625,25951.44921875,25965.80078125,0.0
2025-11-19 10:20:00+05:30,25965.599609375,25970.400390625,25961.80078125,25967.25,0.0
2025-11-19 10:25:00+05:30,25966.400390625,25971.0,25956.5,25957.849609375,0.0
2025-11-19 10:30:00+05:30,25957.55078125,25977.55078125,25957.349609375,25977.05078125,0.0
2025-11-19 10:35:00+05:30,25976.05078125,25978.900390625,25968.05078125,25969.05078125,0.0
2025-11-19 10:40:00+05:30,25969.0,25969.69921875,25961.400390625,25963.099609375,0.0
2025-11-19 10:45:00+05:30,25962.69921875,25969.599609375,25946.400390625,25954.5,0.0
2025-11-19 10:50:00+05:30,25954.25,25969.75,25951.30078125,25967.44921875,0.0
2025-11-19 10:55:00+05:30,25967.94921875,25969.599609375,25951.599609375,25952.099609375,0.0
2025-11-19 11:00:00+05:30,25951.80078125,25955.099609375,25940.0,25943.650390625,0.0
2025-11-19 11:05:00+05:30,25943.94921875,25955.849609375,25936.599609375,25939.599609375,0.0
2025-11-19 11:10:00+05:30,25938.55078125,25939.75,25925.599609375,25927.0,0.0
2025-11-19 11:15:00+05:30,25927.19921875,25934.19921875,25917.80078125,25932.849609375,0.0
2025-11-19 11:20:00+05:30,25933.05078125,25941.599609375,25932.69921875,25938.400390625,0.0
2025-11-19 11:25:00+05:30,25938.900390625,25952.25,25938.400390625,25948.30078125,0.0
2025-11-19 11:30:00+05:30,25948.75,25952.19921875,25947.849609375,25949.900390625,0.0
2025-11-19 11:35:00+05:30,25950.25,25955.650390625,25949.30078125,25954.0,0.0
2025-11-19 11:40:00+05:30,25953.55078125,25972.099609375,25952.150390625,25968.900390625,0.0
2025-11-19 11:45:00+05:30,25969.25,25976.75,25968.80078125,25974.75,0.0
2025-11-19 11:50:00+05:30,25974.5,25976.849609375,25970.599609375,25972.150390625,0.0
2025-11-19 11:55:00+05:30,25972.650390625,25976.0,25968.94921875,25974.25,0.0
2025-11-19 12:00:00+05:30,25974.25,25994.05078125,25974.05078125,25990.19921875,0.0
2025-11-19 12:05:00+05:30,25990.30078125,25999.75,25988.400390625,25990.349609375,0.0
2025-11-19 12:10:00+05:30,25990.19921875,25996.75,25989.19921875,25993.30078125,0.0
2025-11-19 12:15:00+05:30,25993.5,26010.349609375,25993.5,25996.349609375,0.0
2025-11-19 12:20:00+05:30,25996.599609375,26006.25,25996.44921875,26004.69921875,0.0
2025-11-19 12:25:00+05:30,26004.400390625,26016.75,26004.150390625,26013.30078125,0.0
2025-11-19 12:30:00+05:30,26013.0,26031.05078125,26012.25,26025.349609375,0.0
2025-11-19 12:35:00+05:30,26024.69921875,26027.849609375,26014.0,26016.44921875,0.0
2025-11-19 12:40:00+05:30,26016.150390625,26022.05078125,26012.55078125,26017.599609375,0.0
2025-11-19 12:45:00+05:30,26016.25,26028.349609375,26012.30078125,26025.75,0.0
2025-11-19 12:50:00+05:30,26025.55078125,26031.44921875,26016.849609375,26022.349609375,0.0
2025-11-19 12:55:00+05:30,26021.55078125,26026.80078125,26015.349609375,26017.400390625,0.0
2025-11-19 13:00:00+05:30,26016.94921875,26027.349609375,26016.400390625,26025.650390625,0.0
2025-11-19 13:05:00+05:30,26025.80078125,26038.599609375,26018.94921875,26019.19921875,0.0
2025-11-19 13:10:00+05:30,26019.55078125,26030.05078125,26018.19921875,26027.900390625,0.0
2025-11-19 13:15:00+05:30,26029.0,26029.80078125,26015.900390625,26018.0,0.0
2025-11-19 13:20:00+05:30,26018.599609375,26022.599609375,26016.25,26019.900390625,0.0
2025-11-19 13:25:00+05:30,26020.599609375,26020.75,26001.94921875,26002.400390625,0.0
2025-11-19 13:30:00+05:30,26002.69921875,26012.25,26001.650390625,26002.19921875,0.0
2025-11-19 13:35:00+05:30,26002.900390625,26004.19921875,25994.30078125,25999.099609375,0.0
2025-11-19 13:40:00+05:30,25998.650390625,26004.55078125,25987.30078125,26004.55078125,0.0
2025-11-19 13:45:00+05:30,26004.75,26011.55078125,26000.5,26010.19921875,0.0
2025-11-19 13:50:00+05:30,26011.150390625,26014.849609375,26009.099609375,26012.05078125,0.0
2025-11-19 13:55:00+05:30,26012.150390625,26017.75,26006.849609375,26006.849609375,0.0
2025-11-19 14:00:00+05:30,26007.25,26016.349609375,25993.400390625,26014.80078125,0.0
2025-11-19 14:05:00+05:30,26014.80078125,26022.94921875,26010.44921875,26013.599609375,0.0
2025-11-19 14:10:00+05:30,26013.94921875,26034.0,26008.69921875,26033.0,0.0
2025-11-19 14:15:00+05:30,26033.099609375,26048.349609375,26032.55078125,26044.650390625,0.0
2025-11-19 14:20:00+05:30,26044.099609375,26047.19921875,26040.55078125,26043.400390625,0.0
2025-11-19 14:25:00+05:30,26042.849609375,26048.599609375,26041.94921875,26045.150390625,0.0
2025-11-19 14:30:00+05:30,26045.849609375,26050.94921875,26041.400390625,26042.30078125,0.0
2025-11-19 14:35:00+05:30,26042.150390625,26050.0,26040.650390625,26048.900390625,0.0
2025-11-19 14:40:00+05:30,26049.400390625,26074.55078125,26048.150390625,26061.5,0.0
2025-11-19 14:45:00+05:30,26062.650390625,26064.30078125,26057.849609375,26058.599609375,0.0
2025-11-19 14:50:00+05:30,26058.69921875,26066.30078125,26058.55078125,26061.5,0.0
2025-11-19 14:55:00+05:30,26061.599609375,26065.25,26052.55078125,26054.849609375,0.0
2025-11-19 15:00:00+05:30,26055.849609375,26063.5,26051.94921875,26052.150390625,0.0
2025-11-19 15:05:00+05:30,26052.25,26054.400390625,26046.849609375,26052.80078125,0.0
2025-11-19 15:10:00+05:30,26052.80078125,26062.099609375,26050.400390625,26059.099609375,0.0
2025-11-19 15:15:00+05:30,26059.25,26059.650390625,26050.80078125,26053.150390625,0.0
2025-11-19 15:20:00+05:30,26052.25,26056.25,26043.30078125,26047.25,0.0
2025-11-19 15:25:00+05:30,26047.099609375,26053.150390625,26041.150390625,26052.69921875,0.0
2025-11-20 09:15:00+05:30,26128.69921875,26128.69921875,26084.150390625,26099.69921875,0.0
2025-11-20 09:20:00+05:30,26099.44921875,26105.400390625,26081.099609375,26096.30078125,0.0
2025-11-20 09:25:00+05:30,26096.400390625,26104.94921875,26082.900390625,26104.94921875,0.0
2025-11-20 09:30:00+05:30,26103.69921875,26111.400390625,26095.849609375,26104.5,0.0
2025-11-20 09:35:00+05:30,26104.400390625,26111.900390625,26096.30078125,26104.599609375,0.0
2025-11-20 09:40:00+05:30,26105.0,26105.349609375,26064.05078125,26077.94921875,0.0
2025-11-20 09:45:00+05:30,26077.5,26093.19921875,26068.19921875,26088.650390625,0.0
2025-11-20 09:50:00+05:30,26089.0,26095.55078125,26083.25,26084.400390625,0.0
2025-11-20 09:55:00+05:30,26084.25,26091.94921875,26074.099609375,26077.19921875,0.0
2025-11-20 10:00:00+05:30,26076.94921875,26087.69921875,26076.150390625,26085.05078125,0.0
2025-11-20 10:05:00+05:30,26085.55078125,26103.44921875,26082.400390625,26099.44921875,0.0
2025-11-20 10:10:00+05:30,26099.599609375,26105.900390625,26090.44921875,26099.650390625,0.0
2025-11-20 10:15:00+05:30,26100.69921875,26109.349609375,26097.400390625,26103.5,0.0
2025-11-20 10:20:00+05:30,26105.099609375,26106.19921875,26098.25,26101.0,0.0
2025-11-20 10:25:00+05:30,26101.55078125,26115.25,26098.599609375,26113.75,0.0
2025-11-20 10:30:00+05:30,26114.0,26121.94921875,26112.75,26117.80078125,0.0
2025-11-20 10:35:00+05:30,26116.900390625,26121.75,26114.55078125,26119.599609375,0.0
2025-11-20 10:40:00+05:30,26119.0,26130.849609375,26117.0,26128.400390625,0.0
2025-11-20 10:45:00+05:30,26128.25,26141.44921875,26124.099609375,26140.400390625,0.0
2025-11-20 10:50:00+05:30,26140.75,26144.849609375,26138.25,26138.80078125,0.0
2025-11-20 10:55:00+05:30,26138.5,26138.900390625,26128.69921875,26130.55078125,0.0
2025-11-20 11:00:00+05:30,26129.849609375,26137.099609375,26126.05078125,26136.599609375,0.0
2025-11-20 11:05:00+05:30,26137.5,26140.400390625,26131.94921875,26138.05078125,0.0
2025-11-20 11:10:00+05:30,26138.150390625,26141.30078125,26133.099609375,26133.099609375,0.0
2025-11-20 11:15:00+05:30,26133.400390625,26135.94921875,26126.94921875,26127.80078125,0.0
2025-11-20 11:20:00+05:30,26128.19921875,26138.05078125,26126.849609375,26137.349609375,0.0
2025-11-20 11:25:00+05:30,26136.80078125,26140.30078125,26133.0,26136.599609375,0.0
2025-11-20 11:30:00+05:30,26136.69921875,26148.5,26133.150390625,26147.349609375,0.0
2025-11-20 11:35:00+05:30,26147.75,26148.400390625,26141.19921875,26142.55078125,0.0
2025-11-20 11:40:00+05:30,26142.5,26146.599609375,26138.55078125,26145.75,0.0
2025-11-20 11:45:00+05:30,26145.75,26146.44921875,26132.0,26134.099609375,0.0
2025-11-20 11:50:00+05:30,26134.05078125,26136.25,26125.849609375,26133.5,0.0
2025-11-20 11:55:00+05:30,26133.75,26144.349609375,26133.0,26143.5,0.0
2025-11-20 12:00:00+05:30,26143.75,26152.599609375,26142.150390625,26145.69921875,0.0
2025-11-20 12:05:00+05:30,26145.5,26148.55078125,26140.150390625,26140.650390625,0.0
2025-11-20 12:10:00+05:30,26141.150390625,26146.44921875,26140.150390625,26146.05078125,0.0
2025-11-20 12:15:00+05:30,26146.150390625,26150.0,26135.349609375,26147.44921875,0.0
2025-11-20 12:20:00+05:30,26146.80078125,26157.69921875,26142.900390625,26154.150390625,0.0
2025-11-20 12:25:00+05:30,26153.900390625,26162.099609375,26153.0,26160.0,0.0
2025-11-20 12:30:00+05:30,26160.05078125,26167.0,26158.19921875,26164.650390625,0.0
2025-11-20 12:35:00+05:30,26164.599609375,26171.150390625,26164.0,26168.55078125,0.0
2025-11-20 12:40:00+05:30,26168.900390625,26174.25,26165.650390625,26170.349609375,0.0
2025-11-20 12:45:00+05:30,26170.05078125,26177.099609375,26169.599609375,26174.099609375,0.0
2025-11-20 12:50:00+05:30,26173.75,26176.94921875,26169.25,26171.650390625,0.0
2025-11-20 12:55:00+05:30,26171.599609375,26174.599609375,26167.599609375,26172.150390625,0.0
2025-11-20 13:00:00+05:30,26172.69921875,26184.69921875,26171.0,26181.19921875,0.0
2025-11-20 13:05:00+05:30,26180.849609375,26182.650390625,26171.0,26173.69921875,0.0
2025-11-20 13:10:00+05:30,26173.349609375,26181.30078125,26173.349609375,26177.80078125,0.0
2025-11-20 13:15:00+05:30,26177.099609375,26185.55078125,26174.94921875,26182.69921875,0.0
2025-11-20 13:20:00+05:30,26182.69921875,26190.900390625,26172.900390625,26187.55078125,0.0
2025-11-20 13:25:00+05:30,26187.75,26204.05078125,26186.69921875,26203.25,0.0
2025-11-20 13:30:00+05:30,26203.19921875,26204.44921875,26198.849609375,26200.05078125,0.0
2025-11-20 13:35:00+05:30,26200.150390625,26214.30078125,26198.80078125,26213.400390625,0.0
2025-11-20 13:40:00+05:30,26213.44921875,26215.150390625,26204.55078125,26206.099609375,0.0
2025-11-20 13:45:00+05:30,26206.150390625,26216.349609375,26200.849609375,26211.94921875,0.0
2025-11-20 13:50:00+05:30,26211.69921875,26227.650390625,26209.94921875,26224.849609375,0.0
2025-11-20 13:55:00+05:30,26224.30078125,26225.900390625,26218.599609375,26218.900390625,0.0
2025-11-20 14:00:00+05:30,26218.55078125,26221.05078125,26211.75,26220.349609375,0.0
2025-11-20 14:05:00+05:30,26220.19921875,26227.80078125,26217.349609375,26224.75,0.0
2025-11-20 14:10:00+05:30,26224.400390625,26227.75,26221.94921875,26224.650390625,0.0
2025-11-20 14:15:00+05:30,26224.25,26246.19921875,26224.25,26237.94921875,0.0
2025-11-20 14:20:00+05:30,26237.75,26238.650390625,26230.94921875,26236.400390625,0.0
2025-11-20 14:25:00+05:30,26236.5,26236.5,26198.80078125,26200.55078125,0.0
2025-11-20 14:30:00+05:30,26200.25,26218.900390625,26199.30078125,26205.80078125,0.0
2025-11-20 14:35:00+05:30,26205.25,26225.05078125,26204.19921875,26218.69921875,0.0
2025-11-20 14:40:00+05:30,26218.349609375,26223.80078125,26195.30078125,26195.30078125,0.0
2025-11-20 14:45:00+05:30,26195.05078125,26220.849609375,26192.849609375,26208.30078125,0.0
2025-11-20 14:50:00+05:30,26208.5,26215.94921875,26191.599609375,26191.849609375,0.0
2025-11-20 14:55:00+05:30,26191.599609375,26211.30078125,26191.0,26208.349609375,0.0
2025-11-20 15:00:00+05:30,26209.900390625,26217.849609375,26169.599609375,26187.19921875,0.0
2025-11-20 15:05:00+05:30,26186.55078125,26202.25,26173.650390625,26188.05078125,0.0
2025-11-20 15:10:00+05:30,26187.099609375,26208.05078125,26173.5,26203.19921875,0.0
2025-11-20 15:15:00+05:30,26204.599609375,26205.25,26187.30078125,26191.150390625,0.0
2025-11-20 15:20:00+05:30,26191.19921875,26200.349609375,26187.30078125,26196.55078125,0.0
2025-11-20 15:25:00+05:30,26196.099609375,26204.650390625,26191.80078125,26197.400390625,0.0
2025-11-21 09:15:00+05:30,26121.19921875,26141.849609375,26096.5,26138.75,0.0
2025-11-21 09:20:00+05:30,26136.5,26161.400390625,26125.94921875,26159.05078125,0.0
2025-11-21 09:25:00+05:30,26159.69921875,26169.25,26156.19921875,26158.19921875,0.0
2025-11-21 09:30:00+05:30,26158.55078125,26173.69921875,26149.05078125,26151.349609375,0.0
2025-11-21 09:35:00+05:30,26151.69921875,26153.400390625,26139.69921875,26147.5,0.0
2025-11-21 09:40:00+05:30,26147.94921875,26159.25,26129.150390625,26131.30078125,0.0
2025-11-21 09:45:00+05:30,26129.900390625,26130.150390625,26112.349609375,26121.599609375,0.0
2025-11-21 09:50:00+05:30,26120.599609375,26123.94921875,26109.05078125,26109.150390625,0.0
2025-11-21 09:55:00+05:30,26109.44921875,26120.349609375,26093.44921875,26119.400390625,0.0
2025-11-21 10:00:00+05:30,26119.80078125,26120.69921875,26092.099609375,26094.30078125,0.0
2025-11-21 10:05:00+05:30,26094.150390625,26096.94921875,26084.75,26086.5,0.0
2025-11-21 10:10:00+05:30,26086.900390625,26096.5,26082.05078125,26087.400390625,0.0
2025-11-21 10:15:00+05:30,26088.0,26088.0,26065.099609375,26067.30078125,0.0
2025-11-21 10:20:00+05:30,26066.099609375,26069.900390625,26055.94921875,26068.44921875,0.0
2025-11-21 10:25:00+05:30,26068.55078125,26074.80078125,26061.19921875,26067.849609375,0.0
2025-11-21 10:30:00+05:30,26068.0,26075.0,26062.5,26069.55078125,0.0
2025-11-21 10:35:00+05:30,26067.599609375,26079.75,26059.94921875,26076.150390625,0.0
2025-11-21 10:40:00+05:30,26075.55078125,26076.650390625,26068.80078125,26071.55078125,0.0
2025-11-21 10:45:00+05:30,26071.849609375,26077.0,26064.25,26075.75,0.0
2025-11-21 10:50:00+05:30,26075.69921875,26078.25,26061.099609375,26069.19921875,0.0
2025-11-21 10:55:00+05:30,26069.099609375,26094.150390625,26065.30078125,26093.94921875,0.0
2025-11-21 11:00:00+05:30,26093.19921875,26095.349609375,26084.849609375,26085.69921875,0.0
2025-11-21 11:05:00+05:30,26084.94921875,26085.849609375,26064.80078125,26083.349609375,0.0
2025-11-21 11:10:00+05:30,26083.44921875,26110.55078125,26083.400390625,26106.69921875,0.0
2025-11-21 11:15:00+05:30,26107.19921875,26108.150390625,26098.650390625,26099.55078125,0.0
2025-11-21 11:20:00+05:30,26100.44921875,26101.19921875,26087.150390625,26090.19921875,0.0
2025-11-21 11:25:00+05:30,26090.150390625,26105.19921875,26081.19921875,26103.0,0.0
2025-11-21 11:30:00+05:30,26103.19921875,26104.19921875,26079.94921875,26085.69921875,0.0
2025-11-21 11:35:00+05:30,26085.44921875,26097.650390625,26085.099609375,26090.900390625,0.0
2025-11-21 11:40:00+05:30,26090.44921875,26092.099609375,26070.94921875,26086.349609375,0.0
2025-11-21 11:45:00+05:30,26086.30078125,26091.55078125,26085.599609375,26090.099609375,0.0
2025-11-21 11:50:00+05:30,26090.25,26097.5,26088.80078125,26096.30078125,0.0
2025-11-21 11:55:00+05:30,26096.19921875,26098.900390625,26092.19921875,26093.099609375,0.0
2025-11-21 12:00:00+05:30,26093.30078125,26106.75,26086.099609375,26106.55078125,0.0
2025-11-21 12:05:00+05:30,26106.650390625,26110.900390625,26104.69921875,26107.55078125,0.0
2025-11-21 12:10:00+05:30,26107.349609375,26126.349609375,26107.150390625,26123.900390625,0.0
2025-11-21 12:15:00+05:30,26124.55078125,26139.75,26122.55078125,26138.19921875,0.0
2025-11-21 12:20:00+05:30,26139.94921875,26159.69921875,26137.599609375,26157.55078125,0.0
2025-11-21 12:25:00+05:30,26157.650390625,26160.69921875,26147.150390625,26152.75,0.0
2025-11-21 12:30:00+05:30,26151.44921875,26152.75,26137.349609375,26142.400390625,0.0
2025-11-21 12:35:00+05:30,26141.5,26147.44921875,26135.099609375,26143.30078125,0.0
2025-11-21 12:40:00+05:30,26143.69921875,26153.400390625,26140.0,26149.05078125,0.0
2025-11-21 12:45:00+05:30,26149.0,26163.599609375,26148.55078125,26162.94921875,0.0
2025-11-21 12:50:00+05:30,26162.44921875,26179.099609375,26160.55078125,26172.19921875,0.0
2025-11-21 12:55:00+05:30,26172.19921875,26177.30078125,26165.30078125,26166.0,0.0
2025-11-21 13:00:00+05:30,26166.19921875,26170.44921875,26161.19921875,26166.900390625,0.0
2025-11-21 13:05:00+05:30,26166.849609375,26169.05078125,26158.75,26161.150390625,0.0
2025-11-21 13:10:00+05:30,26161.55078125,26163.05078125,26133.94921875,26135.55078125,0.0
2025-11-21 13:15:00+05:30,26136.400390625,26140.599609375,26114.349609375,26115.75,0.0
2025-11-21 13:20:00+05:30,26115.849609375,26121.650390625,26108.349609375,26108.400390625,0.0
2025-11-21 13:25:00+05:30,26109.599609375,26119.5,26104.75,26116.349609375,0.0
2025-11-21 13:30:00+05:30,26116.80078125,26122.94921875,26110.849609375,26121.55078125,0.0
2025-11-21 13:35:00+05:30,26123.19921875,26126.55078125,26111.30078125,26119.150390625,0.0
2025-11-21 13:40:00+05:30,26119.650390625,26120.849609375,26101.349609375,26103.400390625,0.0
2025-11-21 13:45:00+05:30,26103.44921875,26115.75,26099.349609375,26113.599609375,0.0
2025-11-21 13:50:00+05:30,26114.150390625,26129.099609375,26108.69921875,26129.099609375,0.0
2025-11-21 13:55:00+05:30,26129.25,26138.599609375,26127.80078125,26138.599609375,0.0
2025-11-21 14:00:00+05:30,26138.849609375,26138.94921875,26129.55078125,26132.849609375,0.0
2025-11-21 14:05:00+05:30,26132.30078125,26144.599609375,26123.650390625,26142.94921875,0.0
2025-11-21 14:10:00+05:30,26143.05078125,26148.69921875,26138.099609375,26147.150390625,0.0
2025-11-21 14:15:00+05:30,26146.75,26154.94921875,26140.349609375,26141.44921875,0.0
2025-11-21 14:20:00+05:30,26142.80078125,26153.05078125,26140.55078125,26149.150390625,0.0
2025-11-21 14:25:00+05:30,26148.75,26152.400390625,26145.55078125,26149.94921875,0.0
2025-11-21 14:30:00+05:30,26150.25,26155.400390625,26145.55078125,26150.599609375,0.0
2025-11-21 14:35:00+05:30,26150.0,26161.69921875,26144.849609375,26145.80078125,0.0
2025-11-21 14:40:00+05:30,26146.400390625,26148.55078125,26127.44921875,26128.099609375,0.0
2025-11-21 14:45:00+05:30,26126.94921875,26133.44921875,26106.44921875,26106.599609375,0.0
2025-11-21 14:50:00+05:30,26107.25,26111.650390625,26091.900390625,26092.55078125,0.0
2025-11-21 14:55:00+05:30,26091.900390625,26093.55078125,26067.75,26070.349609375,0.0
2025-11-21 15:00:00+05:30,26071.05078125,26084.349609375,26065.75,26078.5,0.0
2025-11-21 15:05:00+05:30,26078.849609375,26079.849609375,26068.150390625,26070.19921875,0.0
2025-11-21 15:10:00+05:30,26071.25,26073.400390625,26064.05078125,26069.349609375,0.0
2025-11-21 15:15:00+05:30,26070.150390625,26080.400390625,26064.349609375,26064.349609375,0.0
2025-11-21 15:20:00+05:30,26064.900390625,26069.849609375,26052.80078125,26055.75,0.0
2025-11-21 15:25:00+05:30,26057.05078125,26067.55078125,26056.349609375,26063.94921875,0.0
2025-11-24 09:15:00+05:30,26128.30078125,26134.19921875,26082.650390625,26097.25,0.0
2025-11-24 09:20:00+05:30,26096.94921875,26120.400390625,26091.150390625,26098.900390625,0.0
2025-11-24 09:25:00+05:30,26099.25,26114.900390625,26098.19921875,26113.599609375,0.0
2025-11-24 09:30:00+05:30,26115.099609375,26116.80078125,26090.25,26092.94921875,0.0
2025-11-24 09:35:00+05:30,26093.44921875,26093.900390625,26077.94921875,26088.099609375,0.0
2025-11-24 09:40:00+05:30,26088.400390625,26093.25,26074.400390625,26074.900390625,0.0
2025-11-24 09:45:00+05:30,26076.19921875,26097.44921875,26064.69921875,26095.69921875,0.0
2025-11-24 09:50:00+05:30,26095.44921875,26107.900390625,26086.30078125,26087.25,0.0
2025-11-24 09:55:00+05:30,26087.400390625,26093.25,26084.0,26085.400390625,0.0
2025-11-24 10:00:00+05:30,26085.400390625,26110.900390625,26085.400390625,26107.900390625,0.0
2025-11-24 10:05:00+05:30,26108.650390625,26118.69921875,26108.650390625,26117.44921875,0.0
2025-11-24 10:10:00+05:30,26117.75,26130.349609375,26114.25,26128.5,0.0
2025-11-24 10:15:00+05:30,26129.05078125,26129.55078125,26110.5,26113.94921875,0.0
2025-11-24 10:20:00+05:30,26114.30078125,26128.69921875,26114.05078125,26125.150390625,0.0
2025-11-24 10:25:00+05:30,26125.19921875,26128.80078125,26121.25,26121.25,0.0
2025-11-24 10:30:00+05:30,26121.25,26130.599609375,26117.0,26129.400390625,0.0
2025-11-24 10:35:00+05:30,26128.19921875,26142.5,26128.19921875,26137.44921875,0.0
2025-11-24 10:40:00+05:30,26137.80078125,26141.75,26130.5,26130.94921875,0.0
2025-11-24 10:45:00+05:30,26131.900390625,26137.30078125,26126.849609375,26132.05078125,0.0
2025-11-24 10:50:00+05:30,26131.80078125,26131.80078125,26113.30078125,26114.099609375,0.0
2025-11-24 10:55:00+05:30,26114.400390625,26115.30078125,26108.150390625,26108.400390625,0.0
2025-11-24 11:00:00+05:30,26108.599609375,26110.5,26094.400390625,26105.25,0.0
2025-11-24 11:05:00+05:30,26105.400390625,26106.349609375,26098.099609375,26099.75,0.0
2025-11-24 11:10:00+05:30,26100.599609375,26102.69921875,26094.94921875,26098.099609375,0.0
2025-11-24 11:15:00+05:30,26098.400390625,26098.400390625,26088.099609375,26093.5,0.0
2025-11-24 11:20:00+05:30,26093.94921875,26099.349609375,26092.75,26096.80078125,0.0
2025-11-24 11:25:00+05:30,26097.099609375,26123.44921875,26096.400390625,26122.599609375,0.0
2025-11-24 11:30:00+05:30,26122.19921875,26126.0,26118.650390625,26122.19921875,0.0
2025-11-24 11:35:00+05:30,26122.05078125,26130.94921875,26117.94921875,26118.25,0.0
2025-11-24 11:40:00+05:30,26118.900390625,26122.25,26114.599609375,26117.150390625,0.0
2025-11-24 11:45:00+05:30,26117.30078125,26117.30078125,26096.30078125,26097.650390625,0.0
2025-11-24 11:50:00+05:30,26098.150390625,26098.150390625,26068.30078125,26069.849609375,0.0
2025-11-24 11:55:00+05:30,26070.400390625,26079.099609375,26063.400390625,26077.400390625,0.0
2025-11-24 12:00:00+05:30,26078.44921875,26089.5,26075.44921875,26083.849609375,0.0
2025-11-24 12:05:00+05:30,26083.94921875,26085.849609375,26072.650390625,26072.900390625,0.0
2025-11-24 12:10:00+05:30,26073.44921875,26074.400390625,26065.599609375,26069.099609375,0.0
2025-11-24 12:15:00+05:30,26068.650390625,26082.099609375,26066.55078125,26077.44921875,0.0
2025-11-24 12:20:00+05:30,26078.25,26089.349609375,26069.44921875,26073.650390625,0.0
2025-11-24 12:25:00+05:30,26073.349609375,26074.849609375,26059.55078125,26065.55078125,0.0
2025-11-24 12:30:00+05:30,26066.75,26080.099609375,26047.0,26077.599609375,0.0
2025-11-24 12:35:00+05:30,26078.400390625,26083.849609375,26074.650390625,26077.05078125,0.0
2025-11-24 12:40:00+05:30,26078.05078125,26080.849609375,26073.30078125,26078.0,0.0
2025-11-24 12:45:00+05:30,26078.19921875,26088.19921875,26077.150390625,26085.30078125,0.0
2025-11-24 12:50:00+05:30,26086.5,26093.30078125,26073.44921875,26074.849609375,0.0
2025-11-24 12:55:00+05:30,26075.900390625,26085.69921875,26068.30078125,26084.75,0.0
2025-11-24 13:00:00+05:30,26085.69921875,26088.349609375,26071.75,26074.599609375,0.0
2025-11-24 13:05:00+05:30,26075.05078125,26090.30078125,26065.650390625,26083.900390625,0.0
2025-11-24 13:10:00+05:30,26084.400390625,26092.94921875,26079.650390625,26080.599609375,0.0
2025-11-24 13:15:00+05:30,26081.80078125,26091.44921875,26078.19921875,26088.150390625,0.0
2025-11-24 13:20:00+05:30,26089.0,26096.05078125,26089.0,26091.05078125,0.0
2025-11-24 13:25:00+05:30,26093.349609375,26094.150390625,26077.55078125,26083.44921875,0.0
2025-11-24 13:30:00+05:30,26083.69921875,26083.69921875,26076.19921875,26079.19921875,0.0
2025-11-24 13:35:00+05:30,26079.5,26091.0,26070.44921875,26070.44921875,0.0
2025-11-24 13:40:00+05:30,26071.599609375,26088.400390625,26062.80078125,26086.55078125,0.0
2025-11-24 13:45:00+05:30,26088.349609375,26090.05078125,26079.0,26080.69921875,0.0
2025-11-24 13:50:00+05:30,26081.80078125,26086.150390625,26074.5,26076.94921875,0.0
2025-11-24 13:55:00+05:30,26077.900390625,26083.25,26069.0,26069.55078125,0.0
2025-11-24 14:00:00+05:30,26069.900390625,26072.94921875,26049.400390625,26050.75,0.0
2025-11-24 14:05:00+05:30,26051.19921875,26053.05078125,26035.099609375,26035.599609375,0.0
2025-11-24 14:10:00+05:30,26036.19921875,26058.349609375,26036.19921875,26057.150390625,0.0
2025-11-24 14:15:00+05:30,26054.650390625,26060.05078125,26039.55078125,26039.55078125,0.0
2025-11-24 14:20:00+05:30,26040.5,26040.900390625,26026.0,26026.55078125,0.0
2025-11-24 14:25:00+05:30,26027.75,26039.099609375,26026.150390625,26026.150390625,0.0
2025-11-24 14:30:00+05:30,26027.30078125,26040.75,26026.0,26026.150390625,0.0
2025-11-24 14:35:00+05:30,26026.80078125,26033.75,26018.94921875,26023.599609375,0.0
2025-11-24 14:40:00+05:30,26024.150390625,26036.849609375,26023.349609375,26025.69921875,0.0
2025-11-24 14:45:00+05:30,26027.099609375,26038.900390625,26026.19921875,26029.650390625,0.0
2025-11-24 14:50:00+05:30,26030.19921875,26039.05078125,26015.94921875,26019.75,0.0
2025-11-24 14:55:00+05:30,26020.650390625,26043.44921875,26019.849609375,26039.05078125,0.0
2025-11-24 15:00:00+05:30,26039.80078125,26057.75,25977.19921875,25977.19921875,0.0
2025-11-24 15:05:00+05:30,25977.44921875,25977.44921875,25955.349609375,25964.55078125,0.0
2025-11-24 15:10:00+05:30,25964.900390625,25968.099609375,25952.55078125,25954.400390625,0.0
2025-11-24 15:15:00+05:30,25954.55078125,25960.650390625,25948.80078125,25950.94921875,0.0
2025-11-24 15:20:00+05:30,25951.400390625,25952.099609375,25928.0,25930.900390625,0.0
2025-11-24 15:25:00+05:30,25930.80078125,25952.25,25913.0,25943.349609375,0.0
2025-11-25 09:15:00+05:30,25997.599609375,25997.599609375,25924.55078125,25965.0,0.0
2025-11-25 09:20:00+05:30,25963.75,25968.75,25942.55078125,25955.849609375,0.0
2025-11-25 09:25:00+05:30,25955.099609375,25969.150390625,25946.44921875,25955.19921875,0.0
2025-11-25 09:30:00+05:30,25954.849609375,25979.599609375,25953.80078125,25977.55078125,0.0
2025-11-25 09:35:00+05:30,25979.400390625,25980.650390625,25960.94921875,25969.5,0.0
2025-11-25 09:40:00+05:30,25969.400390625,25978.69921875,25968.25,25969.099609375,0.0
2025-11-25 09:45:00+05:30,25969.0,25975.80078125,25961.05078125,25961.150390625,0.0
2025-11-25 09:50:00+05:30,25960.25,25988.099609375,25952.099609375,25983.900390625,0.0
2025-11-25 09:55:00+05:30,25984.05078125,25990.599609375,25978.94921875,25988.400390625,0.0
2025-11-25 10:00:00+05:30,25987.650390625,26000.099609375,25985.55078125,25989.900390625,0.0
2025-11-25 10:05:00+05:30,25988.650390625,26005.849609375,25988.650390625,26005.150390625,0.0
2025-11-25 10:10:00+05:30,26005.650390625,26025.25,26004.150390625,26018.599609375,0.0
2025-11-25 10:15:00+05:30,26019.349609375,26024.0,26013.0,26014.099609375,0.0
2025-11-25 10:20:00+05:30,26013.19921875,26019.94921875,26005.5,26015.19921875,0.0
2025-11-25 10:25:00+05:30,26014.94921875,26020.25,26005.099609375,26010.55078125,0.0
2025-11-25 10:30:00+05:30,26010.849609375,26020.400390625,26001.150390625,26001.69921875,0.0
2025-11-25 10:35:00+05:30,26001.900390625,26012.650390625,25992.44921875,26008.650390625,0.0
2025-11-25 10:40:00+05:30,26007.900390625,26009.75,25991.400390625,25991.400390625,0.0
2025-11-25 10:45:00+05:30,25991.75,25991.900390625,25982.349609375,25984.5,0.0
2025-11-25 10:50:00+05:30,25984.69921875,25990.55078125,25973.05078125,25975.25,0.0
2025-11-25 10:55:00+05:30,25975.44921875,25976.05078125,25938.44921875,25939.099609375,0.0
2025-11-25 11:00:00+05:30,25938.94921875,25939.900390625,25927.150390625,25934.900390625,0.0
2025-11-25 11:05:00+05:30,25934.900390625,25938.849609375,25931.05078125,25937.0,0.0
2025-11-25 11:10:00+05:30,25936.849609375,25945.349609375,25933.099609375,25945.19921875,0.0
2025-11-25 11:15:00+05:30,25945.25,25953.80078125,25944.44921875,25948.80078125,0.0
2025-11-25 11:20:00+05:30,25949.0,25953.19921875,25942.349609375,25950.25,0.0
2025-11-25 11:25:00+05:30,25950.25,25964.80078125,25949.55078125,25962.80078125,0.0
2025-11-25 11:30:00+05:30,25962.69921875,25966.349609375,25958.099609375,25965.19921875,0.0
2025-11-25 11:35:00+05:30,25965.25,25968.650390625,25962.0,25966.900390625,0.0
2025-11-25 11:40:00+05:30,25966.5,25969.80078125,25950.55078125,25952.150390625,0.0
2025-11-25 11:45:00+05:30,25952.0,25964.44921875,25950.650390625,25962.69921875,0.0
2025-11-25 11:50:00+05:30,25963.55078125,25976.349609375,25962.349609375,25973.650390625,0.0
2025-11-25 11:55:00+05:30,25973.0,25994.75,25972.25,25987.44921875,0.0
2025-11-25 12:00:00+05:30,25987.5,25990.69921875,25974.900390625,25975.75,0.0
2025-11-25 12:05:00+05:30,25976.349609375,25991.150390625,25975.849609375,25988.599609375,0.0
2025-11-25 12:10:00+05:30,25988.30078125,25988.75,25973.44921875,25981.400390625,0.0
2025-11-25 12:15:00+05:30,25981.599609375,25986.0,25963.0,25964.44921875,0.0
2025-11-25 12:20:00+05:30,25964.0,25964.75,25954.349609375,25957.94921875,0.0
2025-11-25 12:25:00+05:30,25958.349609375,25975.900390625,25954.55078125,25957.94921875,0.0
2025-11-25 12:30:00+05:30,25958.19921875,25969.650390625,25958.19921875,25966.900390625,0.0
2025-11-25 12:35:00+05:30,25966.69921875,25977.80078125,25964.75,25974.75,0.0
2025-11-25 12:40:00+05:30,25974.650390625,25990.150390625,25972.900390625,25987.44921875,0.0
2025-11-25 12:45:00+05:30,25987.25,25994.19921875,25986.30078125,25986.30078125,0.0
2025-11-25 12:50:00+05:30,25986.30078125,25998.80078125,25979.25,25994.5,0.0
2025-11-25 12:55:00+05:30,25994.55078125,26002.19921875,25983.900390625,25983.900390625,0.0
2025-11-25 13:00:00+05:30,25984.05078125,25984.19921875,25969.650390625,25974.94921875,0.0
2025-11-25 13:05:00+05:30,25974.80078125,26006.400390625,25973.599609375,26001.55078125,0.0
2025-11-25 13:10:00+05:30,26002.349609375,26009.30078125,25986.150390625,25990.25,0.0
2025-11-25 13:15:00+05:30,25990.0,26001.69921875,25987.650390625,25990.599609375,0.0
2025-11-25 13:20:00+05:30,25991.30078125,26002.0,25983.349609375,26000.30078125,0.0
2025-11-25 13:25:00+05:30,26000.099609375,26014.849609375,25998.19921875,26009.19921875,0.0
2025-11-25 13:30:00+05:30,26008.599609375,26012.599609375,25989.19921875,26004.94921875,0.0
2025-11-25 13:35:00+05:30,26003.94921875,26013.400390625,26000.400390625,26011.349609375,0.0
2025-11-25 13:40:00+05:30,26010.75,26012.349609375,25992.80078125,25996.44921875,0.0
2025-11-25 13:45:00+05:30,25995.69921875,26009.25,25987.19921875,25999.099609375,0.0
2025-11-25 13:50:00+05:30,25998.599609375,26008.75,25996.19921875,26007.55078125,0.0
2025-11-25 13:55:00+05:30,26008.099609375,26010.5,26001.19921875,26008.349609375,0.0
2025-11-25 14:00:00+05:30,26008.349609375,26023.44921875,26006.44921875,26019.75,0.0
2025-11-25 14:05:00+05:30,26020.19921875,26028.55078125,26013.599609375,26013.599609375,0.0
2025-11-25 14:10:00+05:30,26014.150390625,26023.849609375,26012.900390625,26020.25,0.0
2025-11-25 14:15:00+05:30,26020.599609375,26032.099609375,26003.05078125,26004.19921875,0.0
2025-11-25 14:20:00+05:30,26003.650390625,26012.900390625,25989.0,25990.900390625,0.0
2025-11-25 14:25:00+05:30,25989.650390625,25992.150390625,25972.099609375,25973.650390625,0.0
2025-11-25 14:30:00+05:30,25972.55078125,25972.75,25953.75,25958.44921875,0.0
2025-11-25 14:35:00+05:30,25958.44921875,25968.900390625,25943.75,25947.349609375,0.0
2025-11-25 14:40:00+05:30,25946.69921875,25966.5,25942.900390625,25963.400390625,0.0
2025-11-25 14:45:00+05:30,25962.75,25966.849609375,25950.69921875,25959.099609375,0.0
2025-11-25 14:50:00+05:30,25959.25,25963.599609375,25920.349609375,25921.69921875,0.0
2025-11-25 14:55:00+05:30,25921.150390625,25932.599609375,25898.75,25899.80078125,0.0
2025-11-25 15:00:00+05:30,25899.30078125,25920.400390625,25869.75,25883.400390625,0.0
2025-11-25 15:05:00+05:30,25884.849609375,25901.19921875,25879.80078125,25887.400390625,0.0
2025-11-25 15:10:00+05:30,25885.44921875,25901.849609375,25881.650390625,25886.0,0.0
2025-11-25 15:15:00+05:30,25886.05078125,25886.05078125,25877.0,25879.349609375,0.0
2025-11-25 15:20:00+05:30,25880.0,25882.599609375,25870.099609375,25873.5,0.0
2025-11-25 15:25:00+05:30,25872.75,25874.25,25858.400390625,25860.30078125,0.0
2025-11-26 09:15:00+05:30,25842.94921875,25969.05078125,25842.94921875,25969.05078125,0.0
2025-11-26 09:20:00+05:30,25969.650390625,25977.349609375,25965.099609375,25969.349609375,0.0
2025-11-26 09:25:00+05:30,25969.30078125,25983.400390625,25965.599609375,25979.30078125,0.0
2025-11-26 09:30:00+05:30,25979.900390625,26014.55078125,25979.599609375,26011.0,0.0
2025-11-26 09:35:00+05:30,26011.44921875,26015.75,25999.099609375,26003.099609375,0.0
2025-11-26 09:40:00+05:30,26003.30078125,26025.44921875,26000.80078125,26024.599609375,0.0
2025-11-26 09:45:00+05:30,26024.099609375,26049.650390625,26024.099609375,26049.44921875,0.0
2025-11-26 09:50:00+05:30,26049.19921875,26080.05078125,26048.30078125,26077.349609375,0.0
2025-11-26 09:55:00+05:30,26076.30078125,26084.150390625,26068.05078125,26077.94921875,0.0
2025-11-26 10:00:00+05:30,26077.44921875,26092.44921875,26077.44921875,26087.400390625,0.0
2025-11-26 10:05:00+05:30,26087.25,26098.19921875,26085.900390625,26092.80078125,0.0
2025-11-26 10:10:00+05:30,26092.94921875,26095.19921875,26074.75,26084.5,0.0
2025-11-26 10:15:00+05:30,26084.25,26092.69921875,26082.05078125,26084.349609375,0.0
2025-11-26 10:20:00+05:30,26085.599609375,26085.599609375,26068.150390625,26077.099609375,0.0
2025-11-26 10:25:00+05:30,26077.400390625,26079.650390625,26061.900390625,26067.25,0.0
2025-11-26 10:30:00+05:30,26067.30078125,26088.44921875,26066.19921875,26078.80078125,0.0
2025-11-26 10:35:00+05:30,26077.94921875,26089.19921875,26073.0,26088.400390625,0.0
2025-11-26 10:40:00+05:30,26088.5,26093.400390625,26084.55078125,26092.19921875,0.0
2025-11-26 10:45:00+05:30,26091.650390625,26130.5,26091.650390625,26123.44921875,0.0
2025-11-26 10:50:00+05:30,26122.94921875,26126.099609375,26103.55078125,26106.55078125,0.0
2025-11-26 10:55:00+05:30,26106.55078125,26114.80078125,26103.94921875,26109.150390625,0.0
2025-11-26 11:00:00+05:30,26108.5,26121.900390625,26108.5,26118.5,0.0
2025-11-26 11:05:00+05:30,26118.099609375,26126.69921875,26111.94921875,26117.400390625,0.0
2025-11-26 11:10:00+05:30,26117.44921875,26118.75,26113.400390625,26116.5,0.0
2025-11-26 11:15:00+05:30,26116.75,26131.80078125,26115.900390625,26130.900390625,0.0
2025-11-26 11:20:00+05:30,26129.94921875,26135.94921875,26127.849609375,26130.75,0.0
2025-11-26 11:25:00+05:30,26130.44921875,26139.25,26127.900390625,26131.80078125,0.0
2025-11-26 11:30:00+05:30,26131.44921875,26138.75,26127.30078125,26134.94921875,0.0
2025-11-26 11:35:00+05:30,26135.0,26137.099609375,26124.900390625,26126.25,0.0
2025-11-26 11:40:00+05:30,26126.099609375,26129.05078125,26120.849609375,26121.5,0.0
2025-11-26 11:45:00+05:30,26121.05078125,26132.900390625,26116.69921875,26131.349609375,0.0
2025-11-26 11:50:00+05:30,26131.599609375,26136.30078125,26128.94921875,26131.900390625,0.0
2025-11-26 11:55:00+05:30,26131.44921875,26145.349609375,26130.30078125,26143.400390625,0.0
2025-11-26 12:00:00+05:30,26143.80078125,26152.55078125,26137.19921875,26149.80078125,0.0
2025-11-26 12:05:00+05:30,26148.55078125,26160.150390625,26147.75,26158.19921875,0.0
2025-11-26 12:10:00+05:30,26158.400390625,26161.19921875,26155.19921875,26156.849609375,0.0
2025-11-26 12:15:00+05:30,26156.94921875,26159.349609375,26150.19921875,26150.80078125,0.0
2025-11-26 12:20:00+05:30,26151.650390625,26156.55078125,26147.25,26154.75,0.0
2025-11-26 12:25:00+05:30,26154.0,26162.05078125,26149.150390625,26157.599609375,0.0
2025-11-26 12:30:00+05:30,26157.80078125,26162.25,26149.05078125,26162.0,0.0
2025-11-26 12:35:00+05:30,26161.69921875,26168.55078125,26160.400390625,26167.900390625,0.0
2025-11-26 12:40:00+05:30,26167.599609375,26171.599609375,26164.69921875,26170.69921875,0.0
2025-11-26 12:45:00+05:30,26170.44921875,26172.5,26163.55078125,26165.94921875,0.0
2025-11-26 12:50:00+05:30,26165.55078125,26173.44921875,26162.400390625,26165.849609375,0.0
2025-11-26 12:55:00+05:30,26165.650390625,26173.099609375,26160.150390625,26172.05078125,0.0
2025-11-26 13:00:00+05:30,26171.69921875,26185.400390625,26169.44921875,26184.5,0.0
2025-11-26 13:05:00+05:30,26184.150390625,26191.30078125,26180.19921875,26189.80078125,0.0
2025-11-26 13:10:00+05:30,26188.25,26195.25,26188.25,26188.900390625,0.0
2025-11-26 13:20:00+05:30,26188.55078125,26193.900390625,26171.80078125,26172.69921875,0.0
2025-11-26 13:25:00+05:30,26173.150390625,26180.650390625,26151.900390625,26154.44921875,0.0
2025-11-26 13:30:00+05:30,26154.30078125,26179.44921875,26154.25,26171.55078125,0.0
2025-11-26 13:35:00+05:30,26172.0,26179.05078125,26170.80078125,26177.650390625,0.0
2025-11-26 13:40:00+05:30,26177.349609375,26191.25,26172.900390625,26173.150390625,0.0
2025-11-26 13:45:00+05:30,26173.25,26181.900390625,26166.849609375,26176.650390625,0.0
2025-11-26 13:50:00+05:30,26176.5,26181.400390625,26163.150390625,26178.849609375,0.0
2025-11-26 13:55:00+05:30,26178.80078125,26195.44921875,26178.099609375,26184.599609375,0.0
2025-11-26 14:00:00+05:30,26185.0,26211.94921875,26182.75,26202.400390625,0.0
2025-11-26 14:05:00+05:30,26201.900390625,26203.849609375,26174.849609375,26202.150390625,0.0
2025-11-26 14:10:00+05:30,26201.94921875,26206.5,26196.75,26197.349609375,0.0
2025-11-26 14:15:00+05:30,26197.599609375,26199.099609375,26180.69921875,26189.900390625,0.0
2025-11-26 14:20:00+05:30,26189.900390625,26198.55078125,26188.099609375,26196.0,0.0
2025-11-26 14:25:00+05:30,26197.25,26199.650390625,26167.599609375,26168.19921875,0.0
2025-11-26 14:30:00+05:30,26167.650390625,26185.099609375,26166.05078125,26181.30078125,0.0
2025-11-26 14:35:00+05:30,26180.900390625,26186.0,26177.55078125,26181.349609375,0.0
2025-11-26 14:40:00+05:30,26181.30078125,26198.5,26179.400390625,26188.349609375,0.0
2025-11-26 14:45:00+05:30,26187.55078125,26194.349609375,26175.400390625,26175.400390625,0.0
2025-11-26 14:50:00+05:30,26175.099609375,26185.5,26159.05078125,26185.349609375,0.0
2025-11-26 14:55:00+05:30,26184.69921875,26196.599609375,26182.900390625,26188.5,0.0
2025-11-26 15:00:00+05:30,26191.349609375,26206.80078125,26191.19921875,26197.400390625,0.0
2025-11-26 15:05:00+05:30,26199.400390625,26213.69921875,26192.5,26213.55078125,0.0
2025-11-26 15:10:00+05:30,26214.80078125,26214.80078125,26206.55078125,26212.599609375,0.0
2025-11-26 15:15:00+05:30,26213.5,26213.5,26200.80078125,26204.849609375,0.0
2025-11-26 15:20:00+05:30,26205.150390625,26211.75,26198.400390625,26210.349609375,0.0
2025-11-26 15:25:00+05:30,26210.44921875,26210.900390625,26196.599609375,26202.69921875,0.0
2025-11-27 09:15:00+05:30,26261.25,26261.25,26210.849609375,26253.599609375,0.0
2025-11-27 09:20:00+05:30,26251.94921875,26289.599609375,26248.650390625,26274.400390625,0.0
2025-11-27 09:25:00+05:30,26274.69921875,26289.25,26258.650390625,26283.80078125,0.0
2025-11-27 09:30:00+05:30,26285.150390625,26286.599609375,26270.94921875,26279.599609375,0.0
2025-11-27 09:35:00+05:30,26279.94921875,26281.5,26251.55078125,26251.55078125,0.0
2025-11-27 09:40:00+05:30,26249.55078125,26254.75,26225.19921875,26238.0,0.0
2025-11-27 09:45:00+05:30,26236.599609375,26251.19921875,26223.69921875,26249.44921875,0.0
2025-11-27 09:50:00+05:30,26249.75,26267.19921875,26242.400390625,26259.099609375,0.0
2025-11-27 09:55:00+05:30,26258.69921875,26287.75,26258.69921875,26284.0,0.0
2025-11-27 10:00:00+05:30,26283.900390625,26295.349609375,26277.05078125,26288.650390625,0.0
2025-11-27 10:05:00+05:30,26287.75,26304.150390625,26287.75,26290.69921875,0.0
2025-11-27 10:10:00+05:30,26290.900390625,26291.349609375,26269.5,26283.0,0.0
2025-11-27 10:15:00+05:30,26282.69921875,26284.80078125,26273.94921875,26281.150390625,0.0
2025-11-27 10:20:00+05:30,26281.75,26287.599609375,26273.099609375,26275.849609375,0.0
2025-11-27 10:25:00+05:30,26276.94921875,26279.849609375,26265.650390625,26279.25,0.0
2025-11-27 10:30:00+05:30,26279.400390625,26285.400390625,26271.900390625,26277.25,0.0
2025-11-27 10:35:00+05:30,26276.349609375,26286.80078125,26273.150390625,26285.900390625,0.0
2025-11-27 10:40:00+05:30,26285.80078125,26291.900390625,26279.44921875,26284.55078125,0.0
2025-11-27 10:45:00+05:30,26285.75,26299.400390625,26285.099609375,26299.30078125,0.0
2025-11-27 10:50:00+05:30,26299.349609375,26310.05078125,26290.19921875,26291.75,0.0
2025-11-27 10:55:00+05:30,26291.30078125,26292.650390625,26283.650390625,26291.75,0.0
2025-11-27 11:00:00+05:30,26291.05078125,26302.150390625,26288.849609375,26296.05078125,0.0
2025-11-27 11:05:00+05:30,26295.75,26304.5,26294.0,26301.25,0.0
2025-11-27 11:10:00+05:30,26301.599609375,26303.099609375,26291.900390625,26297.650390625,0.0
2025-11-27 11:15:00+05:30,26297.650390625,26302.349609375,26281.599609375,26285.25,0.0
2025-11-27 11:20:00+05:30,26285.099609375,26287.19921875,26275.650390625,26282.94921875,0.0
2025-11-27 11:25:00+05:30,26283.599609375,26285.900390625,26278.099609375,26279.44921875,0.0
2025-11-27 11:30:00+05:30,26279.25,26280.0,26266.80078125,26270.400390625,0.0
2025-11-27 11:35:00+05:30,26270.5,26274.55078125,26262.75,26263.599609375,0.0
2025-11-27 11:40:00+05:30,26263.44921875,26274.400390625,26262.75,26269.30078125,0.0
2025-11-27 11:45:00+05:30,26269.599609375,26270.349609375,26233.69921875,26238.75,0.0
2025-11-27 11:50:00+05:30,26238.0,26245.650390625,26233.44921875,26240.650390625,0.0
2025-11-27 11:55:00+05:30,26241.19921875,26249.80078125,26235.650390625,26245.44921875,0.0
2025-11-27 12:00:00+05:30,26244.94921875,26262.55078125,26242.099609375,26243.80078125,0.0
2025-11-27 12:05:00+05:30,26244.75,26245.80078125,26228.650390625,26238.849609375,0.0
2025-11-27 12:10:00+05:30,26239.349609375,26246.849609375,26237.80078125,26243.94921875,0.0
2025-11-27 12:15:00+05:30,26244.0,26247.69921875,26230.900390625,26241.05078125,0.0
2025-11-27 12:20:00+05:30,26241.05078125,26244.25,26219.0,26222.150390625,0.0
2025-11-27 12:25:00+05:30,26222.69921875,26228.55078125,26214.94921875,26226.650390625,0.0
2025-11-27 12:30:00+05:30,26227.05078125,26230.0,26219.599609375,26220.55078125,0.0
2025-11-27 12:35:00+05:30,26219.849609375,26224.349609375,26218.80078125,26221.94921875,0.0
2025-11-27 12:40:00+05:30,26222.30078125,26248.150390625,26222.19921875,26247.650390625,0.0
2025-11-27 12:45:00+05:30,26248.19921875,26252.650390625,26243.150390625,26251.349609375,0.0
2025-11-27 12:50:00+05:30,26251.5,26256.94921875,26235.80078125,26241.94921875,0.0
2025-11-27 12:55:00+05:30,26240.900390625,26244.599609375,26236.599609375,26237.900390625,0.0
2025-11-27 13:00:00+05:30,26237.650390625,26239.400390625,26224.400390625,26230.05078125,0.0
2025-11-27 13:05:00+05:30,26230.05078125,26231.650390625,26216.19921875,26218.25,0.0
2025-11-27 13:10:00+05:30,26218.69921875,26222.599609375,26175.80078125,26178.30078125,0.0
2025-11-27 13:15:00+05:30,26177.25,26186.05078125,26167.94921875,26183.94921875,0.0
2025-11-27 13:20:00+05:30,26183.94921875,26194.44921875,26151.400390625,26154.69921875,0.0
2025-11-27 13:25:00+05:30,26154.44921875,26156.80078125,26145.05078125,26152.05078125,0.0
2025-11-27 13:30:00+05:30,26151.849609375,26169.5,26145.900390625,26168.400390625,0.0
2025-11-27 13:35:00+05:30,26168.0,26169.44921875,26148.5,26151.05078125,0.0
2025-11-27 13:40:00+05:30,26151.150390625,26154.30078125,26142.150390625,26148.400390625,0.0
2025-11-27 13:45:00+05:30,26148.05078125,26164.30078125,26143.599609375,26162.44921875,0.0
2025-11-27 13:50:00+05:30,26161.80078125,26179.599609375,26157.849609375,26179.599609375,0.0
2025-11-27 13:55:00+05:30,26179.099609375,26186.05078125,26170.0,26185.44921875,0.0
2025-11-27 14:00:00+05:30,26185.349609375,26190.0,26168.30078125,26177.650390625,0.0
2025-11-27 14:05:00+05:30,26177.19921875,26189.849609375,26175.94921875,26186.599609375,0.0
2025-11-27 14:10:00+05:30,26185.5,26197.25,26178.900390625,26180.94921875,0.0
2025-11-27 14:15:00+05:30,26180.5,26200.849609375,26172.30078125,26187.099609375,0.0
2025-11-27 14:20:00+05:30,26188.05078125,26206.80078125,26185.400390625,26199.900390625,0.0
2025-11-27 14:25:00+05:30,26199.19921875,26217.55078125,26199.19921875,26206.05078125,0.0
2025-11-27 14:30:00+05:30,26205.55078125,26222.44921875,26180.55078125,26206.94921875,0.0
2025-11-27 14:35:00+05:30,26205.400390625,26218.650390625,26196.5,26218.400390625,0.0
2025-11-27 14:40:00+05:30,26217.099609375,26218.900390625,26189.80078125,26206.19921875,0.0
2025-11-27 14:45:00+05:30,26205.849609375,26206.69921875,26193.349609375,26193.849609375,0.0
2025-11-27 14:50:00+05:30,26192.94921875,26193.80078125,26173.30078125,26179.150390625,0.0
2025-11-27 14:55:00+05:30,26177.900390625,26201.30078125,26173.599609375,26186.05078125,0.0
2025-11-27 15:00:00+05:30,26185.94921875,26228.19921875,26185.94921875,26212.69921875,0.0
2025-11-27 15:05:00+05:30,26211.5,26221.30078125,26202.30078125,26213.19921875,0.0
2025-11-27 15:10:00+05:30,26212.80078125,26218.80078125,26204.30078125,26213.150390625,0.0
2025-11-27 15:15:00+05:30,26212.650390625,26226.55078125,26207.599609375,26223.25,0.0
2025-11-27 15:20:00+05:30,26221.80078125,26234.19921875,26212.650390625,26220.30078125,0.0
2025-11-27 15:25:00+05:30,26220.55078125,26231.150390625,26217.75,26220.80078125,0.0
2025-11-28 09:15:00+05:30,26246.900390625,26246.900390625,26172.900390625,26242.150390625,0.0
2025-11-28 09:20:00+05:30,26242.94921875,26242.94921875,26214.349609375,26215.44921875,0.0
2025-11-28 09:25:00+05:30,26215.900390625,26241.0,26202.30078125,26229.650390625,0.0
2025-11-28 09:30:00+05:30,26231.0,26252.599609375,26222.0,26252.349609375,0.0
2025-11-28 09:35:00+05:30,26252.44921875,26254.44921875,26201.650390625,26209.55078125,0.0
2025-11-28 09:40:00+05:30,26211.0,26240.349609375,26209.150390625,26225.099609375,0.0
2025-11-28 09:45:00+05:30,26224.900390625,26241.75,26213.75,26238.69921875,0.0
2025-11-28 09:50:00+05:30,26240.05078125,26253.599609375,26232.599609375,26252.44921875,0.0
2025-11-28 09:55:00+05:30,26254.05078125,26254.75,26242.099609375,26250.650390625,0.0
2025-11-28 10:00:00+05:30,26252.099609375,26261.69921875,26247.650390625,26257.150390625,0.0
2025-11-28 10:05:00+05:30,26257.05078125,26267.19921875,26256.69921875,26262.099609375,0.0
2025-11-28 10:10:00+05:30,26263.05078125,26263.80078125,26239.30078125,26240.400390625,0.0
2025-11-28 10:15:00+05:30,26240.650390625,26245.44921875,26227.25,26232.650390625,0.0
2025-11-28 10:20:00+05:30,26232.44921875,26233.900390625,26220.849609375,26220.849609375,0.0
2025-11-28 10:25:00+05:30,26221.849609375,26239.05078125,26218.80078125,26236.19921875,0.0
2025-11-28 10:30:00+05:30,26235.80078125,26256.05078125,26234.55078125,26250.75,0.0
2025-11-28 10:35:00+05:30,26250.5,26269.900390625,26250.5,26267.650390625,0.0
2025-11-28 10:40:00+05:30,26267.849609375,26274.44921875,26264.349609375,26274.44921875,0.0
2025-11-28 10:45:00+05:30,26273.94921875,26280.19921875,26269.30078125,26273.44921875,0.0
2025-11-28 10:50:00+05:30,26270.25,26272.75,26260.94921875,26271.900390625,0.0
2025-11-28 10:55:00+05:30,26271.19921875,26271.5,26254.349609375,26259.400390625,0.0
2025-11-28 11:00:00+05:30,26259.400390625,26268.900390625,26252.25,26258.650390625,0.0
2025-11-28 11:05:00+05:30,26258.05078125,26262.44921875,26246.099609375,26247.94921875,0.0
2025-11-28 11:10:00+05:30,26247.80078125,26267.400390625,26245.150390625,26266.5,0.0
2025-11-28 11:15:00+05:30,26266.900390625,26273.25,26261.599609375,26264.25,0.0
2025-11-28 11:20:00+05:30,26263.75,26264.5,26240.94921875,26242.900390625,0.0
2025-11-28 11:25:00+05:30,26242.349609375,26247.94921875,26236.75,26243.400390625,0.0
2025-11-28 11:30:00+05:30,26243.150390625,26250.69921875,26240.55078125,26245.69921875,0.0
2025-11-28 11:35:00+05:30,26244.849609375,26246.55078125,26232.599609375,26244.400390625,0.0
2025-11-28 11:40:00+05:30,26244.650390625,26250.900390625,26234.349609375,26247.94921875,0.0
2025-11-28 11:45:00+05:30,26246.94921875,26256.900390625,26246.0,26256.69921875,0.0
2025-11-28 11:50:00+05:30,26256.599609375,26257.099609375,26245.80078125,26250.25,0.0
2025-11-28 11:55:00+05:30,26250.099609375,26256.25,26238.05078125,26247.099609375,0.0
2025-11-28 12:00:00+05:30,26247.400390625,26253.150390625,26242.05078125,26244.25,0.0
2025-11-28 12:05:00+05:30,26243.69921875,26249.400390625,26232.849609375,26235.19921875,0.0
2025-11-28 12:10:00+05:30,26234.25,26243.400390625,26233.30078125,26240.75,0.0
2025-11-28 12:15:00+05:30,26239.349609375,26240.55078125,26225.400390625,26227.849609375,0.0
2025-11-28 12:20:00+05:30,26227.19921875,26234.19921875,26220.30078125,26222.599609375,0.0
2025-11-28 12:25:00+05:30,26222.349609375,26225.900390625,26217.849609375,26220.900390625,0.0
2025-11-28 12:30:00+05:30,26220.05078125,26237.900390625,26218.0,26237.19921875,0.0
2025-11-28 12:35:00+05:30,26236.75,26240.150390625,26228.94921875,26236.19921875,0.0
2025-11-28 12:40:00+05:30,26235.650390625,26235.75,26226.150390625,26230.0,0.0
2025-11-28 12:45:00+05:30,26229.849609375,26230.650390625,26204.0,26207.80078125,0.0
2025-11-28 12:50:00+05:30,26207.75,26217.69921875,26205.75,26217.0,0.0
2025-11-28 12:55:00+05:30,26217.150390625,26228.75,26211.30078125,26226.099609375,0.0
2025-11-28 13:00:00+05:30,26225.5,26227.400390625,26216.099609375,26224.44921875,0.0
2025-11-28 13:05:00+05:30,26223.650390625,26225.75,26215.19921875,26220.44921875,0.0
2025-11-28 13:10:00+05:30,26219.849609375,26220.75,26212.650390625,26217.900390625,0.0
2025-11-28 13:15:00+05:30,26217.44921875,26224.650390625,26208.44921875,26209.80078125,0.0
2025-11-28 13:20:00+05:30,26209.75,26227.5,26203.900390625,26227.5,0.0
2025-11-28 13:25:00+05:30,26226.25,26227.30078125,26214.849609375,26225.099609375,0.0
2025-11-28 13:30:00+05:30,26225.650390625,26234.900390625,26223.099609375,26229.80078125,0.0
2025-11-28 13:35:00+05:30,26230.0,26233.19921875,26220.19921875,26229.5,0.0
2025-11-28 13:40:00+05:30,26228.44921875,26229.599609375,26216.25,26217.69921875,0.0
2025-11-28 13:45:00+05:30,26217.0,26218.099609375,26203.05078125,26206.25,0.0
2025-11-28 13:50:00+05:30,26206.75,26212.30078125,26194.0,26212.25,0.0
2025-11-28 13:55:00+05:30,26212.55078125,26214.650390625,26201.75,26208.80078125,0.0
2025-11-28 14:00:00+05:30,26208.599609375,26217.099609375,26206.349609375,26214.30078125,0.0
2025-11-28 14:05:00+05:30,26214.05078125,26216.19921875,26200.94921875,26205.25,0.0
2025-11-28 14:10:00+05:30,26204.80078125,26208.0,26199.80078125,26200.75,0.0
2025-11-28 14:15:00+05:30,26200.94921875,26206.900390625,26195.19921875,26201.69921875,0.0
2025-11-28 14:20:00+05:30,26201.599609375,26201.599609375,26194.900390625,26201.099609375,0.0
2025-11-28 14:25:00+05:30,26200.900390625,26206.099609375,26199.05078125,26205.099609375,0.0
2025-11-28 14:30:00+05:30,26204.94921875,26221.599609375,26201.349609375,26211.05078125,0.0
2025-11-28 14:35:00+05:30,26209.30078125,26222.44921875,26207.650390625,26216.94921875,0.0
2025-11-28 14:40:00+05:30,26216.150390625,26219.05078125,26201.94921875,26205.55078125,0.0
2025-11-28 14:45:00+05:30,26205.30078125,26209.599609375,26201.900390625,26205.75,0.0
2025-11-28 14:50:00+05:30,26205.900390625,26210.150390625,26197.94921875,26207.0,0.0
2025-11-28 14:55:00+05:30,26207.599609375,26214.400390625,26204.5,26209.55078125,0.0
2025-11-28 15:00:00+05:30,26209.69921875,26210.55078125,26200.099609375,26209.150390625,0.0
2025-11-28 15:05:00+05:30,26209.150390625,26213.150390625,26201.55078125,26206.25,0.0
2025-11-28 15:10:00+05:30,26204.900390625,26208.150390625,26196.150390625,26197.55078125,0.0
2025-11-28 15:15:00+05:30,26197.44921875,26204.19921875,26194.44921875,26198.94921875,0.0
2025-11-28 15:20:00+05:30,26199.25,26206.0,26191.900390625,26199.75,0.0
2025-11-28 15:25:00+05:30,26200.849609375,26213.650390625,26199.849609375,26204.55078125,0.0
2025-12-01 09:15:00+05:30,26319.900390625,26319.900390625,26272.25,26285.30078125,0.0
2025-12-01 09:20:00+05:30,26285.30078125,26298.69921875,26279.19921875,26292.349609375,0.0
2025-12-01 09:25:00+05:30,26292.5,26299.05078125,26279.25,26284.05078125,0.0
2025-12-01 09:30:00+05:30,26284.75,26303.94921875,26284.55078125,26300.150390625,0.0
2025-12-01 09:35:00+05:30,26301.099609375,26312.5,26293.25,26311.0,0.0
2025-12-01 09:40:00+05:30,26311.349609375,26314.69921875,26281.19921875,26287.25,0.0
2025-12-01 09:45:00+05:30,26286.55078125,26297.650390625,26277.69921875,26295.80078125,0.0
2025-12-01 09:50:00+05:30,26294.30078125,26296.0,26270.19921875,26273.55078125,0.0
2025-12-01 09:55:00+05:30,26273.849609375,26277.69921875,26263.94921875,26264.30078125,0.0
2025-12-01 10:00:00+05:30,26264.44921875,26282.150390625,26264.44921875,26279.75,0.0
2025-12-01 10:05:00+05:30,26279.75,26290.849609375,26277.599609375,26285.400390625,0.0
2025-12-01 10:10:00+05:30,26285.900390625,26288.19921875,26279.349609375,26284.94921875,0.0
2025-12-01 10:15:00+05:30,26283.650390625,26288.69921875,26270.5,26279.80078125,0.0
2025-12-01 10:20:00+05:30,26279.30078125,26282.099609375,26275.0,26277.349609375,0.0
2025-12-01 10:25:00+05:30,26278.75,26282.55078125,26268.599609375,26281.099609375,0.0
2025-12-01 10:30:00+05:30,26282.900390625,26289.55078125,26274.94921875,26277.849609375,0.0
2025-12-01 10:35:00+05:30,26277.599609375,26282.599609375,26258.30078125,26259.400390625,0.0
2025-12-01 10:40:00+05:30,26259.75,26268.30078125,26258.099609375,26258.599609375,0.0
2025-12-01 10:45:00+05:30,26259.44921875,26259.650390625,26247.44921875,26249.400390625,0.0
2025-12-01 10:50:00+05:30,26250.900390625,26251.44921875,26229.349609375,26229.650390625,0.0
2025-12-01 10:55:00+05:30,26230.5,26241.650390625,26229.849609375,26238.94921875,0.0
2025-12-01 11:00:00+05:30,26239.5,26240.55078125,26224.55078125,26227.80078125,0.0
2025-12-01 11:05:00+05:30,26228.25,26235.650390625,26224.75,26225.80078125,0.0
2025-12-01 11:10:00+05:30,26225.5,26244.150390625,26225.44921875,26242.400390625,0.0
2025-12-01 11:15:00+05:30,26242.599609375,26247.099609375,26236.75,26238.05078125,0.0
2025-12-01 11:20:00+05:30,26238.55078125,26249.19921875,26237.44921875,26246.150390625,0.0
2025-12-01 11:25:00+05:30,26246.5,26250.94921875,26241.650390625,26247.5,0.0
2025-12-01 11:30:00+05:30,26248.349609375,26261.900390625,26245.650390625,26259.25,0.0
2025-12-01 11:35:00+05:30,26260.150390625,26260.69921875,26250.05078125,26257.599609375,0.0
2025-12-01 11:40:00+05:30,26258.849609375,26261.650390625,26208.150390625,26211.75,0.0
2025-12-01 11:45:00+05:30,26212.349609375,26212.349609375,26180.44921875,26190.650390625,0.0
2025-12-01 11:50:00+05:30,26191.25,26209.30078125,26182.0,26202.69921875,0.0
2025-12-01 11:55:00+05:30,26203.099609375,26217.400390625,26199.5,26212.599609375,0.0
2025-12-01 12:00:00+05:30,26213.150390625,26216.849609375,26196.849609375,26197.75,0.0
2025-12-01 12:05:00+05:30,26197.55078125,26197.55078125,26174.75,26174.75,0.0
2025-12-01 12:10:00+05:30,26175.80078125,26183.650390625,26168.900390625,26175.650390625,0.0
2025-12-01 12:15:00+05:30,26175.900390625,26177.5,26167.05078125,26170.400390625,0.0
2025-12-01 12:20:00+05:30,26170.599609375,26182.30078125,26161.150390625,26181.94921875,0.0
2025-12-01 12:25:00+05:30,26181.44921875,26188.55078125,26176.75,26188.55078125,0.0
2025-12-01 12:30:00+05:30,26188.25,26188.25,26157.25,26160.849609375,0.0
2025-12-01 12:35:00+05:30,26162.849609375,26167.900390625,26154.94921875,26159.25,0.0
2025-12-01 12:40:00+05:30,26159.75,26169.900390625,26149.849609375,26164.94921875,0.0
2025-12-01 12:45:00+05:30,26164.599609375,26170.69921875,26151.849609375,26157.349609375,0.0
2025-12-01 12:50:00+05:30,26159.55078125,26180.349609375,26157.849609375,26178.849609375,0.0
2025-12-01 12:55:00+05:30,26179.30078125,26188.5,26168.099609375,26184.94921875,0.0
2025-12-01 13:00:00+05:30,26185.94921875,26186.400390625,26167.69921875,26179.94921875,0.0
2025-12-01 13:05:00+05:30,26180.900390625,26184.30078125,26172.150390625,26175.599609375,0.0
2025-12-01 13:10:00+05:30,26175.5,26187.55078125,26174.19921875,26186.94921875,0.0
2025-12-01 13:15:00+05:30,26187.05078125,26195.650390625,26185.150390625,26195.150390625,0.0
2025-12-01 13:20:00+05:30,26195.19921875,26195.19921875,26173.0,26175.44921875,0.0
2025-12-01 13:25:00+05:30,26176.150390625,26177.55078125,26169.099609375,26173.599609375,0.0
2025-12-01 13:30:00+05:30,26174.25,26177.44921875,26164.650390625,26165.849609375,0.0
2025-12-01 13:35:00+05:30,26166.69921875,26189.849609375,26164.69921875,26185.69921875,0.0
2025-12-01 13:40:00+05:30,26186.150390625,26198.25,26178.80078125,26190.900390625,0.0
2025-12-01 13:45:00+05:30,26192.75,26196.650390625,26181.75,26194.75,0.0
2025-12-01 13:50:00+05:30,26195.25,26196.30078125,26185.25,26190.69921875,0.0
2025-12-01 13:55:00+05:30,26191.349609375,26191.55078125,26180.05078125,26183.0,0.0
2025-12-01 14:00:00+05:30,26182.25,26221.400390625,26182.25,26221.150390625,0.0
2025-12-01 14:05:00+05:30,26221.400390625,26228.94921875,26209.5,26212.349609375,0.0
2025-12-01 14:10:00+05:30,26212.099609375,26215.599609375,26201.599609375,26213.849609375,0.0
2025-12-01 14:15:00+05:30,26214.55078125,26217.599609375,26202.80078125,26205.900390625,0.0
2025-12-01 14:20:00+05:30,26206.44921875,26212.80078125,26199.30078125,26205.5,0.0
2025-12-01 14:25:00+05:30,26206.69921875,26212.44921875,26201.0,26206.900390625,0.0
2025-12-01 14:30:00+05:30,26206.5,26207.5,26190.5,26196.94921875,0.0
2025-12-01 14:35:00+05:30,26197.94921875,26200.80078125,26182.400390625,26182.849609375,0.0
2025-12-01 14:40:00+05:30,26183.400390625,26187.69921875,26171.55078125,26172.5,0.0
2025-12-01 14:45:00+05:30,26173.849609375,26177.349609375,26169.849609375,26174.19921875,0.0
2025-12-01 14:50:00+05:30,26175.19921875,26175.44921875,26139.349609375,26140.44921875,0.0
2025-12-01 14:55:00+05:30,26144.25,26147.69921875,26124.80078125,26141.94921875,0.0
2025-12-01 15:00:00+05:30,26147.19921875,26180.55078125,26137.400390625,26180.55078125,0.0
2025-12-01 15:05:00+05:30,26180.900390625,26181.849609375,26171.75,26178.30078125,0.0
2025-12-01 15:10:00+05:30,26179.0,26189.150390625,26175.94921875,26179.5,0.0
2025-12-01 15:15:00+05:30,26179.650390625,26179.94921875,26170.69921875,26179.400390625,0.0
2025-12-01 15:20:00+05:30,26178.849609375,26182.150390625,26173.69921875,26181.0,0.0
2025-12-01 15:25:00+05:30,26181.75,26185.05078125,26166.94921875,26175.94921875,0.0
2025-12-02 09:15:00+05:30,26096.05078125,26150.650390625,26096.05078125,26141.5,0.0
2025-12-02 09:20:00+05:30,26141.55078125,26154.599609375,26137.19921875,26143.94921875,0.0
2025-12-02 09:25:00+05:30,26144.44921875,26151.150390625,26129.099609375,26130.19921875,0.0
2025-12-02 09:30:00+05:30,26131.25,26133.25,26112.55078125,26114.900390625,0.0
2025-12-02 09:35:00+05:30,26115.099609375,26121.44921875,26106.75,26108.849609375,0.0
2025-12-02 09:40:00+05:30,26109.150390625,26114.849609375,26078.900390625,26079.30078125,0.0
2025-12-02 09:45:00+05:30,26078.75,26094.349609375,26070.900390625,26072.650390625,0.0
2025-12-02 09:50:00+05:30,26071.849609375,26079.0,26068.69921875,26076.69921875,0.0
2025-12-02 09:55:00+05:30,26076.69921875,26087.80078125,26072.650390625,26075.099609375,0.0
2025-12-02 10:00:00+05:30,26075.30078125,26081.44921875,26066.30078125,26080.44921875,0.0
2025-12-02 10:05:00+05:30,26080.349609375,26082.400390625,26069.599609375,26073.19921875,0.0
2025-12-02 10:10:00+05:30,26073.05078125,26073.05078125,26055.650390625,26058.69921875,0.0
2025-12-02 10:15:00+05:30,26058.900390625,26063.80078125,26047.099609375,26062.55078125,0.0
2025-12-02 10:20:00+05:30,26062.650390625,26075.650390625,26062.0,26071.099609375,0.0
2025-12-02 10:25:00+05:30,26070.150390625,26080.69921875,26067.80078125,26078.80078125,0.0
2025-12-02 10:30:00+05:30,26078.599609375,26088.25,26074.0,26086.94921875,0.0
2025-12-02 10:35:00+05:30,26086.30078125,26091.599609375,26082.05078125,26083.099609375,0.0
2025-12-02 10:40:00+05:30,26083.150390625,26094.349609375,26073.900390625,26074.650390625,0.0
2025-12-02 10:45:00+05:30,26074.849609375,26077.099609375,26069.650390625,26077.099609375,0.0
2025-12-02 10:50:00+05:30,26076.599609375,26099.599609375,26074.900390625,26092.150390625,0.0
2025-12-02 10:55:00+05:30,26092.0,26098.650390625,26088.5,26098.19921875,0.0
2025-12-02 11:00:00+05:30,26098.400390625,26100.5,26083.849609375,26098.05078125,0.0
2025-12-02 11:05:00+05:30,26097.650390625,26100.30078125,26091.25,26096.75,0.0
2025-12-02 11:10:00+05:30,26096.5,26097.099609375,26079.30078125,26080.75,0.0
2025-12-02 11:15:00+05:30,26080.55078125,26085.30078125,26074.55078125,26081.19921875,0.0
2025-12-02 11:20:00+05:30,26081.099609375,26082.44921875,26070.0,26082.05078125,0.0
2025-12-02 11:25:00+05:30,26082.30078125,26084.650390625,26067.55078125,26068.400390625,0.0
2025-12-02 11:30:00+05:30,26068.19921875,26069.69921875,26065.69921875,26066.69921875,0.0
2025-12-02 11:35:00+05:30,26067.0,26074.44921875,26063.900390625,26071.849609375,0.0
2025-12-02 11:40:00+05:30,26071.55078125,26072.099609375,26062.30078125,26063.30078125,0.0
2025-12-02 11:45:00+05:30,26063.30078125,26069.75,26059.0,26069.05078125,0.0
2025-12-02 11:50:00+05:30,26068.650390625,26069.599609375,26049.349609375,26053.25,0.0
2025-12-02 11:55:00+05:30,26053.30078125,26054.849609375,26045.44921875,26053.75,0.0
2025-12-02 12:00:00+05:30,26054.0,26058.349609375,26041.05078125,26052.44921875,0.0
2025-12-02 12:05:00+05:30,26052.099609375,26058.80078125,26041.900390625,26054.849609375,0.0
2025-12-02 12:10:00+05:30,26054.55078125,26059.5,26047.19921875,26051.55078125,0.0
2025-12-02 12:15:00+05:30,26051.75,26060.80078125,26047.650390625,26056.44921875,0.0
2025-12-02 12:20:00+05:30,26057.599609375,26067.05078125,26054.05078125,26065.0,0.0
2025-12-02 12:25:00+05:30,26064.75,26066.69921875,26058.849609375,26066.44921875,0.0
2025-12-02 12:30:00+05:30,26066.349609375,26075.349609375,26063.05078125,26073.75,0.0
2025-12-02 12:35:00+05:30,26073.75,26085.099609375,26070.05078125,26072.30078125,0.0
2025-12-02 12:40:00+05:30,26072.0,26073.650390625,26059.55078125,26060.599609375,0.0
2025-12-02 12:45:00+05:30,26060.94921875,26061.80078125,26049.400390625,26049.400390625,0.0
2025-12-02 12:50:00+05:30,26050.150390625,26051.69921875,26043.900390625,26043.900390625,0.0
2025-12-02 12:55:00+05:30,26043.849609375,26045.400390625,26036.349609375,26041.19921875,0.0
2025-12-02 13:00:00+05:30,26041.150390625,26043.30078125,26036.900390625,26043.30078125,0.0
2025-12-02 13:05:00+05:30,26043.05078125,26052.650390625,26032.05078125,26051.5,0.0
2025-12-02 13:10:00+05:30,26050.94921875,26051.349609375,26034.55078125,26035.80078125,0.0
2025-12-02 13:15:00+05:30,26035.400390625,26036.900390625,26031.30078125,26035.0,0.0
2025-12-02 13:20:00+05:30,26034.94921875,26046.80078125,26030.0,26045.75,0.0
2025-12-02 13:25:00+05:30,26046.05078125,26046.400390625,26034.650390625,26035.349609375,0.0
2025-12-02 13:30:00+05:30,26035.25,26041.19921875,26033.849609375,26040.55078125,0.0
2025-12-02 13:35:00+05:30,26040.650390625,26044.05078125,26028.849609375,26035.30078125,0.0
2025-12-02 13:40:00+05:30,26035.0,26037.900390625,26031.44921875,26036.650390625,0.0
2025-12-02 13:45:00+05:30,26037.349609375,26045.75,26028.94921875,26041.5,0.0
2025-12-02 13:50:00+05:30,26041.25,26049.75,26040.0,26042.599609375,0.0
2025-12-02 13:55:00+05:30,26042.5,26060.150390625,26037.900390625,26059.44921875,0.0
2025-12-02 14:00:00+05:30,26059.0,26060.099609375,26040.400390625,26054.849609375,0.0
2025-12-02 14:05:00+05:30,26054.25,26061.650390625,26036.900390625,26058.94921875,0.0
2025-12-02 14:10:00+05:30,26059.0,26061.19921875,26044.900390625,26045.05078125,0.0
2025-12-02 14:15:00+05:30,26045.599609375,26046.75,26038.0,26043.0,0.0
2025-12-02 14:20:00+05:30,26044.0,26046.55078125,26031.30078125,26031.849609375,0.0
2025-12-02 14:25:00+05:30,26031.849609375,26045.849609375,26031.55078125,26041.400390625,0.0
2025-12-02 14:30:00+05:30,26041.55078125,26042.0,26032.55078125,26038.19921875,0.0
2025-12-02 14:35:00+05:30,26039.19921875,26043.099609375,26002.55078125,26013.099609375,0.0
2025-12-02 14:40:00+05:30,26014.75,26015.900390625,26005.94921875,26010.0,0.0
2025-12-02 14:45:00+05:30,26010.0,26018.05078125,26005.30078125,26018.05078125,0.0
2025-12-02 14:50:00+05:30,26017.55078125,26027.05078125,26009.849609375,26011.599609375,0.0
2025-12-02 14:55:00+05:30,26010.69921875,26013.5,25999.099609375,26009.099609375,0.0
2025-12-02 15:00:00+05:30,26011.150390625,26028.30078125,26008.5,26023.599609375,0.0
2025-12-02 15:05:00+05:30,26025.400390625,26030.150390625,26017.19921875,26026.44921875,0.0
2025-12-02 15:10:00+05:30,26026.55078125,26040.0,26025.05078125,26036.75,0.0
2025-12-02 15:15:00+05:30,26036.400390625,26041.150390625,26027.80078125,26038.599609375,0.0
2025-12-02 15:20:00+05:30,26038.44921875,26052.349609375,26037.55078125,26050.900390625,0.0
2025-12-02 15:25:00+05:30,26051.650390625,26060.30078125,26051.25,26057.0,0.0
2025-12-03 09:15:00+05:30,26004.900390625,26062.650390625,26004.900390625,26031.69921875,0.0
2025-12-03 09:20:00+05:30,26031.25,26031.25,26008.05078125,26008.80078125,0.0
2025-12-03 09:25:00+05:30,26007.75,26011.900390625,25954.75,25962.0,0.0
2025-12-03 09:30:00+05:30,25963.05078125,25976.5,25932.94921875,25933.349609375,0.0
2025-12-03 09:35:00+05:30,25933.55078125,25943.19921875,25923.69921875,25925.150390625,0.0
2025-12-03 09:40:00+05:30,25923.650390625,25948.849609375,25922.05078125,25944.0,0.0
2025-12-03 09:45:00+05:30,25943.900390625,25949.900390625,25933.05078125,25939.900390625,0.0
2025-12-03 09:50:00+05:30,25941.0,25945.75,25924.30078125,25942.099609375,0.0
2025-12-03 09:55:00+05:30,25942.5,25952.80078125,25938.0,25950.94921875,0.0
2025-12-03 10:00:00+05:30,25951.55078125,25952.75,25910.75,25911.69921875,0.0
2025-12-03 10:05:00+05:30,25912.69921875,25915.849609375,25898.19921875,25907.69921875,0.0
2025-12-03 10:10:00+05:30,25908.44921875,25931.25,25907.150390625,25928.099609375,0.0
2025-12-03 10:15:00+05:30,25928.19921875,25930.25,25905.599609375,25912.44921875,0.0
2025-12-03 10:20:00+05:30,25912.44921875,25933.94921875,25909.44921875,25927.099609375,0.0
2025-12-03 10:25:00+05:30,25925.150390625,25939.900390625,25922.099609375,25924.150390625,0.0
2025-12-03 10:30:00+05:30,25922.94921875,25930.5,25916.30078125,25928.05078125,0.0
2025-12-03 10:35:00+05:30,25927.25,25930.650390625,25910.400390625,25913.099609375,0.0
2025-12-03 10:40:00+05:30,25913.25,25913.349609375,25897.099609375,25905.80078125,0.0
2025-12-03 10:45:00+05:30,25904.400390625,25917.05078125,25901.900390625,25909.0,0.0
2025-12-03 10:50:00+05:30,25907.75,25922.150390625,25904.69921875,25919.150390625,0.0
2025-12-03 10:55:00+05:30,25920.19921875,25924.0,25914.849609375,25923.94921875,0.0
2025-12-03 11:00:00+05:30,25922.900390625,25926.69921875,25915.30078125,25919.099609375,0.0
2025-12-03 11:05:00+05:30,25918.0,25921.19921875,25900.150390625,25914.30078125,0.0
2025-12-03 11:10:00+05:30,25912.5,25922.650390625,25912.25,25920.400390625,0.0
2025-12-03 11:15:00+05:30,25919.650390625,25921.44921875,25912.05078125,25913.55078125,0.0
2025-12-03 11:20:00+05:30,25912.80078125,25914.0,25891.150390625,25894.849609375,0.0
2025-12-03 11:25:00+05:30,25893.5,25912.25,25893.349609375,25910.05078125,0.0
2025-12-03 11:30:00+05:30,25909.349609375,25920.19921875,25906.0,25920.19921875,0.0
2025-12-03 11:35:00+05:30,25920.349609375,25945.150390625,25919.099609375,25944.69921875,0.0
2025-12-03 11:40:00+05:30,25943.30078125,25943.55078125,25925.650390625,25931.05078125,0.0
2025-12-03 11:45:00+05:30,25930.55078125,25936.94921875,25929.19921875,25934.849609375,0.0
2025-12-03 11:50:00+05:30,25933.55078125,25934.900390625,25926.150390625,25933.05078125,0.0
2025-12-03 11:55:00+05:30,25932.150390625,25934.25,25923.55078125,25927.25,0.0
2025-12-03 12:00:00+05:30,25927.30078125,25947.099609375,25926.349609375,25946.80078125,0.0
2025-12-03 12:05:00+05:30,25946.349609375,25946.599609375,25937.69921875,25945.05078125,0.0
2025-12-03 12:10:00+05:30,25944.5,25962.0,25941.5,25954.19921875,0.0
2025-12-03 12:15:00+05:30,25952.80078125,25966.25,25945.05078125,25964.25,0.0
2025-12-03 12:20:00+05:30,25963.69921875,25966.849609375,25957.80078125,25963.19921875,0.0
2025-12-03 12:25:00+05:30,25962.44921875,25962.75,25948.0,25952.25,0.0
2025-12-03 12:30:00+05:30,25951.94921875,25952.599609375,25933.349609375,25935.849609375,0.0
2025-12-03 12:35:00+05:30,25934.94921875,25940.69921875,25927.599609375,25929.80078125,0.0
2025-12-03 12:40:00+05:30,25929.05078125,25929.94921875,25916.0,25924.25,0.0
2025-12-03 12:45:00+05:30,25922.900390625,25932.25,25920.5,25928.94921875,0.0
2025-12-03 12:50:00+05:30,25927.400390625,25933.099609375,25923.69921875,25933.099609375,0.0
2025-12-03 12:55:00+05:30,25932.44921875,25938.900390625,25928.599609375,25938.900390625,0.0
2025-12-03 13:00:00+05:30,25938.30078125,25941.55078125,25934.150390625,25941.099609375,0.0
2025-12-03 13:05:00+05:30,25940.5,25941.44921875,25930.44921875,25937.80078125,0.0
2025-12-03 13:10:00+05:30,25937.55078125,25941.849609375,25936.05078125,25938.75,0.0
2025-12-03 13:15:00+05:30,25938.099609375,25939.94921875,25925.349609375,25930.05078125,0.0
2025-12-03 13:20:00+05:30,25929.599609375,25934.349609375,25924.099609375,25928.150390625,0.0
2025-12-03 13:25:00+05:30,25927.19921875,25947.19921875,25926.400390625,25940.75,0.0
2025-12-03 13:30:00+05:30,25939.650390625,25951.69921875,25938.69921875,25948.94921875,0.0
2025-12-03 13:35:00+05:30,25948.30078125,25953.44921875,25941.599609375,25945.30078125,0.0
2025-12-03 13:40:00+05:30,25945.05078125,25948.44921875,25928.05078125,25929.599609375,0.0
2025-12-03 13:45:00+05:30,25928.30078125,25934.900390625,25905.94921875,25911.05078125,0.0
2025-12-03 13:50:00+05:30,25910.05078125,25916.69921875,25906.75,25914.099609375,0.0
2025-12-03 13:55:00+05:30,25913.94921875,25918.900390625,25912.599609375,25917.44921875,0.0
2025-12-03 14:00:00+05:30,25917.150390625,25922.30078125,25905.650390625,25922.30078125,0.0
2025-12-03 14:05:00+05:30,25920.400390625,25955.5,25920.400390625,25940.94921875,0.0
2025-12-03 14:10:00+05:30,25940.69921875,25951.25,25934.80078125,25948.900390625,0.0
2025-12-03 14:15:00+05:30,25948.349609375,25953.69921875,25936.150390625,25941.25,0.0
2025-12-03 14:20:00+05:30,25940.75,25955.69921875,25929.55078125,25953.69921875,0.0
2025-12-03 14:25:00+05:30,25953.0,25955.75,25918.5,25921.44921875,0.0
2025-12-03 14:30:00+05:30,25921.44921875,25937.650390625,25918.44921875,25930.5,0.0
2025-12-03 14:35:00+05:30,25930.400390625,25937.94921875,25924.150390625,25937.650390625,0.0
2025-12-03 14:40:00+05:30,25936.650390625,25946.19921875,25934.150390625,25940.44921875,0.0
2025-12-03 14:45:00+05:30,25939.30078125,25949.099609375,25935.099609375,25949.099609375,0.0
2025-12-03 14:50:00+05:30,25948.94921875,25964.55078125,25947.099609375,25964.150390625,0.0
2025-12-03 14:55:00+05:30,25963.349609375,25976.25,25961.650390625,25976.25,0.0
2025-12-03 15:00:00+05:30,25976.099609375,25989.75,25966.650390625,25973.0,0.0
2025-12-03 15:05:00+05:30,25973.0,25990.150390625,25971.80078125,25990.150390625,0.0
2025-12-03 15:10:00+05:30,25989.94921875,26005.55078125,25989.650390625,25992.75,0.0
2025-12-03 15:15:00+05:30,25992.44921875,25993.55078125,25976.349609375,25983.099609375,0.0
2025-12-03 15:20:00+05:30,25983.5,25991.400390625,25981.30078125,25984.55078125,0.0
2025-12-03 15:25:00+05:30,25984.599609375,25995.05078125,25981.150390625,25981.150390625,0.0
2025-12-04 09:15:00+05:30,25981.849609375,25985.5,25940.099609375,25950.0,0.0
2025-12-04 09:20:00+05:30,25949.55078125,25994.0,25945.900390625,25992.650390625,0.0
2025-12-04 09:25:00+05:30,25992.650390625,25996.44921875,25973.349609375,25996.349609375,0.0
2025-12-04 09:30:00+05:30,25995.849609375,26001.94921875,25979.349609375,26001.349609375,0.0
2025-12-04 09:35:00+05:30,26000.80078125,26029.30078125,26000.80078125,26013.55078125,0.0
2025-12-04 09:40:00+05:30,26013.44921875,26028.75,25999.150390625,26027.94921875,0.0
2025-12-04 09:45:00+05:30,26028.150390625,26029.05078125,26013.849609375,26016.900390625,0.0
2025-12-04 09:50:00+05:30,26016.30078125,26036.19921875,26015.349609375,26029.05078125,0.0
2025-12-04 09:55:00+05:30,26027.900390625,26036.0,26025.849609375,26029.55078125,0.0
2025-12-04 10:00:00+05:30,26028.30078125,26034.30078125,26022.94921875,26026.19921875,0.0
2025-12-04 10:05:00+05:30,26025.05078125,26040.19921875,26021.44921875,26028.25,0.0
2025-12-04 10:10:00+05:30,26027.5,26044.849609375,26026.44921875,26041.900390625,0.0
2025-12-04 10:15:00+05:30,26042.75,26049.099609375,26037.150390625,26048.55078125,0.0
2025-12-04 10:20:00+05:30,26046.55078125,26057.349609375,26046.099609375,26050.900390625,0.0
2025-12-04 10:25:00+05:30,26050.55078125,26078.400390625,26050.150390625,26076.599609375,0.0
2025-12-04 10:30:00+05:30,26078.900390625,26087.55078125,26075.150390625,26085.150390625,0.0
2025-12-04 10:35:00+05:30,26084.650390625,26096.650390625,26083.150390625,26090.55078125,0.0
2025-12-04 10:40:00+05:30,26089.599609375,26097.80078125,26088.30078125,26093.94921875,0.0
2025-12-04 10:45:00+05:30,26092.69921875,26097.80078125,26082.400390625,26084.75,0.0
2025-12-04 10:50:00+05:30,26083.400390625,26085.94921875,26075.44921875,26078.55078125,0.0
2025-12-04 10:55:00+05:30,26078.05078125,26087.25,26074.80078125,26075.599609375,0.0
2025-12-04 11:00:00+05:30,26075.5,26086.900390625,26074.400390625,26082.75,0.0
2025-12-04 11:05:00+05:30,26083.0,26085.900390625,26072.900390625,26075.0,0.0
2025-12-04 11:10:00+05:30,26074.69921875,26077.05078125,26068.55078125,26077.05078125,0.0
2025-12-04 11:15:00+05:30,26077.05078125,26077.44921875,26066.75,26071.19921875,0.0
2025-12-04 11:20:00+05:30,26070.30078125,26072.44921875,26059.05078125,26064.400390625,0.0
2025-12-04 11:25:00+05:30,26063.150390625,26069.650390625,26060.0,26060.75,0.0
2025-12-04 11:30:00+05:30,26060.599609375,26066.30078125,26056.650390625,26060.94921875,0.0
2025-12-04 11:35:00+05:30,26061.30078125,26063.30078125,26033.150390625,26036.19921875,0.0
2025-12-04 11:40:00+05:30,26034.75,26041.30078125,26023.05078125,26029.44921875,0.0
2025-12-04 11:45:00+05:30,26028.80078125,26033.400390625,26014.400390625,26032.69921875,0.0
2025-12-04 11:50:00+05:30,26031.30078125,26032.900390625,26015.599609375,26017.55078125,0.0
2025-12-04 11:55:00+05:30,26016.69921875,26030.150390625,26016.69921875,26023.900390625,0.0
2025-12-04 12:00:00+05:30,26024.0,26036.400390625,26022.650390625,26033.349609375,0.0
2025-12-04 12:05:00+05:30,26032.650390625,26044.099609375,26031.849609375,26032.150390625,0.0
2025-12-04 12:10:00+05:30,26032.0,26033.05078125,26020.400390625,26027.80078125,0.0
2025-12-04 12:15:00+05:30,26028.150390625,26028.25,26016.650390625,26018.5,0.0
2025-12-04 12:20:00+05:30,26018.150390625,26020.150390625,26004.849609375,26020.05078125,0.0
2025-12-04 12:25:00+05:30,26019.5,26030.099609375,26017.80078125,26024.5,0.0
2025-12-04 12:30:00+05:30,26024.25,26030.75,26021.75,26026.69921875,0.0
2025-12-04 12:35:00+05:30,26025.900390625,26030.69921875,26023.55078125,26024.900390625,0.0
2025-12-04 12:40:00+05:30,26023.94921875,26029.400390625,26006.69921875,26009.900390625,0.0
2025-12-04 12:45:00+05:30,26009.55078125,26010.0,25990.69921875,25993.599609375,0.0
2025-12-04 12:50:00+05:30,25993.349609375,25997.75,25989.25,25993.94921875,0.0
2025-12-04 12:55:00+05:30,25992.849609375,26009.150390625,25991.75,26002.69921875,0.0
2025-12-04 13:00:00+05:30,26002.400390625,26007.19921875,25997.30078125,26005.44921875,0.0
2025-12-04 13:05:00+05:30,26005.849609375,26007.44921875,25997.55078125,25998.5,0.0
2025-12-04 13:10:00+05:30,25997.94921875,26002.75,25991.849609375,26001.0,0.0
2025-12-04 13:15:00+05:30,26000.80078125,26006.650390625,25999.19921875,26001.80078125,0.0
2025-12-04 13:25:00+05:30,26017.80078125,26022.44921875,26014.55078125,26016.19921875,0.0
2025-12-04 13:30:00+05:30,26015.69921875,26027.599609375,26001.849609375,26002.75,0.0
2025-12-04 13:35:00+05:30,26002.400390625,26003.55078125,25974.80078125,25980.650390625,0.0
2025-12-04 13:40:00+05:30,25980.55078125,25981.05078125,25962.400390625,25976.69921875,0.0
2025-12-04 13:45:00+05:30,25976.30078125,25980.94921875,25970.900390625,25979.05078125,0.0
2025-12-04 13:50:00+05:30,25978.650390625,25983.55078125,25973.400390625,25976.599609375,0.0
2025-12-04 13:55:00+05:30,25975.55078125,25978.349609375,25970.05078125,25973.099609375,0.0
2025-12-04 14:00:00+05:30,25973.30078125,25989.55078125,25970.5,25988.150390625,0.0
2025-12-04 14:05:00+05:30,25986.69921875,26006.900390625,25977.900390625,26005.55078125,0.0
2025-12-04 14:10:00+05:30,26005.599609375,26022.69921875,26001.650390625,26004.30078125,0.0
2025-12-04 14:15:00+05:30,26004.05078125,26011.19921875,25998.650390625,26001.150390625,0.0
2025-12-04 14:20:00+05:30,26001.0,26007.400390625,25992.44921875,26003.55078125,0.0
2025-12-04 14:25:00+05:30,26002.25,26015.900390625,25999.599609375,26014.44921875,0.0
2025-12-04 14:30:00+05:30,26014.0,26020.849609375,26006.0,26009.75,0.0
2025-12-04 14:35:00+05:30,26008.94921875,26017.19921875,25998.650390625,26014.80078125,0.0
2025-12-04 14:40:00+05:30,26013.75,26019.94921875,26000.849609375,26000.849609375,0.0
2025-12-04 14:45:00+05:30,26000.599609375,26006.44921875,25988.150390625,26005.05078125,0.0
2025-12-04 14:50:00+05:30,26003.650390625,26029.5,26003.650390625,26025.650390625,0.0
2025-12-04 14:55:00+05:30,26025.05078125,26046.099609375,26025.05078125,26043.25,0.0
2025-12-04 15:00:00+05:30,26042.25,26059.05078125,26042.25,26049.5,0.0
2025-12-04 15:05:00+05:30,26049.400390625,26056.099609375,26045.400390625,26046.94921875,0.0
2025-12-04 15:10:00+05:30,26046.599609375,26055.80078125,26036.599609375,26038.599609375,0.0
2025-12-04 15:15:00+05:30,26037.69921875,26040.900390625,26023.55078125,26040.900390625,0.0
2025-12-04 15:20:00+05:30,26040.69921875,26040.69921875,26022.80078125,26031.349609375,0.0
2025-12-04 15:25:00+05:30,26030.44921875,26032.05078125,26004.900390625,26010.349609375,0.0
2025-12-05 09:15:00+05:30,26001.150390625,26050.599609375,25991.849609375,26050.599609375,0.0
2025-12-05 09:20:00+05:30,26051.349609375,26061.69921875,26031.25,26040.349609375,0.0
2025-12-05 09:25:00+05:30,26040.80078125,26051.05078125,26026.349609375,26037.44921875,0.0
2025-12-05 09:30:00+05:30,26036.599609375,26049.650390625,26029.30078125,26049.650390625,0.0
2025-12-05 09:35:00+05:30,26049.44921875,26056.349609375,26027.80078125,26035.75,0.0
2025-12-05 09:40:00+05:30,26035.849609375,26049.349609375,26032.099609375,26047.19921875,0.0
2025-12-05 09:45:00+05:30,26047.25,26061.400390625,26044.80078125,26054.650390625,0.0
2025-12-05 09:50:00+05:30,26055.05078125,26055.05078125,26038.400390625,26041.900390625,0.0
2025-12-05 09:55:00+05:30,26042.150390625,26043.75,26018.849609375,26024.349609375,0.0
2025-12-05 10:00:00+05:30,26023.80078125,26091.599609375,26006.650390625,26085.150390625,0.0
2025-12-05 10:05:00+05:30,26086.0,26102.05078125,26062.349609375,26079.69921875,0.0
2025-12-05 10:10:00+05:30,26079.349609375,26080.30078125,26062.44921875,26078.55078125,0.0
2025-12-05 10:15:00+05:30,26077.150390625,26112.55078125,26077.150390625,26105.55078125,0.0
2025-12-05 10:20:00+05:30,26106.05078125,26110.94921875,26084.80078125,26086.44921875,0.0
2025-12-05 10:25:00+05:30,26085.25,26092.75,26036.5,26040.75,0.0
2025-12-05 10:30:00+05:30,26039.75,26064.94921875,26007.25,26047.05078125,0.0
2025-12-05 10:35:00+05:30,26047.0,26072.80078125,26045.80078125,26062.30078125,0.0
2025-12-05 10:40:00+05:30,26062.849609375,26098.150390625,26062.849609375,26096.25,0.0
2025-12-05 10:45:00+05:30,26096.150390625,26125.849609375,26090.80078125,26124.19921875,0.0
2025-12-05 10:50:00+05:30,26124.55078125,26133.650390625,26116.30078125,26130.69921875,0.0
2025-12-05 10:55:00+05:30,26129.150390625,26134.75,26109.849609375,26116.75,0.0
2025-12-05 11:00:00+05:30,26115.0,26140.5,26115.0,26137.25,0.0
2025-12-05 11:05:00+05:30,26136.05078125,26139.349609375,26126.25,26136.94921875,0.0
2025-12-05 11:10:00+05:30,26135.849609375,26146.349609375,26131.849609375,26143.5,0.0
2025-12-05 11:15:00+05:30,26142.94921875,26148.900390625,26131.05078125,26136.0,0.0
2025-12-05 11:20:00+05:30,26136.650390625,26156.400390625,26136.25,26142.849609375,0.0
2025-12-05 11:25:00+05:30,26141.849609375,26151.150390625,26138.650390625,26139.30078125,0.0
2025-12-05 11:30:00+05:30,26138.44921875,26141.599609375,26128.650390625,26131.099609375,0.0
2025-12-05 11:35:00+05:30,26130.849609375,26139.75,26128.599609375,26134.400390625,0.0
2025-12-05 11:40:00+05:30,26135.349609375,26143.19921875,26133.400390625,26141.599609375,0.0
2025-12-05 11:45:00+05:30,26141.30078125,26147.900390625,26121.5,26124.150390625,0.0
2025-12-05 11:50:00+05:30,26124.599609375,26142.0,26123.30078125,26136.5,0.0
2025-12-05 11:55:00+05:30,26135.75,26146.55078125,26130.80078125,26133.05078125,0.0
2025-12-05 12:00:00+05:30,26131.0,26141.69921875,26131.0,26139.650390625,0.0
2025-12-05 12:05:00+05:30,26139.400390625,26146.349609375,26137.80078125,26142.0,0.0
2025-12-05 12:10:00+05:30,26142.150390625,26149.25,26129.69921875,26130.150390625,0.0
2025-12-05 12:15:00+05:30,26130.099609375,26143.05078125,26127.44921875,26140.900390625,0.0
2025-12-05 12:20:00+05:30,26142.25,26159.44921875,26137.150390625,26157.900390625,0.0
2025-12-05 12:25:00+05:30,26158.150390625,26167.94921875,26155.75,26166.5,0.0
2025-12-05 12:30:00+05:30,26165.30078125,26182.650390625,26163.150390625,26180.44921875,0.0
2025-12-05 12:35:00+05:30,26180.599609375,26196.75,26177.900390625,26192.05078125,0.0
2025-12-05 12:40:00+05:30,26190.900390625,26192.400390625,26174.900390625,26190.19921875,0.0
2025-12-05 12:45:00+05:30,26188.349609375,26194.349609375,26184.650390625,26191.5,0.0
2025-12-05 12:50:00+05:30,26190.55078125,26202.55078125,26187.900390625,26194.75,0.0
2025-12-05 12:55:00+05:30,26193.849609375,26197.75,26178.5,26181.55078125,0.0
2025-12-05 13:00:00+05:30,26181.44921875,26200.44921875,26180.849609375,26185.650390625,0.0
2025-12-05 13:05:00+05:30,26185.30078125,26189.75,26182.150390625,26187.400390625,0.0
2025-12-05 13:10:00+05:30,26185.849609375,26191.69921875,26177.75,26180.94921875,0.0
2025-12-05 13:15:00+05:30,26180.25,26191.94921875,26179.80078125,26189.80078125,0.0
2025-12-05 13:20:00+05:30,26189.05078125,26198.80078125,26180.5,26187.599609375,0.0
2025-12-05 13:25:00+05:30,26185.599609375,26199.25,26185.599609375,26189.150390625,0.0
2025-12-05 13:30:00+05:30,26188.400390625,26192.349609375,26183.19921875,26189.599609375,0.0
2025-12-05 13:35:00+05:30,26189.05078125,26200.400390625,26188.349609375,26194.400390625,0.0
2025-12-05 13:40:00+05:30,26193.30078125,26196.30078125,26188.44921875,26192.650390625,0.0
2025-12-05 13:45:00+05:30,26192.05078125,26198.650390625,26177.650390625,26180.0,0.0
2025-12-05 13:50:00+05:30,26178.599609375,26186.5,26168.849609375,26173.150390625,0.0
2025-12-05 13:55:00+05:30,26172.25,26183.80078125,26159.25,26163.55078125,0.0
2025-12-05 14:00:00+05:30,26164.19921875,26177.05078125,26160.599609375,26165.5,0.0
2025-12-05 14:05:00+05:30,26160.80078125,26167.75,26148.30078125,26155.849609375,0.0
2025-12-05 14:10:00+05:30,26155.05078125,26181.25,26153.650390625,26165.099609375,0.0
2025-12-05 14:15:00+05:30,26165.19921875,26172.80078125,26161.19921875,26171.05078125,0.0
2025-12-05 14:20:00+05:30,26170.349609375,26172.349609375,26159.0,26164.099609375,0.0
2025-12-05 14:25:00+05:30,26164.19921875,26172.650390625,26158.19921875,26168.400390625,0.0
2025-12-05 14:30:00+05:30,26167.900390625,26170.75,26146.0,26151.650390625,0.0
2025-12-05 14:35:00+05:30,26152.349609375,26157.0,26147.099609375,26151.900390625,0.0
2025-12-05 14:40:00+05:30,26150.75,26157.05078125,26144.599609375,26147.650390625,0.0
2025-12-05 14:45:00+05:30,26147.150390625,26148.650390625,26122.80078125,26140.80078125,0.0
2025-12-05 14:50:00+05:30,26140.75,26156.849609375,26136.75,26147.0,0.0
2025-12-05 14:55:00+05:30,26146.0,26158.5,26138.80078125,26154.5,0.0
2025-12-05 15:00:00+05:30,26155.75,26186.900390625,26155.75,26186.900390625,0.0
2025-12-05 15:05:00+05:30,26186.0,26196.69921875,26184.30078125,26190.55078125,0.0
2025-12-05 15:10:00+05:30,26189.69921875,26191.80078125,26184.05078125,26188.650390625,0.0
2025-12-05 15:15:00+05:30,26187.55078125,26199.25,26185.44921875,26194.650390625,0.0
2025-12-05 15:20:00+05:30,26193.25,26196.05078125,26184.19921875,26193.94921875,0.0
2025-12-05 15:25:00+05:30,26193.05078125,26197.75,26176.400390625,26176.650390625,0.0
2025-12-08 09:15:00+05:30,26158.849609375,26169.19921875,26128.30078125,26159.69921875,0.0
2025-12-08 09:20:00+05:30,26157.349609375,26178.400390625,26142.05078125,26167.94921875,0.0
2025-12-08 09:25:00+05:30,26167.5,26168.25,26132.19921875,26140.599609375,0.0
2025-12-08 09:30:00+05:30,26139.599609375,26144.05078125,26127.25,26128.80078125,0.0
2025-12-08 09:35:00+05:30,26127.75,26129.400390625,26112.0,26120.0,0.0
2025-12-08 09:40:00+05:30,26118.05078125,26135.5,26112.25,26130.349609375,0.0
2025-12-08 09:45:00+05:30,26129.5,26129.900390625,26097.25,26101.150390625,0.0
2025-12-08 09:50:00+05:30,26101.0,26103.19921875,26080.19921875,26083.05078125,0.0
2025-12-08 09:55:00+05:30,26082.25,26089.25,26077.650390625,26085.80078125,0.0
2025-12-08 10:00:00+05:30,26086.05078125,26092.25,26068.69921875,26071.75,0.0
2025-12-08 10:05:00+05:30,26071.05078125,26088.05078125,26068.75,26083.099609375,0.0
2025-12-08 10:10:00+05:30,26082.80078125,26096.5,26075.30078125,26096.5,0.0
2025-12-08 10:15:00+05:30,26096.599609375,26109.150390625,26081.75,26087.30078125,0.0
2025-12-08 10:20:00+05:30,26087.650390625,26105.599609375,26084.55078125,26101.650390625,0.0
2025-12-08 10:25:00+05:30,26101.55078125,26103.900390625,26089.69921875,26097.80078125,0.0
2025-12-08 10:30:00+05:30,26098.0,26099.099609375,26081.69921875,26085.30078125,0.0
2025-12-08 10:35:00+05:30,26085.80078125,26091.94921875,26081.69921875,26089.80078125,0.0
2025-12-08 10:40:00+05:30,26088.849609375,26098.69921875,26086.599609375,26096.80078125,0.0
2025-12-08 10:45:00+05:30,26096.19921875,26101.5,26083.44921875,26084.849609375,0.0
2025-12-08 10:50:00+05:30,26084.400390625,26097.400390625,26079.25,26094.349609375,0.0
2025-12-08 10:55:00+05:30,26094.599609375,26097.19921875,26069.599609375,26070.400390625,0.0
2025-12-08 11:00:00+05:30,26070.75,26072.900390625,26060.25,26061.150390625,0.0
2025-12-08 11:05:00+05:30,26060.55078125,26065.69921875,26051.900390625,26063.30078125,0.0
2025-12-08 11:10:00+05:30,26064.099609375,26080.69921875,26061.69921875,26070.69921875,0.0
2025-12-08 11:15:00+05:30,26070.55078125,26071.55078125,26056.55078125,26059.900390625,0.0
2025-12-08 11:20:00+05:30,26060.099609375,26076.30078125,26057.900390625,26074.900390625,0.0
2025-12-08 11:25:00+05:30,26073.55078125,26077.849609375,26067.150390625,26070.05078125,0.0
2025-12-08 11:30:00+05:30,26070.44921875,26074.44921875,26059.599609375,26065.099609375,0.0
2025-12-08 11:35:00+05:30,26064.94921875,26068.150390625,26057.94921875,26062.25,0.0
2025-12-08 11:40:00+05:30,26062.5,26068.5,26042.05078125,26067.69921875,0.0
2025-12-08 11:45:00+05:30,26067.69921875,26074.05078125,26060.80078125,26072.94921875,0.0
2025-12-08 11:50:00+05:30,26073.05078125,26073.5,26060.69921875,26061.900390625,0.0
2025-12-08 11:55:00+05:30,26061.69921875,26064.25,26054.400390625,26059.400390625,0.0
2025-12-08 12:00:00+05:30,26058.5,26059.099609375,26044.400390625,26051.19921875,0.0
2025-12-08 12:05:00+05:30,26051.30078125,26052.099609375,26043.900390625,26048.400390625,0.0
2025-12-08 12:10:00+05:30,26047.900390625,26053.150390625,26034.55078125,26035.30078125,0.0
2025-12-08 12:15:00+05:30,26034.0,26050.30078125,26034.0,26041.30078125,0.0
2025-12-08 12:20:00+05:30,26041.349609375,26047.75,26036.0,26047.5,0.0
2025-12-08 12:25:00+05:30,26047.30078125,26048.80078125,26023.25,26027.05078125,0.0
2025-12-08 12:30:00+05:30,26027.150390625,26027.30078125,26014.099609375,26015.69921875,0.0
2025-12-08 12:35:00+05:30,26015.44921875,26024.0,26012.650390625,26018.099609375,0.0
2025-12-08 12:40:00+05:30,26018.349609375,26027.900390625,26012.900390625,26015.75,0.0
2025-12-08 12:45:00+05:30,26015.0,26021.80078125,26010.94921875,26019.44921875,0.0
2025-12-08 12:50:00+05:30,26018.650390625,26026.55078125,26010.650390625,26017.150390625,0.0
2025-12-08 12:55:00+05:30,26016.94921875,26017.80078125,26006.650390625,26012.650390625,0.0
2025-12-08 13:00:00+05:30,26012.849609375,26024.94921875,26004.69921875,26023.69921875,0.0
2025-12-08 13:05:00+05:30,26023.349609375,26032.19921875,26016.80078125,26023.05078125,0.0
2025-12-08 13:10:00+05:30,26022.80078125,26040.80078125,26020.05078125,26030.19921875,0.0
2025-12-08 13:15:00+05:30,26030.80078125,26031.150390625,26002.400390625,26004.19921875,0.0
2025-12-08 13:20:00+05:30,26004.349609375,26004.349609375,25965.44921875,25971.400390625,0.0
2025-12-08 13:25:00+05:30,25971.69921875,25972.44921875,25950.400390625,25957.5,0.0
2025-12-08 13:30:00+05:30,25957.25,25960.05078125,25903.099609375,25919.099609375,0.0
2025-12-08 13:35:00+05:30,25920.150390625,25922.599609375,25905.0,25916.599609375,0.0
2025-12-08 13:40:00+05:30,25916.94921875,25935.150390625,25913.69921875,25923.099609375,0.0
2025-12-08 13:45:00+05:30,25923.0,25940.25,25918.0,25936.599609375,0.0
2025-12-08 13:50:00+05:30,25936.5,25939.30078125,25928.400390625,25933.650390625,0.0
2025-12-08 13:55:00+05:30,25933.5,25934.400390625,25915.69921875,25929.650390625,0.0
2025-12-08 14:00:00+05:30,25929.30078125,25930.400390625,25908.44921875,25921.849609375,0.0
2025-12-08 14:05:00+05:30,25922.099609375,25927.599609375,25916.19921875,25926.75,0.0
2025-12-08 14:10:00+05:30,25925.599609375,25943.19921875,25914.150390625,25914.400390625,0.0
2025-12-08 14:15:00+05:30,25914.05078125,25927.400390625,25892.400390625,25925.0,0.0
2025-12-08 14:20:00+05:30,25925.150390625,25933.25,25915.05078125,25929.80078125,0.0
2025-12-08 14:25:00+05:30,25931.0,25932.44921875,25917.650390625,25924.150390625,0.0
2025-12-08 14:30:00+05:30,25925.19921875,25926.349609375,25914.400390625,25916.150390625,0.0
2025-12-08 14:35:00+05:30,25917.400390625,25917.69921875,25903.44921875,25912.5,0.0
2025-12-08 14:40:00+05:30,25912.900390625,25929.94921875,25909.80078125,25928.69921875,0.0
2025-12-08 14:45:00+05:30,25929.099609375,25945.75,25922.25,25944.69921875,0.0
2025-12-08 14:50:00+05:30,25945.30078125,25970.80078125,25944.05078125,25950.5,0.0
2025-12-08 14:55:00+05:30,25951.0,25956.5,25930.900390625,25939.599609375,0.0
2025-12-08 15:00:00+05:30,25942.5,25978.94921875,25942.5,25970.80078125,0.0
2025-12-08 15:05:00+05:30,25969.69921875,25984.099609375,25967.94921875,25979.80078125,0.0
2025-12-08 15:10:00+05:30,25980.44921875,25983.599609375,25969.5,25971.150390625,0.0
2025-12-08 15:15:00+05:30,25970.30078125,25973.349609375,25945.25,25945.25,0.0
2025-12-08 15:20:00+05:30,25946.0,25950.80078125,25931.19921875,25945.099609375,0.0
2025-12-08 15:25:00+05:30,25944.05078125,25947.19921875,25918.19921875,25932.80078125,0.0
2025-12-09 09:15:00+05:30,25867.099609375,25889.849609375,25819.94921875,25819.94921875,0.0
2025-12-09 09:20:00+05:30,25821.0,25835.400390625,25801.150390625,25826.30078125,0.0
2025-12-09 09:25:00+05:30,25826.900390625,25830.599609375,25797.650390625,25798.80078125,0.0
2025-12-09 09:30:00+05:30,25800.099609375,25802.25,25758.849609375,25774.599609375,0.0
2025-12-09 09:35:00+05:30,25772.55078125,25773.650390625,25755.55078125,25764.69921875,0.0
2025-12-09 09:40:00+05:30,25764.0,25773.099609375,25757.5,25758.900390625,0.0
2025-12-09 09:45:00+05:30,25760.099609375,25766.599609375,25744.900390625,25755.5,0.0
2025-12-09 09:50:00+05:30,25754.94921875,25757.0,25730.75,25731.94921875,0.0
2025-12-09 09:55:00+05:30,25731.55078125,25742.19921875,25728.05078125,25734.150390625,0.0
2025-12-09 10:00:00+05:30,25733.55078125,25762.599609375,25730.349609375,25751.400390625,0.0
2025-12-09 10:05:00+05:30,25751.599609375,25790.75,25750.55078125,25778.05078125,0.0
2025-12-09 10:10:00+05:30,25778.099609375,25787.75,25774.099609375,25784.05078125,0.0
2025-12-09 10:15:00+05:30,25784.05078125,25848.849609375,25782.25,25832.25,0.0
2025-12-09 10:20:00+05:30,25831.69921875,25843.44921875,25812.69921875,25840.05078125,0.0
2025-12-09 10:25:00+05:30,25839.80078125,25845.0,25820.55078125,25822.0,0.0
2025-12-09 10:30:00+05:30,25822.349609375,25827.349609375,25796.849609375,25797.75,0.0
2025-12-09 10:35:00+05:30,25796.599609375,25812.849609375,25778.849609375,25811.55078125,0.0
2025-12-09 10:40:00+05:30,25812.849609375,25820.349609375,25806.349609375,25811.849609375,0.0
2025-12-09 10:45:00+05:30,25812.75,25813.849609375,25796.5,25800.55078125,0.0
2025-12-09 10:50:00+05:30,25800.44921875,25800.69921875,25790.0,25797.69921875,0.0
2025-12-09 10:55:00+05:30,25797.55078125,25830.099609375,25794.94921875,25829.19921875,0.0
2025-12-09 11:00:00+05:30,25829.30078125,25837.25,25815.05078125,25825.599609375,0.0
2025-12-09 11:05:00+05:30,25825.849609375,25848.349609375,25825.849609375,25845.599609375,0.0
2025-12-09 11:10:00+05:30,25846.599609375,25868.150390625,25837.75,25864.400390625,0.0
2025-12-09 11:15:00+05:30,25865.0,25871.19921875,25852.900390625,25866.599609375,0.0
2025-12-09 11:20:00+05:30,25866.5,25869.25,25852.80078125,25857.94921875,0.0
2025-12-09 11:25:00+05:30,25857.55078125,25872.099609375,25848.25,25863.150390625,0.0
2025-12-09 11:30:00+05:30,25863.44921875,25875.44921875,25851.25,25871.150390625,0.0
2025-12-09 11:35:00+05:30,25871.25,25875.400390625,25858.25,25867.44921875,0.0
2025-12-09 11:40:00+05:30,25867.099609375,25868.80078125,25824.900390625,25825.55078125,0.0
2025-12-09 11:45:00+05:30,25823.19921875,25833.099609375,25817.80078125,25819.849609375,0.0
2025-12-09 11:50:00+05:30,25819.19921875,25837.150390625,25819.19921875,25836.099609375,0.0
2025-12-09 11:55:00+05:30,25835.30078125,25867.94921875,25835.30078125,25861.30078125,0.0
2025-12-09 12:00:00+05:30,25860.849609375,25875.25,25855.400390625,25874.349609375,0.0
2025-12-09 12:05:00+05:30,25873.55078125,25899.69921875,25873.099609375,25890.849609375,0.0
2025-12-09 12:10:00+05:30,25890.55078125,25895.94921875,25883.400390625,25893.05078125,0.0
2025-12-09 12:15:00+05:30,25892.150390625,25896.150390625,25887.44921875,25888.400390625,0.0
2025-12-09 12:20:00+05:30,25888.150390625,25921.400390625,25886.650390625,25921.400390625,0.0
2025-12-09 12:25:00+05:30,25921.55078125,25923.150390625,25901.349609375,25905.55078125,0.0
2025-12-09 12:30:00+05:30,25904.5,25911.19921875,25892.69921875,25896.099609375,0.0
2025-12-09 12:35:00+05:30,25895.25,25900.55078125,25869.94921875,25873.25,0.0
2025-12-09 12:40:00+05:30,25872.900390625,25888.69921875,25872.69921875,25884.75,0.0
2025-12-09 12:45:00+05:30,25883.44921875,25891.44921875,25875.94921875,25888.400390625,0.0
2025-12-09 12:50:00+05:30,25888.150390625,25889.849609375,25871.650390625,25879.55078125,0.0
2025-12-09 12:55:00+05:30,25878.5,25881.0,25852.0,25864.94921875,0.0
2025-12-09 13:00:00+05:30,25863.849609375,25877.75,25855.5,25877.75,0.0
2025-12-09 13:05:00+05:30,25876.849609375,25889.0,25874.44921875,25881.849609375,0.0
2025-12-09 13:10:00+05:30,25880.44921875,25883.19921875,25867.5,25876.19921875,0.0
2025-12-09 13:15:00+05:30,25875.55078125,25883.80078125,25870.599609375,25877.349609375,0.0
2025-12-09 13:20:00+05:30,25877.0,25886.099609375,25864.349609375,25879.94921875,0.0
2025-12-09 13:25:00+05:30,25878.849609375,25890.44921875,25877.599609375,25889.349609375,0.0
2025-12-09 13:30:00+05:30,25889.099609375,25903.55078125,25876.900390625,25897.599609375,0.0
2025-12-09 13:35:00+05:30,25896.55078125,25902.30078125,25874.44921875,25902.30078125,0.0
2025-12-09 13:40:00+05:30,25898.80078125,25907.400390625,25889.150390625,25890.5,0.0
2025-12-09 13:45:00+05:30,25889.849609375,25895.650390625,25886.94921875,25894.650390625,0.0
2025-12-09 13:50:00+05:30,25894.19921875,25896.650390625,25879.55078125,25894.5,0.0
2025-12-09 13:55:00+05:30,25893.30078125,25901.849609375,25891.349609375,25898.94921875,0.0
2025-12-09 14:00:00+05:30,25896.849609375,25903.5,25877.25,25878.599609375,0.0
2025-12-09 14:05:00+05:30,25877.900390625,25892.80078125,25866.5,25892.05078125,0.0
2025-12-09 14:10:00+05:30,25890.80078125,25895.650390625,25880.099609375,25885.5,0.0
2025-12-09 14:15:00+05:30,25884.650390625,25886.099609375,25851.25,25859.0,0.0
2025-12-09 14:20:00+05:30,25858.55078125,25859.849609375,25821.599609375,25825.150390625,0.0
2025-12-09 14:25:00+05:30,25824.55078125,25834.55078125,25816.44921875,25820.94921875,0.0
2025-12-09 14:30:00+05:30,25820.80078125,25823.25,25808.849609375,25819.599609375,0.0
2025-12-09 14:35:00+05:30,25817.900390625,25827.5,25801.599609375,25826.94921875,0.0
2025-12-09 14:40:00+05:30,25825.849609375,25845.349609375,25824.0,25826.44921875,0.0
2025-12-09 14:45:00+05:30,25826.0,25829.400390625,25816.75,25820.69921875,0.0
2025-12-09 14:50:00+05:30,25820.5,25828.55078125,25813.44921875,25815.349609375,0.0
2025-12-09 14:55:00+05:30,25813.650390625,25837.80078125,25811.55078125,25832.400390625,0.0
2025-12-09 15:00:00+05:30,25831.44921875,25855.599609375,25831.44921875,25841.599609375,0.0
2025-12-09 15:05:00+05:30,25840.05078125,25851.849609375,25834.0,25835.25,0.0
2025-12-09 15:10:00+05:30,25833.25,25848.80078125,25824.44921875,25837.650390625,0.0
2025-12-09 15:15:00+05:30,25835.349609375,25841.150390625,25833.650390625,25837.05078125,0.0
2025-12-09 15:20:00+05:30,25836.0,25843.25,25832.099609375,25836.099609375,0.0
2025-12-09 15:25:00+05:30,25835.94921875,25847.69921875,25831.80078125,25838.94921875,0.0
2025-12-10 09:15:00+05:30,25863.900390625,25893.150390625,25833.80078125,25880.55078125,0.0
2025-12-10 09:20:00+05:30,25880.400390625,25881.94921875,25846.75,25855.650390625,0.0
2025-12-10 09:25:00+05:30,25855.349609375,25887.900390625,25840.55078125,25887.400390625,0.0
2025-12-10 09:30:00+05:30,25888.05078125,25905.099609375,25886.44921875,25901.94921875,0.0
2025-12-10 09:35:00+05:30,25902.599609375,25913.19921875,25901.0,25908.5,0.0
2025-12-10 09:40:00+05:30,25909.099609375,25916.849609375,25895.150390625,25905.75,0.0
2025-12-10 09:45:00+05:30,25906.099609375,25920.0,25890.0,25890.5,0.0
2025-12-10 09:50:00+05:30,25890.05078125,25898.94921875,25885.94921875,25891.900390625,0.0
2025-12-10 09:55:00+05:30,25891.900390625,25893.69921875,25876.650390625,25878.150390625,0.0
2025-12-10 10:00:00+05:30,25878.25,25909.0,25878.05078125,25902.349609375,0.0
2025-12-10 10:05:00+05:30,25902.650390625,25919.75,25900.349609375,25914.19921875,0.0
2025-12-10 10:10:00+05:30,25913.80078125,25922.25,25912.69921875,25919.849609375,0.0
2025-12-10 10:15:00+05:30,25920.80078125,25933.150390625,25916.900390625,25928.69921875,0.0
2025-12-10 10:20:00+05:30,25929.19921875,25938.19921875,25928.19921875,25933.349609375,0.0
2025-12-10 10:25:00+05:30,25934.44921875,25947.650390625,25917.94921875,25918.900390625,0.0
2025-12-10 10:30:00+05:30,25919.25,25935.099609375,25919.25,25929.55078125,0.0
2025-12-10 10:35:00+05:30,25929.25,25938.80078125,25916.44921875,25917.900390625,0.0
2025-12-10 10:40:00+05:30,25918.650390625,25923.19921875,25907.25,25921.44921875,0.0
2025-12-10 10:45:00+05:30,25922.19921875,25923.349609375,25889.0,25890.94921875,0.0
2025-12-10 10:50:00+05:30,25890.44921875,25891.69921875,25856.650390625,25859.400390625,0.0
2025-12-10 10:55:00+05:30,25859.80078125,25865.94921875,25834.25,25835.30078125,0.0
2025-12-10 11:00:00+05:30,25837.099609375,25853.400390625,25822.69921875,25852.94921875,0.0
2025-12-10 11:05:00+05:30,25851.80078125,25867.400390625,25851.75,25865.44921875,0.0
2025-12-10 11:10:00+05:30,25864.75,25875.5,25860.150390625,25874.650390625,0.0
2025-12-10 11:15:00+05:30,25876.05078125,25880.80078125,25868.44921875,25869.55078125,0.0
2025-12-10 11:20:00+05:30,25870.05078125,25876.900390625,25859.0,25860.099609375,0.0
2025-12-10 11:25:00+05:30,25861.19921875,25868.25,25851.80078125,25852.25,0.0
2025-12-10 11:30:00+05:30,25852.19921875,25854.80078125,25839.150390625,25840.0,0.0
2025-12-10 11:35:00+05:30,25839.75,25851.650390625,25831.69921875,25842.099609375,0.0
2025-12-10 11:40:00+05:30,25841.849609375,25852.5,25838.0,25839.25,0.0
2025-12-10 11:45:00+05:30,25840.25,25840.25,25829.599609375,25836.30078125,0.0
2025-12-10 11:50:00+05:30,25836.599609375,25836.650390625,25823.05078125,25828.099609375,0.0
2025-12-10 11:55:00+05:30,25827.94921875,25841.05078125,25827.55078125,25835.0,0.0
2025-12-10 12:00:00+05:30,25834.650390625,25839.44921875,25817.349609375,25837.650390625,0.0
2025-12-10 12:05:00+05:30,25838.599609375,25859.94921875,25834.30078125,25834.55078125,0.0
2025-12-10 12:10:00+05:30,25834.349609375,25836.900390625,25823.599609375,25830.650390625,0.0
2025-12-10 12:15:00+05:30,25830.69921875,25835.599609375,25819.80078125,25833.30078125,0.0
2025-12-10 12:20:00+05:30,25833.44921875,25839.349609375,25825.69921875,25826.30078125,0.0
2025-12-10 12:25:00+05:30,25827.0,25827.400390625,25814.599609375,25815.150390625,0.0
2025-12-10 12:30:00+05:30,25814.650390625,25817.099609375,25790.900390625,25791.69921875,0.0
2025-12-10 12:35:00+05:30,25791.30078125,25793.80078125,25769.5,25774.69921875,0.0
2025-12-10 12:40:00+05:30,25774.650390625,25781.75,25768.05078125,25771.55078125,0.0
2025-12-10 12:45:00+05:30,25772.55078125,25788.44921875,25768.900390625,25784.05078125,0.0
2025-12-10 12:50:00+05:30,25784.5,25796.900390625,25781.0,25788.69921875,0.0
2025-12-10 12:55:00+05:30,25789.400390625,25798.150390625,25785.80078125,25793.19921875,0.0
2025-12-10 13:00:00+05:30,25793.400390625,25799.349609375,25789.75,25793.400390625,0.0
2025-12-10 13:05:00+05:30,25794.150390625,25803.30078125,25788.05078125,25800.900390625,0.0
2025-12-10 13:10:00+05:30,25801.150390625,25810.75,25798.25,25801.849609375,0.0
2025-12-10 13:15:00+05:30,25802.30078125,25828.30078125,25801.349609375,25826.94921875,0.0
2025-12-10 13:20:00+05:30,25827.400390625,25832.0,25820.19921875,25829.69921875,0.0
2025-12-10 13:25:00+05:30,25829.900390625,25839.099609375,25819.400390625,25836.30078125,0.0
2025-12-10 13:30:00+05:30,25836.599609375,25838.150390625,25825.900390625,25834.349609375,0.0
2025-12-10 13:35:00+05:30,25834.349609375,25850.19921875,25829.650390625,25830.75,0.0
2025-12-10 13:40:00+05:30,25831.400390625,25840.94921875,25824.099609375,25825.05078125,0.0
2025-12-10 13:45:00+05:30,25825.349609375,25829.400390625,25815.69921875,25818.25,0.0
2025-12-10 13:50:00+05:30,25818.25,25820.94921875,25804.25,25816.0,0.0
2025-12-10 13:55:00+05:30,25817.150390625,25817.150390625,25793.80078125,25795.19921875,0.0
2025-12-10 14:00:00+05:30,25796.849609375,25798.94921875,25762.150390625,25764.099609375,0.0
2025-12-10 14:05:00+05:30,25765.19921875,25769.94921875,25750.55078125,25762.150390625,0.0
2025-12-10 14:10:00+05:30,25762.05078125,25772.400390625,25754.650390625,25758.5,0.0
2025-12-10 14:15:00+05:30,25758.44921875,25768.5,25754.0,25755.0,0.0
2025-12-10 14:20:00+05:30,25755.900390625,25757.94921875,25740.69921875,25748.900390625,0.0
2025-12-10 14:25:00+05:30,25748.349609375,25751.05078125,25734.900390625,25739.05078125,0.0
2025-12-10 14:30:00+05:30,25739.55078125,25787.30078125,25739.30078125,25786.849609375,0.0
2025-12-10 14:35:00+05:30,25787.44921875,25788.69921875,25746.69921875,25763.400390625,0.0
2025-12-10 14:40:00+05:30,25762.650390625,25763.150390625,25747.05078125,25751.05078125,0.0
2025-12-10 14:45:00+05:30,25752.5,25764.80078125,25751.5,25760.44921875,0.0
2025-12-10 14:50:00+05:30,25762.650390625,25767.05078125,25745.849609375,25747.30078125,0.0
2025-12-10 14:55:00+05:30,25746.900390625,25760.900390625,25739.400390625,25758.94921875,0.0
2025-12-10 15:00:00+05:30,25759.30078125,25776.900390625,25751.19921875,25762.150390625,0.0
2025-12-10 15:05:00+05:30,25762.650390625,25769.900390625,25751.849609375,25757.650390625,0.0
2025-12-10 15:10:00+05:30,25759.400390625,25764.30078125,25754.30078125,25760.099609375,0.0
2025-12-10 15:15:00+05:30,25761.400390625,25767.400390625,25751.05078125,25756.19921875,0.0
2025-12-10 15:20:00+05:30,25757.099609375,25759.55078125,25746.80078125,25751.099609375,0.0
2025-12-10 15:25:00+05:30,25750.400390625,25758.30078125,25742.650390625,25742.650390625,0.0
2025-12-11 09:15:00+05:30,25777.44921875,25794.650390625,25727.900390625,25757.099609375,0.0
2025-12-11 09:20:00+05:30,25755.94921875,25796.30078125,25755.44921875,25774.599609375,0.0
2025-12-11 09:25:00+05:30,25774.900390625,25802.849609375,25765.099609375,25798.25,0.0
2025-12-11 09:30:00+05:30,25801.349609375,25802.75,25774.30078125,25788.5,0.0
2025-12-11 09:35:00+05:30,25787.30078125,25787.80078125,25719.349609375,25721.44921875,0.0
2025-12-11 09:40:00+05:30,25719.55078125,25726.69921875,25693.30078125,25712.25,0.0
2025-12-11 09:45:00+05:30,25711.44921875,25739.69921875,25695.44921875,25737.80078125,0.0
2025-12-11 09:50:00+05:30,25737.099609375,25737.099609375,25713.05078125,25727.75,0.0
2025-12-11 09:55:00+05:30,25728.19921875,25734.44921875,25706.349609375,25714.0,0.0
2025-12-11 10:00:00+05:30,25713.400390625,25741.69921875,25712.349609375,25739.0,0.0
2025-12-11 10:05:00+05:30,25738.44921875,25774.099609375,25733.400390625,25771.55078125,0.0
2025-12-11 10:10:00+05:30,25770.30078125,25807.55078125,25759.400390625,25807.55078125,0.0
2025-12-11 10:15:00+05:30,25805.5,25821.599609375,25804.30078125,25813.05078125,0.0
2025-12-11 10:20:00+05:30,25812.400390625,25818.19921875,25788.55078125,25809.099609375,0.0
2025-12-11 10:25:00+05:30,25807.80078125,25818.099609375,25803.44921875,25808.650390625,0.0
2025-12-11 10:30:00+05:30,25811.099609375,25838.44921875,25802.69921875,25830.80078125,0.0
2025-12-11 10:35:00+05:30,25831.75,25837.099609375,25822.94921875,25830.150390625,0.0
2025-12-11 10:40:00+05:30,25830.25,25841.099609375,25824.30078125,25825.349609375,0.0
2025-12-11 10:45:00+05:30,25826.5,25842.650390625,25824.849609375,25832.80078125,0.0
2025-12-11 10:50:00+05:30,25832.5,25844.44921875,25821.599609375,25821.599609375,0.0
2025-12-11 10:55:00+05:30,25822.0,25822.69921875,25794.349609375,25794.349609375,0.0
2025-12-11 11:00:00+05:30,25794.44921875,25801.44921875,25764.650390625,25765.30078125,0.0
2025-12-11 11:05:00+05:30,25765.599609375,25788.0,25764.5,25777.349609375,0.0
2025-12-11 11:10:00+05:30,25778.25,25803.099609375,25778.099609375,25797.44921875,0.0
2025-12-11 11:15:00+05:30,25797.5,25814.0,25789.900390625,25813.25,0.0
2025-12-11 11:20:00+05:30,25813.55078125,25822.69921875,25813.55078125,25818.69921875,0.0
2025-12-11 11:25:00+05:30,25819.900390625,25828.69921875,25816.349609375,25820.650390625,0.0
2025-12-11 11:30:00+05:30,25820.599609375,25836.94921875,25820.599609375,25823.55078125,0.0
2025-12-11 11:35:00+05:30,25823.849609375,25832.900390625,25813.30078125,25830.75,0.0
2025-12-11 11:40:00+05:30,25830.25,25836.400390625,25822.849609375,25833.69921875,0.0
2025-12-11 11:45:00+05:30,25833.599609375,25839.400390625,25819.44921875,25833.25,0.0
2025-12-11 11:50:00+05:30,25834.099609375,25845.849609375,25824.05078125,25838.0,0.0
2025-12-11 11:55:00+05:30,25838.05078125,25851.5,25836.0,25846.900390625,0.0
2025-12-11 12:00:00+05:30,25847.150390625,25882.80078125,25846.94921875,25881.69921875,0.0
2025-12-11 12:05:00+05:30,25882.599609375,25889.80078125,25868.849609375,25882.150390625,0.0
2025-12-11 12:10:00+05:30,25882.099609375,25885.80078125,25875.44921875,25876.599609375,0.0
2025-12-11 12:15:00+05:30,25878.599609375,25885.69921875,25869.0,25884.150390625,0.0
2025-12-11 12:20:00+05:30,25883.0,25895.5,25880.0,25886.75,0.0
2025-12-11 12:25:00+05:30,25885.599609375,25918.099609375,25882.150390625,25907.30078125,0.0
2025-12-11 12:30:00+05:30,25906.900390625,25913.30078125,25894.80078125,25896.19921875,0.0
2025-12-11 12:35:00+05:30,25896.94921875,25900.55078125,25884.94921875,25885.55078125,0.0
2025-12-11 12:40:00+05:30,25885.849609375,25902.150390625,25881.400390625,25899.849609375,0.0
2025-12-11 12:45:00+05:30,25900.55078125,25903.400390625,25891.55078125,25894.80078125,0.0
2025-12-11 12:50:00+05:30,25893.80078125,25897.94921875,25881.80078125,25892.400390625,0.0
2025-12-11 12:55:00+05:30,25895.80078125,25895.94921875,25877.150390625,25879.0,0.0
2025-12-11 13:00:00+05:30,25879.05078125,25887.400390625,25865.80078125,25867.30078125,0.0
2025-12-11 13:05:00+05:30,25867.44921875,25873.849609375,25848.94921875,25850.400390625,0.0
2025-12-11 13:10:00+05:30,25849.849609375,25861.75,25840.80078125,25855.150390625,0.0
2025-12-11 13:15:00+05:30,25854.05078125,25870.349609375,25852.69921875,25864.05078125,0.0
2025-12-11 13:20:00+05:30,25864.19921875,25869.19921875,25854.05078125,25860.400390625,0.0
2025-12-11 13:25:00+05:30,25862.099609375,25866.400390625,25850.55078125,25862.5,0.0
2025-12-11 13:30:00+05:30,25860.0,25882.0,25860.0,25878.849609375,0.0
2025-12-11 13:35:00+05:30,25879.5,25887.849609375,25875.05078125,25883.0,0.0
2025-12-11 13:40:00+05:30,25882.55078125,25889.80078125,25873.25,25873.80078125,0.0
2025-12-11 13:45:00+05:30,25874.0,25894.5,25868.94921875,25892.55078125,0.0
2025-12-11 13:50:00+05:30,25892.69921875,25893.599609375,25879.900390625,25890.900390625,0.0
2025-12-11 13:55:00+05:30,25891.69921875,25901.849609375,25888.55078125,25890.30078125,0.0
2025-12-11 14:00:00+05:30,25890.650390625,25890.75,25869.599609375,25869.650390625,0.0
2025-12-11 14:05:00+05:30,25870.30078125,25876.44921875,25860.650390625,25872.400390625,0.0
2025-12-11 14:10:00+05:30,25873.150390625,25881.900390625,25860.599609375,25866.19921875,0.0
2025-12-11 14:15:00+05:30,25863.25,25880.400390625,25863.25,25879.44921875,0.0
2025-12-11 14:20:00+05:30,25880.25,25897.900390625,25879.349609375,25886.099609375,0.0
2025-12-11 14:25:00+05:30,25886.69921875,25918.05078125,25883.400390625,25916.5,0.0
2025-12-11 14:30:00+05:30,25917.099609375,25921.75,25904.69921875,25910.900390625,0.0
2025-12-11 14:35:00+05:30,25911.05078125,25914.900390625,25899.900390625,25900.69921875,0.0
2025-12-11 14:40:00+05:30,25900.55078125,25904.94921875,25878.900390625,25880.55078125,0.0
2025-12-11 14:45:00+05:30,25881.099609375,25885.55078125,25855.30078125,25855.30078125,0.0
2025-12-11 14:50:00+05:30,25854.69921875,25877.69921875,25848.25,25867.25,0.0
2025-12-11 14:55:00+05:30,25867.349609375,25879.150390625,25864.80078125,25874.25,0.0
2025-12-11 15:00:00+05:30,25874.75,25899.75,25874.75,25899.599609375,0.0
2025-12-11 15:05:00+05:30,25900.05078125,25907.80078125,25899.80078125,25906.05078125,0.0
2025-12-11 15:10:00+05:30,25906.400390625,25907.30078125,25894.099609375,25895.44921875,0.0
2025-12-11 15:15:00+05:30,25895.099609375,25903.400390625,25892.55078125,25901.650390625,0.0
2025-12-11 15:20:00+05:30,25901.5,25902.69921875,25895.94921875,25899.900390625,0.0
2025-12-11 15:25:00+05:30,25899.55078125,25901.44921875,25891.05078125,25898.400390625,0.0
2025-12-12 09:15:00+05:30,25971.19921875,26002.80078125,25964.900390625,26001.400390625,0.0
2025-12-12 09:20:00+05:30,26002.55078125,26012.900390625,25991.19921875,25992.19921875,0.0
2025-12-12 09:25:00+05:30,25992.30078125,26010.900390625,25978.05078125,26010.150390625,0.0
2025-12-12 09:30:00+05:30,26009.30078125,26036.69921875,26009.30078125,26031.19921875,0.0
2025-12-12 09:35:00+05:30,26030.349609375,26038.150390625,26021.650390625,26032.69921875,0.0
2025-12-12 09:40:00+05:30,26033.400390625,26035.75,26021.44921875,26023.900390625,0.0
2025-12-12 09:45:00+05:30,26024.849609375,26027.25,26008.5,26015.19921875,0.0
2025-12-12 09:50:00+05:30,26015.599609375,26020.05078125,26010.400390625,26013.44921875,0.0
2025-12-12 09:55:00+05:30,26013.599609375,26020.900390625,26001.599609375,26007.55078125,0.0
2025-12-12 10:00:00+05:30,26006.5,26011.30078125,25996.30078125,26001.5,0.0
2025-12-12 10:05:00+05:30,26001.650390625,26002.05078125,25968.599609375,25980.650390625,0.0
2025-12-12 10:10:00+05:30,25980.099609375,25989.25,25969.599609375,25988.5,0.0
2025-12-12 10:15:00+05:30,25989.150390625,26008.25,25989.05078125,26003.30078125,0.0
2025-12-12 10:20:00+05:30,26003.400390625,26008.19921875,25957.94921875,25958.900390625,0.0
2025-12-12 10:25:00+05:30,25959.19921875,25966.5,25939.05078125,25960.650390625,0.0
2025-12-12 10:30:00+05:30,25960.30078125,25983.400390625,25957.650390625,25982.400390625,0.0
2025-12-12 10:35:00+05:30,25980.94921875,25983.44921875,25965.650390625,25968.94921875,0.0
2025-12-12 10:40:00+05:30,25968.849609375,25969.25,25955.900390625,25961.19921875,0.0
2025-12-12 10:45:00+05:30,25960.849609375,25974.94921875,25951.349609375,25953.349609375,0.0
2025-12-12 10:50:00+05:30,25953.80078125,25969.599609375,25949.75,25963.05078125,0.0
2025-12-12 10:55:00+05:30,25962.69921875,25973.349609375,25949.150390625,25954.900390625,0.0
2025-12-12 11:00:00+05:30,25954.900390625,25984.75,25953.30078125,25980.849609375,0.0
2025-12-12 11:05:00+05:30,25980.94921875,25986.94921875,25973.849609375,25985.94921875,0.0
2025-12-12 11:10:00+05:30,25986.099609375,26000.25,25985.30078125,25990.44921875,0.0
2025-12-12 11:15:00+05:30,25990.80078125,25996.849609375,25989.25,25992.44921875,0.0
2025-12-12 11:20:00+05:30,25992.05078125,26019.349609375,25991.19921875,26015.69921875,0.0
2025-12-12 11:25:00+05:30,26015.650390625,26018.55078125,26005.900390625,26012.94921875,0.0
2025-12-12 11:30:00+05:30,26013.0,26020.099609375,26011.650390625,26017.099609375,0.0
2025-12-12 11:35:00+05:30,26016.19921875,26020.94921875,26007.599609375,26008.69921875,0.0
2025-12-12 11:40:00+05:30,26008.099609375,26017.25,26005.5,26014.849609375,0.0
2025-12-12 11:45:00+05:30,26014.650390625,26021.19921875,26010.150390625,26010.849609375,0.0
2025-12-12 11:50:00+05:30,26011.099609375,26031.30078125,26008.75,26027.650390625,0.0
2025-12-12 11:55:00+05:30,26028.0,26033.599609375,26022.55078125,26028.849609375,0.0
2025-12-12 12:00:00+05:30,26028.30078125,26037.849609375,26019.349609375,26022.25,0.0
2025-12-12 12:05:00+05:30,26021.599609375,26023.05078125,26009.80078125,26016.19921875,0.0
2025-12-12 12:10:00+05:30,26016.099609375,26017.349609375,25998.94921875,26013.650390625,0.0
2025-12-12 12:15:00+05:30,26014.19921875,26018.349609375,26007.55078125,26014.099609375,0.0
2025-12-12 12:20:00+05:30,26014.599609375,26022.0,26013.80078125,26019.80078125,0.0
2025-12-12 12:25:00+05:30,26020.05078125,26029.5,26017.900390625,26023.650390625,0.0
2025-12-12 12:30:00+05:30,26023.05078125,26034.19921875,26019.349609375,26033.55078125,0.0
2025-12-12 12:35:00+05:30,26033.0,26037.849609375,26022.19921875,26022.19921875,0.0
2025-12-12 12:40:00+05:30,26022.150390625,26029.400390625,26015.55078125,26016.19921875,0.0
2025-12-12 12:45:00+05:30,26016.75,26022.0,26011.849609375,26013.30078125,0.0
2025-12-12 12:50:00+05:30,26014.150390625,26023.150390625,26012.650390625,26021.900390625,0.0
2025-12-12 12:55:00+05:30,26022.099609375,26024.900390625,26019.05078125,26022.25,0.0
2025-12-12 13:00:00+05:30,26022.400390625,26031.900390625,26021.05078125,26024.400390625,0.0
2025-12-12 13:05:00+05:30,26025.19921875,26027.19921875,26009.05078125,26020.05078125,0.0
2025-12-12 13:10:00+05:30,26020.44921875,26035.05078125,26019.0,26034.05078125,0.0
2025-12-12 13:15:00+05:30,26034.69921875,26035.80078125,26028.5,26029.19921875,0.0
2025-12-12 13:20:00+05:30,26028.94921875,26031.150390625,26019.05078125,26020.80078125,0.0
2025-12-12 13:25:00+05:30,26021.19921875,26028.349609375,26015.30078125,26015.400390625,0.0
2025-12-12 13:30:00+05:30,26015.099609375,26018.05078125,26008.94921875,26015.44921875,0.0
2025-12-12 13:35:00+05:30,26015.44921875,26023.94921875,26015.44921875,26020.0,0.0
2025-12-12 13:40:00+05:30,26020.05078125,26027.69921875,26020.05078125,26021.80078125,0.0
2025-12-12 13:45:00+05:30,26023.099609375,26031.150390625,26018.05078125,26030.44921875,0.0
2025-12-12 13:50:00+05:30,26030.30078125,26033.55078125,26021.19921875,26022.849609375,0.0
2025-12-12 13:55:00+05:30,26023.599609375,26029.44921875,26023.150390625,26025.0,0.0
2025-12-12 14:00:00+05:30,26025.80078125,26043.650390625,26024.19921875,26043.19921875,0.0
2025-12-12 14:05:00+05:30,26043.849609375,26054.55078125,26040.94921875,26053.599609375,0.0
2025-12-12 14:10:00+05:30,26053.849609375,26056.25,26041.900390625,26043.05078125,0.0
2025-12-12 14:15:00+05:30,26042.900390625,26045.30078125,26035.80078125,26042.0,0.0
2025-12-12 14:20:00+05:30,26042.55078125,26045.5,26039.30078125,26041.599609375,0.0
2025-12-12 14:25:00+05:30,26041.599609375,26042.69921875,26026.94921875,26033.69921875,0.0
2025-12-12 14:30:00+05:30,26034.099609375,26039.5,26029.150390625,26037.650390625,0.0
2025-12-12 14:35:00+05:30,26037.349609375,26039.400390625,26018.69921875,26022.44921875,0.0
2025-12-12 14:40:00+05:30,26022.94921875,26030.0,26021.349609375,26028.099609375,0.0
2025-12-12 14:45:00+05:30,26026.94921875,26028.599609375,26015.80078125,26020.5,0.0
2025-12-12 14:50:00+05:30,26020.400390625,26025.150390625,26017.44921875,26023.0,0.0
2025-12-12 14:55:00+05:30,26022.69921875,26031.19921875,26022.44921875,26028.5,0.0
2025-12-12 15:00:00+05:30,26026.94921875,26050.19921875,26026.94921875,26041.80078125,0.0
2025-12-12 15:05:00+05:30,26041.150390625,26053.099609375,26040.69921875,26052.0,0.0
2025-12-12 15:10:00+05:30,26051.80078125,26057.400390625,26050.5,26054.099609375,0.0
2025-12-12 15:15:00+05:30,26053.94921875,26054.5,26042.80078125,26046.44921875,0.0
2025-12-12 15:20:00+05:30,26045.849609375,26052.900390625,26039.849609375,26050.44921875,0.0
2025-12-12 15:25:00+05:30,26050.55078125,26053.400390625,26037.150390625,26037.150390625,0.0
2025-12-15 09:15:00+05:30,25957.25,26004.0,25949.5,25953.30078125,0.0
2025-12-15 09:20:00+05:30,25952.30078125,25954.75,25924.099609375,25926.44921875,0.0
2025-12-15 09:25:00+05:30,25928.05078125,25938.80078125,25913.80078125,25918.599609375,0.0
2025-12-15 09:30:00+05:30,25918.75,25930.75,25910.30078125,25914.75,0.0
2025-12-15 09:35:00+05:30,25914.44921875,25936.55078125,25912.900390625,25928.150390625,0.0
2025-12-15 09:40:00+05:30,25926.5,25936.900390625,25912.25,25917.150390625,0.0
2025-12-15 09:45:00+05:30,25916.80078125,25939.650390625,25904.75,25937.69921875,0.0
2025-12-15 09:50:00+05:30,25937.80078125,25946.55078125,25930.5,25939.150390625,0.0
2025-12-15 09:55:00+05:30,25939.099609375,25953.0,25932.849609375,25951.599609375,0.0
2025-12-15 10:00:00+05:30,25951.900390625,25959.05078125,25941.900390625,25954.55078125,0.0
2025-12-15 10:05:00+05:30,25953.69921875,25960.05078125,25940.75,25949.75,0.0
2025-12-15 10:10:00+05:30,25948.5,25962.19921875,25937.5,25961.349609375,0.0
2025-12-15 10:15:00+05:30,25961.349609375,25971.94921875,25959.94921875,25969.349609375,0.0
2025-12-15 10:20:00+05:30,25968.80078125,25972.900390625,25963.650390625,25968.19921875,0.0
2025-12-15 10:25:00+05:30,25967.75,25978.099609375,25954.55078125,25976.05078125,0.0
2025-12-15 10:30:00+05:30,25976.099609375,25981.30078125,25973.150390625,25975.349609375,0.0
2025-12-15 10:35:00+05:30,25975.5,25977.5,25953.05078125,25956.25,0.0
2025-12-15 10:40:00+05:30,25956.849609375,25969.349609375,25946.94921875,25968.150390625,0.0
2025-12-15 10:45:00+05:30,25968.400390625,25992.650390625,25965.94921875,25989.599609375,0.0
2025-12-15 10:50:00+05:30,25990.0,25996.0,25984.400390625,25992.349609375,0.0
2025-12-15 10:55:00+05:30,25992.69921875,25997.55078125,25986.150390625,25987.25,0.0
2025-12-15 11:00:00+05:30,25987.349609375,25993.599609375,25982.30078125,25987.849609375,0.0
2025-12-15 11:05:00+05:30,25989.650390625,25990.05078125,25974.55078125,25977.349609375,0.0
2025-12-15 11:10:00+05:30,25977.69921875,25985.30078125,25976.150390625,25980.94921875,0.0
2025-12-15 11:15:00+05:30,25980.849609375,25982.599609375,25976.19921875,25976.400390625,0.0
2025-12-15 11:20:00+05:30,25976.849609375,25977.349609375,25968.150390625,25976.44921875,0.0
2025-12-15 11:25:00+05:30,25977.05078125,25995.55078125,25976.75,25991.69921875,0.0
2025-12-15 11:30:00+05:30,25991.150390625,25994.599609375,25966.0,25967.80078125,0.0
2025-12-15 11:35:00+05:30,25967.599609375,25976.19921875,25961.55078125,25970.05078125,0.0
2025-12-15 11:40:00+05:30,25969.650390625,25974.05078125,25964.650390625,25971.0,0.0
2025-12-15 11:45:00+05:30,25971.19921875,25996.099609375,25969.849609375,25995.849609375,0.0
2025-12-15 11:50:00+05:30,25996.30078125,26016.5,25995.55078125,26007.55078125,0.0
2025-12-15 11:55:00+05:30,26007.80078125,26021.05078125,26007.44921875,26016.099609375,0.0
2025-12-15 12:00:00+05:30,26016.19921875,26019.19921875,26010.150390625,26013.05078125,0.0
2025-12-15 12:05:00+05:30,26013.099609375,26028.0,26008.55078125,26019.5,0.0
2025-12-15 12:10:00+05:30,26019.25,26021.849609375,26013.69921875,26018.55078125,0.0
2025-12-15 12:15:00+05:30,26019.55078125,26022.650390625,26014.55078125,26014.69921875,0.0
2025-12-15 12:20:00+05:30,26015.44921875,26027.30078125,26015.25,26023.400390625,0.0
2025-12-15 12:25:00+05:30,26023.69921875,26025.849609375,26011.44921875,26018.599609375,0.0
2025-12-15 12:30:00+05:30,26020.099609375,26027.650390625,26017.44921875,26025.599609375,0.0
2025-12-15 12:35:00+05:30,26025.849609375,26029.650390625,26019.94921875,26022.19921875,0.0
2025-12-15 12:40:00+05:30,26021.849609375,26024.30078125,26007.69921875,26010.150390625,0.0
2025-12-15 12:45:00+05:30,26009.94921875,26014.650390625,26003.44921875,26012.400390625,0.0
2025-12-15 12:50:00+05:30,26011.94921875,26022.849609375,26011.75,26014.349609375,0.0
2025-12-15 12:55:00+05:30,26014.650390625,26017.0,26006.69921875,26016.0,0.0
2025-12-15 13:00:00+05:30,26016.19921875,26024.80078125,26015.349609375,26024.80078125,0.0
2025-12-15 13:05:00+05:30,26023.94921875,26034.44921875,26022.94921875,26030.44921875,0.0
2025-12-15 13:10:00+05:30,26030.5,26044.599609375,26029.400390625,26042.099609375,0.0
2025-12-15 13:15:00+05:30,26041.94921875,26043.94921875,26029.19921875,26031.900390625,0.0
2025-12-15 13:20:00+05:30,26031.75,26035.900390625,26027.900390625,26034.94921875,0.0
2025-12-15 13:25:00+05:30,26034.650390625,26036.25,26024.400390625,26025.69921875,0.0
2025-12-15 13:30:00+05:30,26025.69921875,26031.599609375,26023.650390625,26031.599609375,0.0
2025-12-15 13:35:00+05:30,26031.099609375,26035.44921875,26027.5,26030.349609375,0.0
2025-12-15 13:40:00+05:30,26031.099609375,26036.0,26023.400390625,26025.44921875,0.0
2025-12-15 13:45:00+05:30,26025.599609375,26033.5,26023.5,26032.900390625,0.0
2025-12-15 13:50:00+05:30,26032.849609375,26034.05078125,26019.849609375,26032.94921875,0.0
2025-12-15 13:55:00+05:30,26033.0,26033.400390625,26018.650390625,26022.19921875,0.0
2025-12-15 14:00:00+05:30,26022.0,26038.05078125,26021.849609375,26032.150390625,0.0
2025-12-15 14:05:00+05:30,26032.150390625,26035.55078125,26005.5,26005.900390625,0.0
2025-12-15 14:10:00+05:30,26005.849609375,26011.25,25990.150390625,26009.849609375,0.0
2025-12-15 14:15:00+05:30,26009.5,26018.30078125,26007.400390625,26014.150390625,0.0
2025-12-15 14:20:00+05:30,26013.94921875,26020.349609375,26008.80078125,26013.69921875,0.0
2025-12-15 14:25:00+05:30,26013.55078125,26019.80078125,26011.150390625,26016.650390625,0.0
2025-12-15 14:30:00+05:30,26016.44921875,26018.05078125,26010.0,26015.05078125,0.0
2025-12-15 14:35:00+05:30,26014.900390625,26016.44921875,26008.5,26013.25,0.0
2025-12-15 14:40:00+05:30,26014.80078125,26035.650390625,26012.44921875,26035.650390625,0.0
2025-12-15 14:45:00+05:30,26035.19921875,26047.0,26028.05078125,26028.55078125,0.0
2025-12-15 14:50:00+05:30,26029.5,26037.0,26028.349609375,26034.349609375,0.0
2025-12-15 14:55:00+05:30,26035.400390625,26037.75,26028.94921875,26036.5,0.0
2025-12-15 15:00:00+05:30,26035.099609375,26037.599609375,26022.0,26024.30078125,0.0
2025-12-15 15:05:00+05:30,26024.099609375,26034.5,26019.55078125,26031.94921875,0.0
2025-12-15 15:10:00+05:30,26032.349609375,26035.80078125,26027.80078125,26030.05078125,0.0
2025-12-15 15:15:00+05:30,26029.849609375,26029.900390625,26021.650390625,26023.55078125,0.0
2025-12-15 15:20:00+05:30,26023.44921875,26025.5,26018.19921875,26023.75,0.0
2025-12-15 15:25:00+05:30,26023.19921875,26031.55078125,26013.349609375,26014.0,0.0
2025-12-16 09:15:00+05:30,25966.75,25970.0,25923.19921875,25943.30078125,0.0
2025-12-16 09:20:00+05:30,25938.349609375,25947.650390625,25928.55078125,25931.349609375,0.0
2025-12-16 09:25:00+05:30,25930.849609375,25935.19921875,25920.099609375,25923.099609375,0.0
2025-12-16 09:30:00+05:30,25922.75,25925.0,25908.099609375,25916.69921875,0.0
2025-12-16 09:35:00+05:30,25915.94921875,25917.19921875,25902.30078125,25917.0,0.0
2025-12-16 09:40:00+05:30,25916.099609375,25930.80078125,25912.05078125,25926.650390625,0.0
2025-12-16 09:45:00+05:30,25926.0,25942.94921875,25920.099609375,25936.400390625,0.0
2025-12-16 09:50:00+05:30,25936.349609375,25943.75,25930.30078125,25942.0,0.0
2025-12-16 09:55:00+05:30,25941.25,25942.849609375,25902.599609375,25906.099609375,0.0
2025-12-16 10:00:00+05:30,25906.05078125,25906.099609375,25879.55078125,25891.099609375,0.0
2025-12-16 10:05:00+05:30,25891.05078125,25900.05078125,25887.099609375,25890.849609375,0.0
2025-12-16 10:10:00+05:30,25890.849609375,25893.900390625,25882.150390625,25892.849609375,0.0
2025-12-16 10:15:00+05:30,25892.44921875,25914.69921875,25888.150390625,25912.44921875,0.0
2025-12-16 10:20:00+05:30,25912.75,25917.900390625,25906.75,25912.44921875,0.0
2025-12-16 10:25:00+05:30,25912.55078125,25922.69921875,25906.75,25910.44921875,0.0
2025-12-16 10:30:00+05:30,25909.94921875,25919.349609375,25908.30078125,25913.25,0.0
2025-12-16 10:35:00+05:30,25913.599609375,25915.44921875,25899.650390625,25904.849609375,0.0
2025-12-16 10:40:00+05:30,25905.099609375,25908.0,25898.150390625,25905.30078125,0.0
2025-12-16 10:45:00+05:30,25904.849609375,25907.69921875,25898.69921875,25901.69921875,0.0
2025-12-16 10:50:00+05:30,25901.849609375,25906.400390625,25897.400390625,25905.05078125,0.0
2025-12-16 10:55:00+05:30,25904.69921875,25911.5,25890.849609375,25900.150390625,0.0
2025-12-16 11:00:00+05:30,25899.75,25903.400390625,25891.30078125,25900.099609375,0.0
2025-12-16 11:05:00+05:30,25898.44921875,25910.349609375,25896.599609375,25903.75,0.0
2025-12-16 11:10:00+05:30,25903.05078125,25906.30078125,25893.75,25898.80078125,0.0
2025-12-16 11:15:00+05:30,25898.25,25903.94921875,25892.599609375,25902.44921875,0.0
2025-12-16 11:20:00+05:30,25902.44921875,25911.19921875,25896.94921875,25898.400390625,0.0
2025-12-16 11:25:00+05:30,25898.650390625,25907.099609375,25893.349609375,25905.44921875,0.0
2025-12-16 11:30:00+05:30,25905.69921875,25907.650390625,25888.150390625,25890.30078125,0.0
2025-12-16 11:35:00+05:30,25889.75,25890.099609375,25877.650390625,25885.349609375,0.0
2025-12-16 11:40:00+05:30,25884.94921875,25886.150390625,25872.69921875,25875.099609375,0.0
2025-12-16 11:45:00+05:30,25875.650390625,25881.099609375,25872.599609375,25878.25,0.0
2025-12-16 11:50:00+05:30,25876.44921875,25891.0,25876.44921875,25890.80078125,0.0
2025-12-16 11:55:00+05:30,25890.19921875,25890.19921875,25873.0,25876.05078125,0.0
2025-12-16 12:00:00+05:30,25876.30078125,25878.44921875,25870.5,25876.099609375,0.0
2025-12-16 12:05:00+05:30,25876.44921875,25886.0,25875.349609375,25883.44921875,0.0
2025-12-16 12:10:00+05:30,25883.650390625,25890.650390625,25878.25,25887.5,0.0
2025-12-16 12:15:00+05:30,25887.05078125,25893.900390625,25882.19921875,25893.5,0.0
2025-12-16 12:20:00+05:30,25893.0,25897.19921875,25888.80078125,25893.44921875,0.0
2025-12-16 12:25:00+05:30,25893.44921875,25908.5,25891.150390625,25906.150390625,0.0
2025-12-16 12:30:00+05:30,25905.599609375,25914.44921875,25895.150390625,25906.099609375,0.0
2025-12-16 12:35:00+05:30,25905.900390625,25907.55078125,25883.150390625,25889.849609375,0.0
2025-12-16 12:40:00+05:30,25889.55078125,25897.25,25880.25,25894.349609375,0.0
2025-12-16 12:45:00+05:30,25893.69921875,25894.0,25876.150390625,25879.5,0.0
2025-12-16 12:50:00+05:30,25879.55078125,25900.849609375,25877.69921875,25883.099609375,0.0
2025-12-16 12:55:00+05:30,25883.30078125,25901.0,25876.75,25898.75,0.0
2025-12-16 13:00:00+05:30,25898.900390625,25899.19921875,25884.400390625,25885.05078125,0.0
2025-12-16 13:05:00+05:30,25884.849609375,25886.19921875,25875.849609375,25883.099609375,0.0
2025-12-16 13:10:00+05:30,25883.0,25893.25,25881.19921875,25886.849609375,0.0
2025-12-16 13:15:00+05:30,25887.650390625,25896.69921875,25876.30078125,25883.80078125,0.0
2025-12-16 13:20:00+05:30,25884.44921875,25888.94921875,25883.400390625,25887.25,0.0
2025-12-16 13:25:00+05:30,25887.400390625,25889.75,25882.599609375,25885.30078125,0.0
2025-12-16 13:30:00+05:30,25885.599609375,25897.099609375,25884.69921875,25895.849609375,0.0
2025-12-16 13:35:00+05:30,25896.05078125,25909.5,25894.400390625,25908.05078125,0.0
2025-12-16 13:40:00+05:30,25908.30078125,25916.25,25899.80078125,25905.150390625,0.0
2025-12-16 13:45:00+05:30,25904.94921875,25929.150390625,25903.25,25923.69921875,0.0
2025-12-16 13:50:00+05:30,25923.05078125,25928.400390625,25915.650390625,25919.0,0.0
2025-12-16 13:55:00+05:30,25918.44921875,25919.900390625,25894.44921875,25897.25,0.0
2025-12-16 14:00:00+05:30,25897.19921875,25899.400390625,25890.0,25896.55078125,0.0
2025-12-16 14:05:00+05:30,25895.94921875,25909.75,25879.80078125,25886.94921875,0.0
2025-12-16 14:10:00+05:30,25887.349609375,25888.94921875,25875.900390625,25883.25,0.0
2025-12-16 14:15:00+05:30,25883.80078125,25884.55078125,25859.599609375,25860.400390625,0.0
2025-12-16 14:20:00+05:30,25860.80078125,25871.44921875,25848.69921875,25871.349609375,0.0
2025-12-16 14:25:00+05:30,25869.400390625,25873.849609375,25851.150390625,25868.75,0.0
2025-12-16 14:30:00+05:30,25868.94921875,25870.349609375,25848.55078125,25850.650390625,0.0
2025-12-16 14:35:00+05:30,25849.75,25863.150390625,25848.55078125,25861.55078125,0.0
2025-12-16 14:40:00+05:30,25861.75,25872.19921875,25860.150390625,25865.900390625,0.0
2025-12-16 14:45:00+05:30,25866.44921875,25879.25,25859.0,25869.650390625,0.0
2025-12-16 14:50:00+05:30,25870.05078125,25891.69921875,25867.05078125,25890.19921875,0.0
2025-12-16 14:55:00+05:30,25889.400390625,25902.05078125,25878.55078125,25883.80078125,0.0
2025-12-16 15:00:00+05:30,25885.0,25896.849609375,25870.30078125,25874.599609375,0.0
2025-12-16 15:05:00+05:30,25875.75,25880.80078125,25860.400390625,25862.75,0.0
2025-12-16 15:10:00+05:30,25863.0,25866.05078125,25854.75,25856.05078125,0.0
2025-12-16 15:15:00+05:30,25858.75,25858.75,25841.05078125,25841.05078125,0.0
2025-12-16 15:20:00+05:30,25842.75,25854.349609375,25834.849609375,25849.099609375,0.0
2025-12-16 15:25:00+05:30,25853.05078125,25857.849609375,25840.599609375,25851.349609375,0.0
2025-12-17 09:15:00+05:30,25902.400390625,25902.400390625,25857.80078125,25873.05078125,0.0
2025-12-17 09:20:00+05:30,25872.599609375,25922.400390625,25867.80078125,25920.400390625,0.0
2025-12-17 09:25:00+05:30,25919.69921875,25924.0,25903.30078125,25903.30078125,0.0
2025-12-17 09:30:00+05:30,25903.5,25923.099609375,25894.80078125,25921.5,0.0
2025-12-17 09:35:00+05:30,25921.94921875,25928.650390625,25911.849609375,25914.349609375,0.0
2025-12-17 09:40:00+05:30,25914.69921875,25917.75,25878.099609375,25880.80078125,0.0
2025-12-17 09:45:00+05:30,25880.19921875,25890.0,25860.599609375,25862.849609375,0.0
2025-12-17 09:50:00+05:30,25862.900390625,25865.69921875,25851.80078125,25865.55078125,0.0
2025-12-17 09:55:00+05:30,25865.25,25878.44921875,25859.650390625,25868.44921875,0.0
2025-12-17 10:00:00+05:30,25868.25,25871.05078125,25844.900390625,25846.099609375,0.0
2025-12-17 10:05:00+05:30,25845.650390625,25846.19921875,25823.94921875,25837.75,0.0
2025-12-17 10:10:00+05:30,25838.400390625,25843.25,25829.30078125,25841.05078125,0.0
2025-12-17 10:15:00+05:30,25840.150390625,25851.75,25830.099609375,25848.94921875,0.0
2025-12-17 10:20:00+05:30,25848.75,25849.25,25826.400390625,25826.400390625,0.0
2025-12-17 10:25:00+05:30,25826.400390625,25830.80078125,25810.0,25813.19921875,0.0
2025-12-17 10:30:00+05:30,25813.650390625,25829.900390625,25811.05078125,25822.5,0.0
2025-12-17 10:35:00+05:30,25821.849609375,25821.900390625,25811.55078125,25814.849609375,0.0
2025-12-17 10:40:00+05:30,25815.349609375,25825.0,25811.44921875,25819.05078125,0.0
2025-12-17 10:45:00+05:30,25819.599609375,25834.900390625,25815.0,25828.150390625,0.0
2025-12-17 10:50:00+05:30,25829.25,25831.099609375,25817.55078125,25818.25,0.0
2025-12-17 10:55:00+05:30,25818.349609375,25821.69921875,25801.80078125,25819.5,0.0
2025-12-17 11:00:00+05:30,25819.94921875,25830.25,25813.05078125,25822.150390625,0.0
2025-12-17 11:05:00+05:30,25822.25,25836.69921875,25820.400390625,25831.44921875,0.0
2025-12-17 11:10:00+05:30,25831.55078125,25843.599609375,25828.150390625,25842.75,0.0
2025-12-17 11:15:00+05:30,25842.05078125,25850.75,25838.099609375,25839.650390625,0.0
2025-12-17 11:20:00+05:30,25839.69921875,25840.5,25825.30078125,25828.75,0.0
2025-12-17 11:25:00+05:30,25828.25,25830.900390625,25812.80078125,25814.55078125,0.0
2025-12-17 11:30:00+05:30,25815.150390625,25822.75,25806.69921875,25813.900390625,0.0
2025-12-17 11:35:00+05:30,25813.599609375,25822.099609375,25812.349609375,25821.25,0.0
2025-12-17 11:40:00+05:30,25821.349609375,25834.400390625,25821.349609375,25827.94921875,0.0
2025-12-17 11:45:00+05:30,25827.94921875,25846.849609375,25824.44921875,25844.650390625,0.0
2025-12-17 11:50:00+05:30,25845.55078125,25851.30078125,25822.849609375,25829.650390625,0.0
2025-12-17 11:55:00+05:30,25829.69921875,25833.400390625,25816.25,25817.349609375,0.0
2025-12-17 12:00:00+05:30,25817.400390625,25818.099609375,25796.599609375,25797.69921875,0.0
2025-12-17 12:05:00+05:30,25797.599609375,25808.5,25789.349609375,25791.099609375,0.0
2025-12-17 12:10:00+05:30,25791.19921875,25808.55078125,25789.94921875,25796.400390625,0.0
2025-12-17 12:15:00+05:30,25796.25,25809.150390625,25794.55078125,25809.05078125,0.0
2025-12-17 12:20:00+05:30,25808.30078125,25808.75,25793.400390625,25795.900390625,0.0
2025-12-17 12:25:00+05:30,25794.599609375,25800.55078125,25784.94921875,25786.099609375,0.0
2025-12-17 12:30:00+05:30,25785.69921875,25795.849609375,25785.69921875,25793.69921875,0.0
2025-12-17 12:35:00+05:30,25794.099609375,25795.69921875,25784.349609375,25787.05078125,0.0
2025-12-17 12:40:00+05:30,25787.5,25795.150390625,25784.599609375,25793.94921875,0.0
2025-12-17 12:45:00+05:30,25795.30078125,25802.44921875,25791.900390625,25798.25,0.0
2025-12-17 12:50:00+05:30,25798.94921875,25812.849609375,25787.55078125,25787.55078125,0.0
2025-12-17 12:55:00+05:30,25787.849609375,25789.25,25780.5,25783.599609375,0.0
2025-12-17 13:00:00+05:30,25783.19921875,25795.150390625,25779.69921875,25793.849609375,0.0
2025-12-17 13:05:00+05:30,25794.900390625,25802.5,25793.94921875,25793.94921875,0.0
2025-12-17 13:10:00+05:30,25793.94921875,25798.75,25785.69921875,25791.400390625,0.0
2025-12-17 13:15:00+05:30,25791.44921875,25804.80078125,25788.650390625,25803.849609375,0.0
2025-12-17 13:20:00+05:30,25803.599609375,25810.19921875,25799.650390625,25809.44921875,0.0
2025-12-17 13:25:00+05:30,25808.650390625,25826.150390625,25808.349609375,25811.400390625,0.0
2025-12-17 13:30:00+05:30,25811.44921875,25815.5,25796.69921875,25799.25,0.0
2025-12-17 13:35:00+05:30,25800.05078125,25800.69921875,25788.94921875,25791.150390625,0.0
2025-12-17 13:40:00+05:30,25791.099609375,25795.150390625,25781.75,25786.55078125,0.0
2025-12-17 13:45:00+05:30,25786.5,25796.599609375,25786.5,25790.55078125,0.0
2025-12-17 13:50:00+05:30,25790.849609375,25794.599609375,25787.19921875,25793.599609375,0.0
2025-12-17 13:55:00+05:30,25793.599609375,25797.5,25780.900390625,25796.099609375,0.0
2025-12-17 14:00:00+05:30,25795.44921875,25798.400390625,25787.0,25793.75,0.0
2025-12-17 14:05:00+05:30,25793.349609375,25798.650390625,25790.849609375,25790.849609375,0.0
2025-12-17 14:10:00+05:30,25791.400390625,25800.25,25787.5,25798.55078125,0.0
2025-12-17 14:15:00+05:30,25798.5,25827.80078125,25797.25,25827.400390625,0.0
2025-12-17 14:20:00+05:30,25827.650390625,25832.650390625,25796.30078125,25797.400390625,0.0
2025-12-17 14:25:00+05:30,25797.55078125,25799.849609375,25787.69921875,25791.75,0.0
2025-12-17 14:30:00+05:30,25791.650390625,25811.849609375,25791.0,25810.5,0.0
2025-12-17 14:35:00+05:30,25811.099609375,25819.650390625,25773.05078125,25775.849609375,0.0
2025-12-17 14:40:00+05:30,25776.150390625,25794.349609375,25770.80078125,25792.599609375,0.0
2025-12-17 14:45:00+05:30,25793.25,25813.69921875,25790.900390625,25806.900390625,0.0
2025-12-17 14:50:00+05:30,25807.25,25823.69921875,25802.80078125,25812.900390625,0.0
2025-12-17 14:55:00+05:30,25812.0,25815.55078125,25804.75,25813.69921875,0.0
2025-12-17 15:00:00+05:30,25813.80078125,25831.55078125,25813.80078125,25824.599609375,0.0
2025-12-17 15:05:00+05:30,25825.0,25827.650390625,25817.19921875,25817.900390625,0.0
2025-12-17 15:10:00+05:30,25817.94921875,25820.0,25815.19921875,25816.349609375,0.0
2025-12-17 15:15:00+05:30,25816.25,25817.150390625,25809.19921875,25813.80078125,0.0
2025-12-17 15:20:00+05:30,25814.099609375,25826.900390625,25811.5,25824.599609375,0.0
2025-12-17 15:25:00+05:30,25825.94921875,25835.75,25821.400390625,25822.650390625,0.0
2025-12-18 09:15:00+05:30,25785.69921875,25792.69921875,25774.19921875,25777.75,0.0
2025-12-18 09:20:00+05:30,25777.80078125,25804.05078125,25770.19921875,25796.55078125,0.0
2025-12-18 09:25:00+05:30,25796.30078125,25804.349609375,25780.05078125,25780.05078125,0.0
2025-12-18 09:30:00+05:30,25780.150390625,25795.44921875,25774.900390625,25785.30078125,0.0
2025-12-18 09:35:00+05:30,25785.849609375,25787.599609375,25770.80078125,25774.55078125,0.0
2025-12-18 09:40:00+05:30,25776.099609375,25776.849609375,25743.44921875,25745.099609375,0.0
2025-12-18 09:45:00+05:30,25745.099609375,25747.75,25726.75,25740.75,0.0
2025-12-18 09:50:00+05:30,25741.05078125,25752.599609375,25734.650390625,25750.25,0.0
2025-12-18 09:55:00+05:30,25750.900390625,25756.25,25742.55078125,25748.75,0.0
2025-12-18 10:00:00+05:30,25748.69921875,25750.69921875,25736.69921875,25745.650390625,0.0
2025-12-18 10:05:00+05:30,25745.80078125,25775.349609375,25742.099609375,25774.55078125,0.0
2025-12-18 10:10:00+05:30,25775.25,25797.5,25768.75,25791.150390625,0.0
2025-12-18 10:15:00+05:30,25792.30078125,25824.19921875,25785.650390625,25823.400390625,0.0
2025-12-18 10:20:00+05:30,25824.349609375,25841.5,25816.05078125,25834.44921875,0.0
2025-12-18 10:25:00+05:30,25834.94921875,25835.099609375,25819.849609375,25829.75,0.0
2025-12-18 10:30:00+05:30,25830.55078125,25857.150390625,25826.69921875,25855.400390625,0.0
2025-12-18 10:35:00+05:30,25855.5,25856.5,25836.75,25843.349609375,0.0
2025-12-18 10:40:00+05:30,25842.599609375,25863.900390625,25841.599609375,25852.400390625,0.0
2025-12-18 10:45:00+05:30,25852.849609375,25858.849609375,25845.400390625,25846.0,0.0
2025-12-18 10:50:00+05:30,25846.599609375,25850.94921875,25836.44921875,25845.05078125,0.0
2025-12-18 10:55:00+05:30,25845.30078125,25851.349609375,25839.19921875,25850.05078125,0.0
2025-12-18 11:00:00+05:30,25849.599609375,25851.099609375,25825.80078125,25827.5,0.0
2025-12-18 11:05:00+05:30,25828.900390625,25839.19921875,25826.55078125,25835.94921875,0.0
2025-12-18 11:10:00+05:30,25835.80078125,25837.0,25830.099609375,25831.69921875,0.0
2025-12-18 11:15:00+05:30,25831.44921875,25832.05078125,25821.69921875,25824.900390625,0.0
2025-12-18 11:20:00+05:30,25825.19921875,25852.55078125,25823.900390625,25849.94921875,0.0
2025-12-18 11:25:00+05:30,25854.099609375,25856.69921875,25845.94921875,25855.349609375,0.0
2025-12-18 11:30:00+05:30,25855.400390625,25860.5,25851.80078125,25853.900390625,0.0
2025-12-18 11:35:00+05:30,25854.349609375,25860.44921875,25849.55078125,25859.75,0.0
2025-12-18 11:40:00+05:30,25860.19921875,25860.349609375,25848.5,25851.55078125,0.0
2025-12-18 11:45:00+05:30,25851.69921875,25853.5,25842.150390625,25851.75,0.0
2025-12-18 11:50:00+05:30,25852.05078125,25875.5,25850.150390625,25870.0,0.0
2025-12-18 11:55:00+05:30,25870.30078125,25879.0,25866.5,25866.94921875,0.0
2025-12-18 12:00:00+05:30,25867.150390625,25873.19921875,25860.80078125,25864.19921875,0.0
2025-12-18 12:05:00+05:30,25864.0,25875.150390625,25853.80078125,25873.5,0.0
2025-12-18 12:10:00+05:30,25873.75,25882.650390625,25868.349609375,25878.80078125,0.0
2025-12-18 12:15:00+05:30,25878.94921875,25884.80078125,25868.0,25868.69921875,0.0
2025-12-18 12:20:00+05:30,25869.400390625,25875.25,25864.44921875,25867.30078125,0.0
2025-12-18 12:25:00+05:30,25867.150390625,25882.349609375,25861.650390625,25879.849609375,0.0
2025-12-18 12:30:00+05:30,25880.150390625,25889.099609375,25877.80078125,25887.5,0.0
2025-12-18 12:35:00+05:30,25888.5,25898.900390625,25882.44921875,25892.80078125,0.0
2025-12-18 12:40:00+05:30,25893.349609375,25897.19921875,25888.75,25893.849609375,0.0
2025-12-18 12:45:00+05:30,25894.150390625,25901.30078125,25888.05078125,25889.44921875,0.0
2025-12-18 12:50:00+05:30,25890.05078125,25890.599609375,25875.900390625,25880.69921875,0.0
2025-12-18 12:55:00+05:30,25880.5,25888.349609375,25874.55078125,25881.80078125,0.0
2025-12-18 13:00:00+05:30,25882.75,25887.5,25878.900390625,25885.05078125,0.0
2025-12-18 13:05:00+05:30,25884.349609375,25887.05078125,25879.900390625,25882.05078125,0.0
2025-12-18 13:10:00+05:30,25882.5,25886.5,25873.099609375,25879.80078125,0.0
2025-12-18 13:15:00+05:30,25880.0,25880.0,25865.80078125,25867.900390625,0.0
2025-12-18 13:20:00+05:30,25868.80078125,25872.44921875,25861.05078125,25870.80078125,0.0
2025-12-18 13:25:00+05:30,25871.75,25879.900390625,25866.099609375,25867.150390625,0.0
2025-12-18 13:30:00+05:30,25868.05078125,25868.25,25847.44921875,25848.5,0.0
2025-12-18 13:35:00+05:30,25848.650390625,25861.69921875,25839.900390625,25857.099609375,0.0
2025-12-18 13:40:00+05:30,25857.349609375,25859.19921875,25844.349609375,25844.55078125,0.0
2025-12-18 13:45:00+05:30,25845.900390625,25853.69921875,25837.849609375,25848.19921875,0.0
2025-12-18 13:50:00+05:30,25848.900390625,25862.849609375,25844.69921875,25855.900390625,0.0
2025-12-18 13:55:00+05:30,25856.55078125,25856.55078125,25839.05078125,25843.400390625,0.0
2025-12-18 14:00:00+05:30,25843.55078125,25843.599609375,25824.650390625,25830.44921875,0.0
2025-12-18 14:05:00+05:30,25830.599609375,25830.94921875,25815.5,25815.55078125,0.0
2025-12-18 14:10:00+05:30,25816.55078125,25816.55078125,25802.150390625,25805.25,0.0
2025-12-18 14:15:00+05:30,25805.30078125,25814.849609375,25796.05078125,25808.849609375,0.0
2025-12-18 14:20:00+05:30,25809.099609375,25812.650390625,25780.94921875,25781.30078125,0.0
2025-12-18 14:25:00+05:30,25781.05078125,25790.400390625,25779.25,25789.55078125,0.0
2025-12-18 14:30:00+05:30,25794.25,25833.94921875,25789.30078125,25808.900390625,0.0
2025-12-18 14:35:00+05:30,25810.099609375,25810.099609375,25790.099609375,25792.25,0.0
2025-12-18 14:40:00+05:30,25792.0,25798.0,25781.650390625,25792.55078125,0.0
2025-12-18 14:45:00+05:30,25792.5,25802.400390625,25790.25,25794.650390625,0.0
2025-12-18 14:50:00+05:30,25795.5,25797.650390625,25770.849609375,25789.650390625,0.0
2025-12-18 14:55:00+05:30,25790.30078125,25806.599609375,25784.349609375,25786.05078125,0.0
2025-12-18 15:00:00+05:30,25786.349609375,25825.30078125,25786.349609375,25823.650390625,0.0
2025-12-18 15:05:00+05:30,25824.599609375,25829.75,25807.25,25815.69921875,0.0
2025-12-18 15:10:00+05:30,25818.400390625,25825.19921875,25813.5,25820.400390625,0.0
2025-12-18 15:15:00+05:30,25821.25,25821.25,25810.30078125,25818.44921875,0.0
2025-12-18 15:20:00+05:30,25819.400390625,25820.25,25812.400390625,25816.55078125,0.0
2025-12-18 15:25:00+05:30,25816.69921875,25826.19921875,25806.69921875,25815.650390625,0.0
2025-12-19 09:15:00+05:30,25907.849609375,25938.25,25884.30078125,25925.099609375,0.0
2025-12-19 09:20:00+05:30,25924.099609375,25945.900390625,25922.44921875,25944.30078125,0.0
2025-12-19 09:25:00+05:30,25944.900390625,25950.55078125,25933.349609375,25950.30078125,0.0
2025-12-19 09:30:00+05:30,25951.25,25968.5,25951.150390625,25963.5,0.0
2025-12-19 09:35:00+05:30,25964.099609375,25968.19921875,25954.599609375,25966.75,0.0
2025-12-19 09:40:00+05:30,25967.099609375,25967.599609375,25955.80078125,25956.400390625,0.0
2025-12-19 09:45:00+05:30,25956.44921875,25970.25,25941.30078125,25943.849609375,0.0
2025-12-19 09:50:00+05:30,25942.69921875,25954.900390625,25939.94921875,25953.55078125,0.0
2025-12-19 09:55:00+05:30,25955.099609375,25960.599609375,25947.0,25958.849609375,0.0
2025-12-19 10:00:00+05:30,25957.69921875,25966.55078125,25955.599609375,25957.69921875,0.0
2025-12-19 10:05:00+05:30,25957.599609375,25957.849609375,25929.05078125,25951.55078125,0.0
2025-12-19 10:10:00+05:30,25951.099609375,25953.25,25931.94921875,25935.599609375,0.0
2025-12-19 10:15:00+05:30,25935.44921875,25948.5,25931.349609375,25946.69921875,0.0
2025-12-19 10:20:00+05:30,25946.599609375,25950.94921875,25940.849609375,25949.599609375,0.0
2025-12-19 10:25:00+05:30,25948.75,25965.55078125,25946.19921875,25959.900390625,0.0
2025-12-19 10:30:00+05:30,25959.80078125,25962.44921875,25953.19921875,25955.30078125,0.0
2025-12-19 10:35:00+05:30,25956.75,25963.30078125,25954.349609375,25962.75,0.0
2025-12-19 10:40:00+05:30,25962.25,25976.900390625,25958.75,25974.849609375,0.0
2025-12-19 10:45:00+05:30,25974.849609375,25977.900390625,25964.0,25967.05078125,0.0
2025-12-19 10:50:00+05:30,25965.94921875,25978.69921875,25965.599609375,25972.099609375,0.0
2025-12-19 10:55:00+05:30,25971.349609375,25975.349609375,25960.599609375,25962.400390625,0.0
2025-12-19 11:00:00+05:30,25961.849609375,25968.55078125,25948.80078125,25951.05078125,0.0
2025-12-19 11:05:00+05:30,25950.69921875,25953.44921875,25939.849609375,25946.75,0.0
2025-12-19 11:10:00+05:30,25947.94921875,25954.75,25946.94921875,25954.75,0.0
2025-12-19 11:15:00+05:30,25953.5,25959.099609375,25948.0,25952.80078125,0.0
2025-12-19 11:20:00+05:30,25952.55078125,25960.400390625,25946.599609375,25946.69921875,0.0
2025-12-19 11:25:00+05:30,25947.400390625,25949.69921875,25930.30078125,25931.55078125,0.0
2025-12-19 11:30:00+05:30,25932.099609375,25934.25,25926.30078125,25929.75,0.0
2025-12-19 11:35:00+05:30,25929.80078125,25938.849609375,25926.5,25934.400390625,0.0
2025-12-19 11:40:00+05:30,25935.150390625,25936.099609375,25913.400390625,25913.400390625,0.0
2025-12-19 11:45:00+05:30,25913.400390625,25922.099609375,25905.599609375,25917.19921875,0.0
2025-12-19 11:50:00+05:30,25917.55078125,25927.849609375,25915.349609375,25921.349609375,0.0
2025-12-19 11:55:00+05:30,25921.25,25926.69921875,25907.75,25916.69921875,0.0
2025-12-19 12:00:00+05:30,25916.25,25942.599609375,25915.650390625,25934.55078125,0.0
2025-12-19 12:05:00+05:30,25934.94921875,25955.69921875,25932.30078125,25951.05078125,0.0
2025-12-19 12:10:00+05:30,25951.400390625,25953.19921875,25939.75,25943.94921875,0.0
2025-12-19 12:15:00+05:30,25944.55078125,25950.599609375,25937.349609375,25937.900390625,0.0
2025-12-19 12:20:00+05:30,25937.44921875,25944.55078125,25930.5,25932.30078125,0.0
2025-12-19 12:25:00+05:30,25933.0,25945.400390625,25929.55078125,25935.69921875,0.0
2025-12-19 12:30:00+05:30,25936.400390625,25953.150390625,25933.599609375,25951.55078125,0.0
2025-12-19 12:35:00+05:30,25951.75,25959.650390625,25949.19921875,25959.650390625,0.0
2025-12-19 12:40:00+05:30,25959.55078125,25962.400390625,25952.25,25953.650390625,0.0
2025-12-19 12:45:00+05:30,25954.099609375,25959.30078125,25948.650390625,25951.349609375,0.0
2025-12-19 12:50:00+05:30,25951.150390625,25955.44921875,25946.0,25948.650390625,0.0
2025-12-19 12:55:00+05:30,25948.650390625,25956.650390625,25946.05078125,25952.849609375,0.0
2025-12-19 13:00:00+05:30,25951.19921875,25955.19921875,25948.19921875,25952.0,0.0
2025-12-19 13:05:00+05:30,25951.349609375,25955.0,25937.5,25940.69921875,0.0
2025-12-19 13:10:00+05:30,25940.80078125,25945.349609375,25920.80078125,25930.19921875,0.0
2025-12-19 13:15:00+05:30,25930.30078125,25956.650390625,25926.80078125,25954.650390625,0.0
2025-12-19 13:20:00+05:30,25955.30078125,25962.30078125,25950.150390625,25957.30078125,0.0
2025-12-19 13:25:00+05:30,25956.55078125,25960.19921875,25948.349609375,25956.19921875,0.0
2025-12-19 13:30:00+05:30,25956.099609375,25973.599609375,25956.099609375,25967.900390625,0.0
2025-12-19 13:35:00+05:30,25968.30078125,25977.05078125,25965.099609375,25969.599609375,0.0
2025-12-19 13:40:00+05:30,25970.19921875,25978.349609375,25966.80078125,25977.650390625,0.0
2025-12-19 13:45:00+05:30,25976.599609375,25984.69921875,25973.69921875,25977.150390625,0.0
2025-12-19 13:50:00+05:30,25976.650390625,25981.94921875,25972.400390625,25973.25,0.0
2025-12-19 13:55:00+05:30,25974.400390625,25979.25,25970.099609375,25975.849609375,0.0
2025-12-19 14:00:00+05:30,25977.650390625,25983.849609375,25963.80078125,25968.94921875,0.0
2025-12-19 14:05:00+05:30,25969.849609375,25973.5,25961.30078125,25967.25,0.0
2025-12-19 14:10:00+05:30,25968.80078125,25975.44921875,25964.05078125,25967.5,0.0
2025-12-19 14:15:00+05:30,25967.94921875,25979.0,25965.849609375,25978.349609375,0.0
2025-12-19 14:20:00+05:30,25978.400390625,25991.099609375,25976.05078125,25989.05078125,0.0
2025-12-19 14:25:00+05:30,25989.05078125,25993.099609375,25969.650390625,25971.05078125,0.0
2025-12-19 14:30:00+05:30,25971.349609375,25977.650390625,25966.599609375,25967.5,0.0
2025-12-19 14:35:00+05:30,25967.75,25977.19921875,25963.55078125,25974.75,0.0
2025-12-19 14:40:00+05:30,25975.0,25976.75,25968.44921875,25974.19921875,0.0
2025-12-19 14:45:00+05:30,25973.94921875,25983.05078125,25971.19921875,25979.349609375,0.0
2025-12-19 14:50:00+05:30,25977.400390625,25979.0,25963.44921875,25964.69921875,0.0
2025-12-19 14:55:00+05:30,25964.69921875,25970.30078125,25958.75,25958.75,0.0
2025-12-19 15:00:00+05:30,25959.5,25965.55078125,25945.44921875,25964.75,0.0
2025-12-19 15:05:00+05:30,25963.75,25973.599609375,25961.80078125,25971.849609375,0.0
2025-12-19 15:10:00+05:30,25971.69921875,25973.19921875,25964.05078125,25969.849609375,0.0
2025-12-19 15:15:00+05:30,25968.5,25972.25,25964.19921875,25970.349609375,0.0
2025-12-19 15:20:00+05:30,25970.599609375,25974.25,25967.150390625,25970.150390625,0.0
2025-12-19 15:25:00+05:30,25970.150390625,25973.19921875,25955.599609375,25961.400390625,0.0
2025-12-22 09:15:00+05:30,26055.849609375,26103.44921875,26052.0,26093.900390625,0.0
2025-12-22 09:20:00+05:30,26094.55078125,26126.400390625,26092.75,26121.05078125,0.0
2025-12-22 09:25:00+05:30,26119.349609375,26131.5,26112.599609375,26125.55078125,0.0
2025-12-22 09:30:00+05:30,26125.5,26136.849609375,26121.80078125,26125.25,0.0
2025-12-22 09:35:00+05:30,26125.849609375,26130.0,26112.19921875,26113.150390625,0.0
2025-12-22 09:40:00+05:30,26112.650390625,26125.650390625,26111.19921875,26124.19921875,0.0
2025-12-22 09:45:00+05:30,26124.44921875,26136.75,26111.900390625,26115.099609375,0.0
2025-12-22 09:50:00+05:30,26115.44921875,26123.55078125,26112.30078125,26118.900390625,0.0
2025-12-22 09:55:00+05:30,26119.30078125,26136.150390625,26116.150390625,26132.80078125,0.0
2025-12-22 10:00:00+05:30,26133.400390625,26139.0,26130.349609375,26138.94921875,0.0
2025-12-22 10:05:00+05:30,26138.05078125,26141.900390625,26126.30078125,26127.94921875,0.0
2025-12-22 10:10:00+05:30,26128.05078125,26131.849609375,26120.900390625,26129.25,0.0
2025-12-22 10:15:00+05:30,26128.849609375,26134.80078125,26123.55078125,26132.900390625,0.0
2025-12-22 10:20:00+05:30,26131.55078125,26133.55078125,26124.05078125,26128.400390625,0.0
2025-12-22 10:25:00+05:30,26129.099609375,26132.30078125,26121.0,26124.849609375,0.0
2025-12-22 10:30:00+05:30,26125.55078125,26131.19921875,26121.0,26130.349609375,0.0
2025-12-22 10:35:00+05:30,26130.19921875,26133.099609375,26118.30078125,26122.80078125,0.0
2025-12-22 10:40:00+05:30,26122.0,26127.05078125,26118.19921875,26124.099609375,0.0
2025-12-22 10:45:00+05:30,26123.69921875,26136.44921875,26119.80078125,26134.80078125,0.0
2025-12-22 10:50:00+05:30,26136.05078125,26140.900390625,26133.349609375,26138.44921875,0.0
2025-12-22 10:55:00+05:30,26138.5,26143.150390625,26136.05078125,26142.599609375,0.0
2025-12-22 11:00:00+05:30,26142.599609375,26147.25,26130.25,26132.349609375,0.0
2025-12-22 11:05:00+05:30,26131.900390625,26133.650390625,26128.05078125,26130.19921875,0.0
2025-12-22 11:10:00+05:30,26130.69921875,26131.75,26120.599609375,26123.94921875,0.0
2025-12-22 11:15:00+05:30,26124.099609375,26126.55078125,26118.5,26121.55078125,0.0
2025-12-22 11:20:00+05:30,26121.44921875,26125.599609375,26117.400390625,26123.55078125,0.0
2025-12-22 11:25:00+05:30,26123.80078125,26137.349609375,26122.44921875,26136.55078125,0.0
2025-12-22 11:30:00+05:30,26137.599609375,26139.400390625,26130.5,26133.150390625,0.0
2025-12-22 11:35:00+05:30,26132.94921875,26136.400390625,26130.5,26131.150390625,0.0
2025-12-22 11:40:00+05:30,26130.75,26135.69921875,26129.650390625,26133.900390625,0.0
2025-12-22 11:45:00+05:30,26134.0,26141.05078125,26132.75,26139.80078125,0.0
2025-12-22 11:50:00+05:30,26141.0,26146.75,26139.55078125,26142.0,0.0
2025-12-22 11:55:00+05:30,26142.55078125,26144.30078125,26133.349609375,26140.94921875,0.0
2025-12-22 12:00:00+05:30,26141.30078125,26143.05078125,26137.44921875,26141.150390625,0.0
2025-12-22 12:05:00+05:30,26140.0,26148.099609375,26139.30078125,26142.900390625,0.0
2025-12-22 12:10:00+05:30,26142.75,26144.69921875,26132.349609375,26134.55078125,0.0
2025-12-22 12:15:00+05:30,26134.650390625,26149.150390625,26133.849609375,26149.150390625,0.0
2025-12-22 12:20:00+05:30,26148.75,26153.650390625,26144.349609375,26144.75,0.0
2025-12-22 12:25:00+05:30,26144.80078125,26148.05078125,26139.80078125,26142.400390625,0.0
2025-12-22 12:30:00+05:30,26142.19921875,26146.05078125,26137.05078125,26137.55078125,0.0
2025-12-22 12:35:00+05:30,26137.30078125,26141.55078125,26135.30078125,26140.349609375,0.0
2025-12-22 12:40:00+05:30,26140.5,26142.099609375,26121.849609375,26121.849609375,0.0
2025-12-22 12:45:00+05:30,26121.80078125,26126.80078125,26111.75,26122.099609375,0.0
2025-12-22 12:50:00+05:30,26122.5,26149.849609375,26119.80078125,26147.80078125,0.0
2025-12-22 12:55:00+05:30,26148.80078125,26152.900390625,26134.05078125,26139.55078125,0.0
2025-12-22 13:00:00+05:30,26138.900390625,26144.349609375,26138.650390625,26143.099609375,0.0
2025-12-22 13:05:00+05:30,26142.400390625,26144.099609375,26137.75,26141.849609375,0.0
2025-12-22 13:10:00+05:30,26141.05078125,26143.599609375,26138.599609375,26139.94921875,0.0
2025-12-22 13:15:00+05:30,26141.44921875,26147.55078125,26139.25,26143.69921875,0.0
2025-12-22 13:20:00+05:30,26143.849609375,26148.69921875,26141.150390625,26145.849609375,0.0
2025-12-22 13:25:00+05:30,26146.44921875,26150.94921875,26143.900390625,26148.150390625,0.0
2025-12-22 13:30:00+05:30,26148.19921875,26157.25,26146.349609375,26156.19921875,0.0
2025-12-22 13:35:00+05:30,26155.599609375,26156.650390625,26138.400390625,26141.19921875,0.0
2025-12-22 13:40:00+05:30,26140.75,26149.5,26139.19921875,26144.349609375,0.0
2025-12-22 13:45:00+05:30,26144.0,26150.650390625,26143.44921875,26148.0,0.0
2025-12-22 13:50:00+05:30,26148.099609375,26150.849609375,26143.69921875,26145.400390625,0.0
2025-12-22 13:55:00+05:30,26145.25,26148.0,26142.94921875,26144.900390625,0.0
2025-12-22 14:00:00+05:30,26144.94921875,26152.599609375,26143.650390625,26148.25,0.0
2025-12-22 14:05:00+05:30,26148.5,26150.849609375,26130.599609375,26131.0,0.0
2025-12-22 14:10:00+05:30,26131.349609375,26145.400390625,26125.849609375,26143.5,0.0
2025-12-22 14:15:00+05:30,26143.849609375,26147.099609375,26133.5,26133.650390625,0.0
2025-12-22 14:20:00+05:30,26133.5,26150.94921875,26128.55078125,26149.19921875,0.0
2025-12-22 14:25:00+05:30,26149.900390625,26158.75,26147.349609375,26157.44921875,0.0
2025-12-22 14:30:00+05:30,26157.900390625,26164.099609375,26150.25,26163.349609375,0.0
2025-12-22 14:35:00+05:30,26163.44921875,26178.5,26162.349609375,26165.900390625,0.0
2025-12-22 14:40:00+05:30,26166.0,26167.44921875,26157.150390625,26159.25,0.0
2025-12-22 14:45:00+05:30,26159.349609375,26161.900390625,26154.400390625,26157.150390625,0.0
2025-12-22 14:50:00+05:30,26156.650390625,26163.69921875,26154.650390625,26161.150390625,0.0
2025-12-22 14:55:00+05:30,26161.150390625,26166.25,26159.099609375,26162.75,0.0
2025-12-22 15:00:00+05:30,26164.80078125,26179.349609375,26164.80078125,26176.69921875,0.0
2025-12-22 15:05:00+05:30,26176.44921875,26180.55078125,26171.349609375,26173.400390625,0.0
2025-12-22 15:10:00+05:30,26173.75,26176.400390625,26169.150390625,26174.80078125,0.0
2025-12-22 15:15:00+05:30,26174.94921875,26176.44921875,26164.80078125,26168.400390625,0.0
2025-12-22 15:20:00+05:30,26168.94921875,26172.0,26163.349609375,26167.44921875,0.0
2025-12-22 15:25:00+05:30,26167.94921875,26173.25,26160.94921875,26162.75,0.0
2025-12-23 09:15:00+05:30,26205.19921875,26205.19921875,26145.75,26165.5,0.0
2025-12-23 09:20:00+05:30,26166.69921875,26171.44921875,26149.25,26151.150390625,0.0
2025-12-23 09:25:00+05:30,26151.05078125,26154.80078125,26141.75,26149.650390625,0.0
2025-12-23 09:30:00+05:30,26149.650390625,26150.0,26134.44921875,26143.5,0.0
2025-12-23 09:35:00+05:30,26143.25,26151.69921875,26140.80078125,26143.099609375,0.0
2025-12-23 09:40:00+05:30,26144.400390625,26144.94921875,26121.0,26124.30078125,0.0
2025-12-23 09:45:00+05:30,26124.5,26143.150390625,26120.0,26138.349609375,0.0
2025-12-23 09:50:00+05:30,26138.599609375,26150.099609375,26135.099609375,26148.25,0.0
2025-12-23 09:55:00+05:30,26147.69921875,26175.599609375,26146.30078125,26172.80078125,0.0
2025-12-23 10:00:00+05:30,26174.0,26187.44921875,26172.94921875,26180.94921875,0.0
2025-12-23 10:05:00+05:30,26181.650390625,26188.25,26178.69921875,26186.75,0.0
2025-12-23 10:10:00+05:30,26186.44921875,26196.599609375,26183.55078125,26184.19921875,0.0
2025-12-23 10:15:00+05:30,26184.650390625,26186.400390625,26168.75,26169.650390625,0.0
2025-12-23 10:20:00+05:30,26170.0,26170.5,26163.400390625,26166.55078125,0.0
2025-12-23 10:25:00+05:30,26167.150390625,26175.44921875,26163.30078125,26172.099609375,0.0
2025-12-23 10:30:00+05:30,26172.599609375,26176.94921875,26167.150390625,26167.25,0.0
2025-12-23 10:35:00+05:30,26167.75,26171.25,26162.80078125,26167.94921875,0.0
2025-12-23 10:40:00+05:30,26168.0,26182.44921875,26165.75,26181.75,0.0
2025-12-23 10:45:00+05:30,26180.94921875,26185.650390625,26177.55078125,26179.349609375,0.0
2025-12-23 10:50:00+05:30,26180.19921875,26188.55078125,26177.69921875,26181.349609375,0.0
2025-12-23 10:55:00+05:30,26180.80078125,26184.80078125,26176.849609375,26180.30078125,0.0
2025-12-23 11:00:00+05:30,26178.55078125,26187.30078125,26171.599609375,26176.5,0.0
2025-12-23 11:05:00+05:30,26176.349609375,26188.5,26176.19921875,26187.30078125,0.0
2025-12-23 11:10:00+05:30,26187.650390625,26195.44921875,26186.19921875,26190.0,0.0
2025-12-23 11:15:00+05:30,26189.75,26196.94921875,26184.650390625,26195.75,0.0
2025-12-23 11:20:00+05:30,26195.30078125,26196.0,26190.599609375,26195.0,0.0
2025-12-23 11:25:00+05:30,26194.599609375,26196.25,26185.80078125,26192.30078125,0.0
2025-12-23 11:30:00+05:30,26191.25,26192.30078125,26180.19921875,26183.900390625,0.0
2025-12-23 11:35:00+05:30,26183.099609375,26184.099609375,26168.349609375,26171.19921875,0.0
2025-12-23 11:40:00+05:30,26171.349609375,26175.05078125,26166.80078125,26169.099609375,0.0
2025-12-23 11:45:00+05:30,26170.25,26171.05078125,26157.55078125,26160.599609375,0.0
2025-12-23 11:50:00+05:30,26161.650390625,26182.650390625,26161.05078125,26178.94921875,0.0
2025-12-23 11:55:00+05:30,26178.94921875,26184.150390625,26174.5,26178.349609375,0.0
2025-12-23 12:00:00+05:30,26177.94921875,26187.849609375,26177.55078125,26187.099609375,0.0
2025-12-23 12:05:00+05:30,26187.0,26190.0,26182.099609375,26189.0,0.0
2025-12-23 12:10:00+05:30,26188.25,26195.44921875,26184.349609375,26187.69921875,0.0
2025-12-23 12:15:00+05:30,26187.400390625,26190.80078125,26178.80078125,26185.650390625,0.0
2025-12-23 12:20:00+05:30,26186.05078125,26190.75,26181.099609375,26186.150390625,0.0
2025-12-23 12:25:00+05:30,26185.94921875,26188.599609375,26174.69921875,26174.900390625,0.0
2025-12-23 12:30:00+05:30,26176.349609375,26178.150390625,26167.75,26168.349609375,0.0
2025-12-23 12:35:00+05:30,26167.099609375,26180.849609375,26167.099609375,26171.650390625,0.0
2025-12-23 12:40:00+05:30,26171.55078125,26179.5,26170.75,26175.55078125,0.0
2025-12-23 12:45:00+05:30,26175.650390625,26188.150390625,26173.400390625,26186.80078125,0.0
2025-12-23 12:50:00+05:30,26186.55078125,26193.349609375,26183.900390625,26186.650390625,0.0
2025-12-23 12:55:00+05:30,26186.69921875,26191.80078125,26181.150390625,26182.099609375,0.0
2025-12-23 13:00:00+05:30,26182.80078125,26198.94921875,26181.25,26186.099609375,0.0
2025-12-23 13:05:00+05:30,26186.349609375,26189.19921875,26182.650390625,26189.05078125,0.0
2025-12-23 13:10:00+05:30,26189.44921875,26192.80078125,26185.650390625,26186.650390625,0.0
2025-12-23 13:15:00+05:30,26186.650390625,26195.80078125,26181.099609375,26190.69921875,0.0
2025-12-23 13:20:00+05:30,26190.25,26191.69921875,26186.349609375,26186.94921875,0.0
2025-12-23 13:25:00+05:30,26186.849609375,26193.75,26185.19921875,26192.150390625,0.0
2025-12-23 13:30:00+05:30,26191.900390625,26195.25,26185.75,26186.80078125,0.0
2025-12-23 13:35:00+05:30,26187.650390625,26191.19921875,26182.5,26188.55078125,0.0
2025-12-23 13:40:00+05:30,26187.900390625,26193.25,26179.80078125,26183.69921875,0.0
2025-12-23 13:45:00+05:30,26184.0,26194.69921875,26181.75,26188.900390625,0.0
2025-12-23 13:50:00+05:30,26189.150390625,26195.0,26180.44921875,26191.05078125,0.0
2025-12-23 13:55:00+05:30,26191.150390625,26198.150390625,26188.19921875,26197.75,0.0
2025-12-23 14:00:00+05:30,26197.80078125,26202.900390625,26187.55078125,26199.44921875,0.0
2025-12-23 14:05:00+05:30,26198.900390625,26199.80078125,26185.5,26189.400390625,0.0
2025-12-23 14:10:00+05:30,26187.94921875,26206.099609375,26187.80078125,26203.349609375,0.0
2025-12-23 14:15:00+05:30,26203.400390625,26233.55078125,26201.849609375,26221.349609375,0.0
2025-12-23 14:20:00+05:30,26221.099609375,26225.099609375,26207.900390625,26222.30078125,0.0
2025-12-23 14:25:00+05:30,26222.0,26229.099609375,26209.349609375,26213.150390625,0.0
2025-12-23 14:30:00+05:30,26213.55078125,26216.69921875,26194.849609375,26197.0,0.0
2025-12-23 14:35:00+05:30,26198.0,26211.900390625,26192.099609375,26209.5,0.0
2025-12-23 14:40:00+05:30,26209.650390625,26209.75,26166.849609375,26166.849609375,0.0
2025-12-23 14:45:00+05:30,26167.19921875,26181.80078125,26158.69921875,26180.150390625,0.0
2025-12-23 14:50:00+05:30,26180.44921875,26191.650390625,26166.150390625,26182.849609375,0.0
2025-12-23 14:55:00+05:30,26182.400390625,26191.05078125,26175.19921875,26188.650390625,0.0
2025-12-23 15:00:00+05:30,26189.099609375,26206.650390625,26162.30078125,26183.30078125,0.0
2025-12-23 15:05:00+05:30,26184.30078125,26190.30078125,26165.400390625,26172.44921875,0.0
2025-12-23 15:10:00+05:30,26172.599609375,26185.349609375,26168.849609375,26183.5,0.0
2025-12-23 15:15:00+05:30,26184.0,26187.650390625,26162.5,26168.94921875,0.0
2025-12-23 15:20:00+05:30,26169.94921875,26177.30078125,26167.099609375,26172.19921875,0.0
2025-12-23 15:25:00+05:30,26171.650390625,26174.650390625,26158.94921875,26164.55078125,0.0
2025-12-24 09:15:00+05:30,26183.75,26201.55078125,26142.0,26198.25,0.0
2025-12-24 09:20:00+05:30,26200.650390625,26216.44921875,26197.349609375,26206.0,0.0
2025-12-24 09:25:00+05:30,26205.599609375,26221.900390625,26203.80078125,26217.099609375,0.0
2025-12-24 09:30:00+05:30,26217.599609375,26229.19921875,26215.400390625,26222.650390625,0.0
2025-12-24 09:35:00+05:30,26223.400390625,26225.94921875,26211.55078125,26214.599609375,0.0
2025-12-24 09:40:00+05:30,26213.30078125,26218.05078125,26202.650390625,26215.69921875,0.0
2025-12-24 09:45:00+05:30,26217.599609375,26222.5,26203.349609375,26206.55078125,0.0
2025-12-24 09:50:00+05:30,26206.400390625,26227.25,26205.599609375,26220.30078125,0.0
2025-12-24 09:55:00+05:30,26219.25,26225.099609375,26210.599609375,26221.849609375,0.0
2025-12-24 10:00:00+05:30,26222.599609375,26225.099609375,26208.19921875,26209.69921875,0.0
2025-12-24 10:05:00+05:30,26211.69921875,26213.94921875,26203.599609375,26211.55078125,0.0
2025-12-24 10:10:00+05:30,26211.44921875,26228.650390625,26209.650390625,26227.19921875,0.0
2025-12-24 10:15:00+05:30,26228.5,26236.30078125,26224.25,26224.25,0.0
2025-12-24 10:20:00+05:30,26225.30078125,26229.69921875,26221.05078125,26224.19921875,0.0
2025-12-24 10:25:00+05:30,26224.900390625,26232.19921875,26221.19921875,26230.94921875,0.0
2025-12-24 10:30:00+05:30,26230.5,26235.349609375,26226.94921875,26230.44921875,0.0
2025-12-24 10:35:00+05:30,26230.849609375,26234.75,26221.0,26227.19921875,0.0
2025-12-24 10:40:00+05:30,26226.349609375,26227.80078125,26218.30078125,26218.30078125,0.0
2025-12-24 10:45:00+05:30,26220.099609375,26223.849609375,26205.400390625,26207.849609375,0.0
2025-12-24 10:50:00+05:30,26208.94921875,26212.44921875,26203.55078125,26206.25,0.0
2025-12-24 10:55:00+05:30,26207.30078125,26215.599609375,26201.05078125,26210.80078125,0.0
2025-12-24 11:00:00+05:30,26211.599609375,26216.849609375,26198.05078125,26202.099609375,0.0
2025-12-24 11:05:00+05:30,26202.599609375,26209.25,26200.900390625,26205.150390625,0.0
2025-12-24 11:10:00+05:30,26204.849609375,26212.19921875,26199.55078125,26210.150390625,0.0
2025-12-24 11:15:00+05:30,26210.30078125,26212.400390625,26206.80078125,26208.25,0.0
2025-12-24 11:20:00+05:30,26209.5,26221.0,26208.25,26215.0,0.0
2025-12-24 11:25:00+05:30,26215.05078125,26215.80078125,26205.25,26213.05078125,0.0
2025-12-24 11:30:00+05:30,26214.349609375,26217.44921875,26208.94921875,26215.0,0.0
2025-12-24 11:35:00+05:30,26215.5,26216.25,26206.599609375,26207.69921875,0.0
2025-12-24 11:40:00+05:30,26208.44921875,26210.69921875,26184.150390625,26185.44921875,0.0
2025-12-24 11:45:00+05:30,26186.69921875,26189.0,26178.650390625,26184.400390625,0.0
2025-12-24 11:50:00+05:30,26184.69921875,26187.19921875,26181.150390625,26186.19921875,0.0
2025-12-24 11:55:00+05:30,26185.849609375,26197.94921875,26185.80078125,26192.849609375,0.0
2025-12-24 12:00:00+05:30,26193.30078125,26196.400390625,26185.849609375,26194.94921875,0.0
2025-12-24 12:05:00+05:30,26194.94921875,26198.05078125,26186.75,26188.44921875,0.0
2025-12-24 12:10:00+05:30,26188.94921875,26194.400390625,26186.19921875,26192.0,0.0
2025-12-24 12:15:00+05:30,26191.849609375,26201.099609375,26190.44921875,26196.849609375,0.0
2025-12-24 12:20:00+05:30,26196.94921875,26201.0,26191.44921875,26193.599609375,0.0
2025-12-24 12:25:00+05:30,26192.75,26205.150390625,26190.94921875,26202.0,0.0
2025-12-24 12:30:00+05:30,26201.900390625,26208.099609375,26198.400390625,26205.349609375,0.0
2025-12-24 12:35:00+05:30,26204.650390625,26209.099609375,26194.80078125,26195.75,0.0
2025-12-24 12:40:00+05:30,26196.30078125,26197.75,26187.849609375,26193.099609375,0.0
2025-12-24 12:45:00+05:30,26192.349609375,26198.150390625,26190.400390625,26192.75,0.0
2025-12-24 12:50:00+05:30,26192.25,26193.44921875,26186.30078125,26190.900390625,0.0
2025-12-24 12:55:00+05:30,26190.19921875,26196.650390625,26186.94921875,26193.099609375,0.0
2025-12-24 13:00:00+05:30,26193.599609375,26194.25,26182.19921875,26188.599609375,0.0
2025-12-24 13:05:00+05:30,26189.0,26189.80078125,26175.650390625,26180.19921875,0.0
2025-12-24 13:10:00+05:30,26179.0,26183.900390625,26173.19921875,26181.05078125,0.0
2025-12-24 13:15:00+05:30,26181.0,26181.5,26173.55078125,26176.69921875,0.0
2025-12-24 13:20:00+05:30,26175.849609375,26181.19921875,26167.80078125,26170.19921875,0.0
2025-12-24 13:25:00+05:30,26169.94921875,26176.349609375,26164.75,26170.400390625,0.0
2025-12-24 13:30:00+05:30,26169.599609375,26171.349609375,26151.099609375,26159.55078125,0.0
2025-12-24 13:35:00+05:30,26159.599609375,26163.30078125,26154.0,26160.5,0.0
2025-12-24 13:40:00+05:30,26159.5,26163.55078125,26152.19921875,26160.099609375,0.0
2025-12-24 13:45:00+05:30,26159.099609375,26162.099609375,26154.150390625,26160.599609375,0.0
2025-12-24 13:50:00+05:30,26160.55078125,26168.0,26157.69921875,26166.44921875,0.0
2025-12-24 13:55:00+05:30,26165.900390625,26168.650390625,26147.0,26152.349609375,0.0
2025-12-24 14:00:00+05:30,26151.69921875,26153.69921875,26139.599609375,26152.75,0.0
2025-12-24 14:05:00+05:30,26151.900390625,26164.0,26146.0,26163.94921875,0.0
2025-12-24 14:10:00+05:30,26164.55078125,26168.400390625,26154.44921875,26158.5,0.0
2025-12-24 14:15:00+05:30,26160.599609375,26162.5,26153.25,26154.94921875,0.0
2025-12-24 14:20:00+05:30,26155.650390625,26156.80078125,26139.5,26145.80078125,0.0
2025-12-24 14:25:00+05:30,26144.80078125,26146.349609375,26124.900390625,26138.349609375,0.0
2025-12-24 14:30:00+05:30,26139.05078125,26152.349609375,26134.0,26136.55078125,0.0
2025-12-24 14:35:00+05:30,26136.150390625,26141.05078125,26124.19921875,26141.05078125,0.0
2025-12-24 14:40:00+05:30,26141.05078125,26142.150390625,26129.900390625,26139.69921875,0.0
2025-12-24 14:45:00+05:30,26140.30078125,26149.849609375,26139.349609375,26140.400390625,0.0
2025-12-24 14:50:00+05:30,26140.80078125,26141.599609375,26124.44921875,26139.150390625,0.0
2025-12-24 14:55:00+05:30,26139.55078125,26150.19921875,26139.55078125,26148.099609375,0.0
2025-12-24 15:00:00+05:30,26148.19921875,26156.599609375,26129.05078125,26152.5,0.0
2025-12-24 15:05:00+05:30,26154.05078125,26166.55078125,26139.900390625,26139.900390625,0.0
2025-12-24 15:10:00+05:30,26141.349609375,26158.75,26131.599609375,26154.80078125,0.0
2025-12-24 15:15:00+05:30,26155.900390625,26157.650390625,26136.5,26139.650390625,0.0
2025-12-24 15:20:00+05:30,26140.349609375,26145.44921875,26133.5,26137.19921875,0.0
2025-12-24 15:25:00+05:30,26140.55078125,26142.150390625,26129.900390625,26141.650390625,0.0
2025-12-26 09:15:00+05:30,26120.75,26139.650390625,26096.55078125,26131.05078125,0.0
2025-12-26 09:20:00+05:30,26128.80078125,26134.0,26120.44921875,26131.900390625,0.0
2025-12-26 09:25:00+05:30,26134.349609375,26139.849609375,26125.400390625,26132.849609375,0.0
2025-12-26 09:30:00+05:30,26131.849609375,26137.19921875,26105.44921875,26109.349609375,0.0
2025-12-26 09:35:00+05:30,26110.19921875,26112.349609375,26092.44921875,26094.69921875,0.0
2025-12-26 09:40:00+05:30,26093.19921875,26098.400390625,26081.849609375,26086.5,0.0
2025-12-26 09:45:00+05:30,26086.849609375,26092.150390625,26082.55078125,26091.849609375,0.0
2025-12-26 09:50:00+05:30,26090.30078125,26095.099609375,26071.69921875,26080.0,0.0
2025-12-26 09:55:00+05:30,26079.349609375,26095.150390625,26079.099609375,26090.599609375,0.0
2025-12-26 10:00:00+05:30,26090.150390625,26094.849609375,26080.80078125,26094.849609375,0.0
2025-12-26 10:05:00+05:30,26092.69921875,26102.099609375,26090.80078125,26090.900390625,0.0
2025-12-26 10:10:00+05:30,26090.849609375,26094.55078125,26085.650390625,26091.44921875,0.0
2025-12-26 10:15:00+05:30,26090.349609375,26092.55078125,26084.400390625,26089.400390625,0.0
2025-12-26 10:20:00+05:30,26088.650390625,26090.94921875,26078.44921875,26081.55078125,0.0
2025-12-26 10:25:00+05:30,26080.150390625,26093.599609375,26078.94921875,26091.75,0.0
2025-12-26 10:30:00+05:30,26091.69921875,26096.25,26087.94921875,26090.80078125,0.0
2025-12-26 10:35:00+05:30,26089.900390625,26093.44921875,26083.05078125,26093.44921875,0.0
2025-12-26 10:40:00+05:30,26092.150390625,26097.599609375,26089.80078125,26093.099609375,0.0
2025-12-26 10:45:00+05:30,26093.349609375,26094.099609375,26085.650390625,26089.599609375,0.0
2025-12-26 10:50:00+05:30,26088.25,26094.099609375,26084.900390625,26090.75,0.0
2025-12-26 10:55:00+05:30,26089.75,26095.05078125,26081.5,26089.400390625,0.0
2025-12-26 11:00:00+05:30,26089.599609375,26094.55078125,26085.650390625,26087.75,0.0
2025-12-26 11:05:00+05:30,26087.80078125,26089.44921875,26075.650390625,26078.44921875,0.0
2025-12-26 11:10:00+05:30,26078.150390625,26081.0,26067.650390625,26072.80078125,0.0
2025-12-26 11:15:00+05:30,26072.30078125,26074.44921875,26063.75,26064.5,0.0
2025-12-26 11:20:00+05:30,26064.599609375,26068.44921875,26058.55078125,26063.19921875,0.0
2025-12-26 11:25:00+05:30,26062.94921875,26071.80078125,26062.44921875,26067.150390625,0.0
2025-12-26 11:30:00+05:30,26064.849609375,26067.75,26053.900390625,26057.900390625,0.0
2025-12-26 11:35:00+05:30,26057.80078125,26059.650390625,26051.849609375,26054.69921875,0.0
2025-12-26 11:40:00+05:30,26053.400390625,26058.55078125,26050.19921875,26053.150390625,0.0
2025-12-26 11:45:00+05:30,26052.599609375,26055.30078125,26048.69921875,26051.5,0.0
2025-12-26 11:50:00+05:30,26050.349609375,26056.75,26049.599609375,26054.25,0.0
2025-12-26 11:55:00+05:30,26053.69921875,26063.349609375,26053.05078125,26056.5,0.0
2025-12-26 12:00:00+05:30,26056.650390625,26060.69921875,26052.599609375,26054.44921875,0.0
2025-12-26 12:05:00+05:30,26052.0,26059.400390625,26050.099609375,26056.80078125,0.0
2025-12-26 12:10:00+05:30,26055.30078125,26064.650390625,26053.150390625,26062.25,0.0
2025-12-26 12:15:00+05:30,26062.0,26067.099609375,26058.80078125,26065.849609375,0.0
2025-12-26 12:20:00+05:30,26065.55078125,26066.599609375,26050.650390625,26058.19921875,0.0
2025-12-26 12:25:00+05:30,26057.94921875,26065.25,26056.5,26059.5,0.0
2025-12-26 12:30:00+05:30,26059.19921875,26060.80078125,26041.75,26045.900390625,0.0
2025-12-26 12:35:00+05:30,26045.900390625,26046.599609375,26035.150390625,26040.900390625,0.0
2025-12-26 12:40:00+05:30,26039.80078125,26042.900390625,26034.400390625,26039.75,0.0
2025-12-26 12:45:00+05:30,26038.30078125,26042.80078125,26036.400390625,26039.19921875,0.0
2025-12-26 12:50:00+05:30,26038.19921875,26043.25,26034.900390625,26040.44921875,0.0
2025-12-26 12:55:00+05:30,26039.25,26041.849609375,26035.75,26038.25,0.0
2025-12-26 13:00:00+05:30,26038.05078125,26040.599609375,26032.19921875,26036.099609375,0.0
2025-12-26 13:05:00+05:30,26034.30078125,26037.900390625,26031.0,26035.099609375,0.0
2025-12-26 13:10:00+05:30,26035.25,26044.099609375,26032.80078125,26042.150390625,0.0
2025-12-26 13:15:00+05:30,26041.75,26052.30078125,26041.75,26048.650390625,0.0
2025-12-26 13:20:00+05:30,26047.0,26052.25,26045.05078125,26046.05078125,0.0
2025-12-26 13:25:00+05:30,26045.75,26053.099609375,26045.5,26049.44921875,0.0
2025-12-26 13:30:00+05:30,26048.849609375,26053.30078125,26046.150390625,26046.599609375,0.0
2025-12-26 13:35:00+05:30,26046.150390625,26050.05078125,26043.599609375,26047.69921875,0.0
2025-12-26 13:40:00+05:30,26047.44921875,26050.900390625,26042.599609375,26048.69921875,0.0
2025-12-26 13:45:00+05:30,26048.150390625,26054.349609375,26045.69921875,26048.900390625,0.0
2025-12-26 13:50:00+05:30,26048.5,26052.5,26041.400390625,26044.5,0.0
2025-12-26 13:55:00+05:30,26042.900390625,26052.599609375,26042.150390625,26049.19921875,0.0
2025-12-26 14:00:00+05:30,26047.650390625,26053.650390625,26045.400390625,26050.0,0.0
2025-12-26 14:05:00+05:30,26048.94921875,26051.849609375,26038.44921875,26040.75,0.0
2025-12-26 14:10:00+05:30,26040.69921875,26047.05078125,26032.400390625,26044.150390625,0.0
2025-12-26 14:15:00+05:30,26042.5,26046.0,26026.44921875,26027.0,0.0
2025-12-26 14:20:00+05:30,26027.900390625,26029.099609375,26019.349609375,26022.5,0.0
2025-12-26 14:25:00+05:30,26022.650390625,26029.55078125,26017.150390625,26026.0,0.0
2025-12-26 14:30:00+05:30,26025.849609375,26028.05078125,26014.25,26017.900390625,0.0
2025-12-26 14:35:00+05:30,26018.05078125,26024.099609375,26013.55078125,26019.25,0.0
2025-12-26 14:40:00+05:30,26019.099609375,26025.650390625,26014.400390625,26017.349609375,0.0
2025-12-26 14:45:00+05:30,26017.150390625,26024.650390625,26011.5,26012.75,0.0
2025-12-26 14:50:00+05:30,26012.099609375,26025.30078125,26008.75,26018.849609375,0.0
2025-12-26 14:55:00+05:30,26018.30078125,26039.80078125,26018.30078125,26038.94921875,0.0
2025-12-26 15:00:00+05:30,26039.30078125,26044.80078125,26035.30078125,26039.150390625,0.0
2025-12-26 15:05:00+05:30,26038.150390625,26047.650390625,26036.599609375,26046.0,0.0
2025-12-26 15:10:00+05:30,26046.30078125,26051.349609375,26041.599609375,26048.30078125,0.0
2025-12-26 15:15:00+05:30,26048.25,26048.25,26031.05078125,26039.400390625,0.0
2025-12-26 15:20:00+05:30,26040.75,26047.650390625,26037.5,26043.400390625,0.0
2025-12-26 15:25:00+05:30,26042.650390625,26052.44921875,26038.94921875,26047.650390625,0.0
2025-12-29 09:15:00+05:30,26065.75,26102.75,26047.25,26050.5,0.0
2025-12-29 09:20:00+05:30,26050.849609375,26064.30078125,26044.900390625,26059.69921875,0.0
2025-12-29 09:25:00+05:30,26057.900390625,26063.25,26051.75,26052.94921875,0.0
2025-12-29 09:30:00+05:30,26054.05078125,26076.69921875,26050.25,26074.400390625,0.0
2025-12-29 09:35:00+05:30,26075.19921875,26079.19921875,26067.80078125,26075.30078125,0.0
2025-12-29 09:40:00+05:30,26076.900390625,26082.30078125,26069.19921875,26080.400390625,0.0
2025-12-29 09:45:00+05:30,26079.75,26087.150390625,26076.44921875,26077.05078125,0.0
2025-12-29 09:50:00+05:30,26077.650390625,26079.44921875,26062.80078125,26064.19921875,0.0
2025-12-29 09:55:00+05:30,26064.19921875,26064.19921875,26036.099609375,26037.25,0.0
2025-12-29 10:00:00+05:30,26036.650390625,26042.69921875,26028.30078125,26031.5,0.0
2025-12-29 10:05:00+05:30,26030.150390625,26034.75,26027.05078125,26034.75,0.0
2025-12-29 10:10:00+05:30,26035.55078125,26039.0,26030.80078125,26034.55078125,0.0
2025-12-29 10:15:00+05:30,26035.599609375,26035.599609375,26022.94921875,26024.400390625,0.0
2025-12-29 10:20:00+05:30,26024.599609375,26037.599609375,26018.150390625,26037.599609375,0.0
2025-12-29 10:25:00+05:30,26036.94921875,26037.75,26025.69921875,26028.05078125,0.0
2025-12-29 10:30:00+05:30,26028.5,26028.5,26013.75,26019.400390625,0.0
2025-12-29 10:35:00+05:30,26019.849609375,26022.05078125,26016.400390625,26018.349609375,0.0
2025-12-29 10:40:00+05:30,26018.75,26019.599609375,26000.80078125,26003.400390625,0.0
2025-12-29 10:45:00+05:30,26003.650390625,26006.400390625,25997.80078125,26002.69921875,0.0
2025-12-29 10:50:00+05:30,26002.75,26011.80078125,25998.099609375,26007.150390625,0.0
2025-12-29 10:55:00+05:30,26008.349609375,26010.349609375,26003.400390625,26005.0,0.0
2025-12-29 11:00:00+05:30,26004.349609375,26007.150390625,25986.80078125,25989.900390625,0.0
2025-12-29 11:05:00+05:30,25990.650390625,25991.44921875,25979.0,25984.650390625,0.0
2025-12-29 11:10:00+05:30,25986.05078125,25987.30078125,25979.75,25983.69921875,0.0
2025-12-29 11:15:00+05:30,25983.900390625,25984.25,25973.44921875,25974.94921875,0.0
2025-12-29 11:20:00+05:30,25976.25,25976.25,25965.25,25969.75,0.0
2025-12-29 11:25:00+05:30,25970.849609375,25978.05078125,25965.75,25974.94921875,0.0
2025-12-29 11:30:00+05:30,25975.849609375,25978.099609375,25969.44921875,25974.55078125,0.0
2025-12-29 11:35:00+05:30,25976.44921875,25976.849609375,25969.849609375,25973.0,0.0
2025-12-29 11:40:00+05:30,25973.05078125,25977.400390625,25969.75,25976.0,0.0
2025-12-29 11:45:00+05:30,25976.5,25990.0,25973.150390625,25987.75,0.0
2025-12-29 11:50:00+05:30,25988.150390625,25990.099609375,25979.44921875,25982.150390625,0.0
2025-12-29 11:55:00+05:30,25982.099609375,25984.900390625,25976.05078125,25977.650390625,0.0
2025-12-29 12:00:00+05:30,25979.25,25982.650390625,25969.150390625,25971.900390625,0.0
2025-12-29 12:05:00+05:30,25973.150390625,25981.75,25969.05078125,25979.849609375,0.0
2025-12-29 12:10:00+05:30,25980.05078125,25988.099609375,25976.599609375,25979.900390625,0.0
2025-12-29 12:15:00+05:30,25979.900390625,25982.05078125,25975.05078125,25977.599609375,0.0
2025-12-29 12:20:00+05:30,25978.05078125,25978.05078125,25961.80078125,25964.599609375,0.0
2025-12-29 12:25:00+05:30,25965.0,25972.849609375,25960.849609375,25971.150390625,0.0
2025-12-29 12:30:00+05:30,25972.30078125,25973.849609375,25958.44921875,25959.25,0.0
2025-12-29 12:35:00+05:30,25959.75,25966.44921875,25957.80078125,25961.75,0.0
2025-12-29 12:40:00+05:30,25963.30078125,25963.30078125,25956.19921875,25959.69921875,0.0
2025-12-29 12:45:00+05:30,25960.55078125,25963.80078125,25955.25,25958.099609375,0.0
2025-12-29 12:50:00+05:30,25959.44921875,25961.05078125,25952.80078125,25958.5,0.0
2025-12-29 12:55:00+05:30,25959.599609375,25964.55078125,25955.19921875,25961.44921875,0.0
2025-12-29 13:00:00+05:30,25961.94921875,25970.25,25958.599609375,25968.75,0.0
2025-12-29 13:05:00+05:30,25969.19921875,25971.849609375,25965.599609375,25968.0,0.0
2025-12-29 13:10:00+05:30,25968.150390625,25972.0,25952.349609375,25954.349609375,0.0
2025-12-29 13:15:00+05:30,25954.69921875,25956.900390625,25939.099609375,25948.55078125,0.0
2025-12-29 13:20:00+05:30,25948.400390625,25949.900390625,25941.69921875,25944.19921875,0.0
2025-12-29 13:25:00+05:30,25944.849609375,25951.19921875,25942.75,25948.099609375,0.0
2025-12-29 13:30:00+05:30,25948.69921875,25950.599609375,25944.0,25945.900390625,0.0
2025-12-29 13:35:00+05:30,25946.650390625,25947.599609375,25931.19921875,25932.0,0.0
2025-12-29 13:40:00+05:30,25932.05078125,25943.0,25931.099609375,25940.400390625,0.0
2025-12-29 13:45:00+05:30,25940.849609375,25951.19921875,25937.150390625,25949.30078125,0.0
2025-12-29 13:50:00+05:30,25950.75,25958.30078125,25946.849609375,25955.099609375,0.0
2025-12-29 13:55:00+05:30,25956.25,25956.5,25944.80078125,25950.44921875,0.0
2025-12-29 14:00:00+05:30,25950.75,25957.05078125,25946.650390625,25951.900390625,0.0
2025-12-29 14:05:00+05:30,25951.900390625,25959.599609375,25949.099609375,25958.349609375,0.0
2025-12-29 14:10:00+05:30,25958.099609375,25961.05078125,25943.0,25943.349609375,0.0
2025-12-29 14:15:00+05:30,25942.94921875,25946.69921875,25924.94921875,25927.30078125,0.0
2025-12-29 14:20:00+05:30,25928.30078125,25956.849609375,25927.05078125,25956.80078125,0.0
2025-12-29 14:25:00+05:30,25956.94921875,25972.44921875,25953.099609375,25954.849609375,0.0
2025-12-29 14:30:00+05:30,25955.099609375,25958.0,25948.25,25956.05078125,0.0
2025-12-29 14:35:00+05:30,25956.900390625,25957.05078125,25943.900390625,25948.0,0.0
2025-12-29 14:40:00+05:30,25947.94921875,25949.75,25933.25,25936.099609375,0.0
2025-12-29 14:45:00+05:30,25936.900390625,25942.30078125,25929.099609375,25941.05078125,0.0
2025-12-29 14:50:00+05:30,25941.25,25943.30078125,25931.349609375,25931.349609375,0.0
2025-12-29 14:55:00+05:30,25930.44921875,25942.400390625,25922.25,25934.19921875,0.0
2025-12-29 15:00:00+05:30,25933.44921875,25948.5,25923.650390625,25937.599609375,0.0
2025-12-29 15:05:00+05:30,25937.849609375,25951.05078125,25935.55078125,25943.5,0.0
2025-12-29 15:10:00+05:30,25942.05078125,25949.80078125,25941.69921875,25944.05078125,0.0
2025-12-29 15:15:00+05:30,25943.349609375,25944.55078125,25936.0,25941.150390625,0.0
2025-12-29 15:20:00+05:30,25938.75,25953.0,25938.30078125,25950.900390625,0.0
2025-12-29 15:25:00+05:30,25950.599609375,25953.349609375,25942.849609375,25949.80078125,0.0
2025-12-30 09:15:00+05:30,25951.0,25951.0,25894.599609375,25908.05078125,0.0
2025-12-30 09:20:00+05:30,25908.650390625,25908.80078125,25881.150390625,25884.80078125,0.0
2025-12-30 09:25:00+05:30,25886.0,25890.400390625,25878.0,25884.55078125,0.0
2025-12-30 09:30:00+05:30,25884.75,25905.349609375,25881.25,25905.349609375,0.0
2025-12-30 09:35:00+05:30,25905.849609375,25925.099609375,25903.599609375,25924.150390625,0.0
2025-12-30 09:40:00+05:30,25923.55078125,25942.5,25917.80078125,25939.75,0.0
2025-12-30 09:45:00+05:30,25939.94921875,25941.80078125,25906.650390625,25908.25,0.0
2025-12-30 09:50:00+05:30,25907.900390625,25938.400390625,25906.30078125,25933.349609375,0.0
2025-12-30 09:55:00+05:30,25933.849609375,25954.69921875,25932.19921875,25935.69921875,0.0
2025-12-30 10:00:00+05:30,25935.55078125,25938.349609375,25923.400390625,25932.349609375,0.0
2025-12-30 10:05:00+05:30,25932.150390625,25932.599609375,25922.099609375,25925.80078125,0.0
2025-12-30 10:10:00+05:30,25925.44921875,25949.25,25924.0,25943.25,0.0
2025-12-30 10:15:00+05:30,25943.75,25957.0,25943.400390625,25955.650390625,0.0
2025-12-30 10:20:00+05:30,25955.400390625,25968.80078125,25955.400390625,25968.69921875,0.0
2025-12-30 10:25:00+05:30,25967.349609375,25970.599609375,25962.599609375,25965.099609375,0.0
2025-12-30 10:30:00+05:30,25965.94921875,25975.80078125,25964.650390625,25973.69921875,0.0
2025-12-30 10:35:00+05:30,25973.0,25974.05078125,25950.900390625,25952.55078125,0.0
2025-12-30 10:40:00+05:30,25953.900390625,25956.349609375,25947.5,25949.30078125,0.0
2025-12-30 10:45:00+05:30,25949.099609375,25949.94921875,25937.150390625,25944.400390625,0.0
2025-12-30 10:50:00+05:30,25943.05078125,25948.75,25928.80078125,25931.349609375,0.0
2025-12-30 10:55:00+05:30,25930.900390625,25932.849609375,25923.849609375,25927.44921875,0.0
2025-12-30 11:00:00+05:30,25927.599609375,25934.80078125,25925.44921875,25926.25,0.0
2025-12-30 11:05:00+05:30,25926.69921875,25933.900390625,25923.650390625,25928.80078125,0.0
2025-12-30 11:10:00+05:30,25928.30078125,25929.30078125,25910.349609375,25921.44921875,0.0
2025-12-30 11:15:00+05:30,25921.69921875,25927.05078125,25918.599609375,25922.44921875,0.0
2025-12-30 11:20:00+05:30,25922.75,25928.05078125,25912.900390625,25917.599609375,0.0
2025-12-30 11:25:00+05:30,25917.900390625,25920.5,25912.400390625,25914.94921875,0.0
2025-12-30 11:30:00+05:30,25915.400390625,25915.400390625,25894.30078125,25896.400390625,0.0
2025-12-30 11:35:00+05:30,25897.599609375,25901.55078125,25892.5,25897.55078125,0.0
2025-12-30 11:40:00+05:30,25898.19921875,25910.19921875,25894.44921875,25907.94921875,0.0
2025-12-30 11:45:00+05:30,25907.94921875,25917.44921875,25906.650390625,25912.099609375,0.0
2025-12-30 11:50:00+05:30,25910.599609375,25913.599609375,25902.400390625,25903.849609375,0.0
2025-12-30 11:55:00+05:30,25903.849609375,25904.25,25892.099609375,25898.80078125,0.0
2025-12-30 12:00:00+05:30,25899.94921875,25903.599609375,25891.650390625,25891.849609375,0.0
2025-12-30 12:05:00+05:30,25892.55078125,25904.849609375,25890.849609375,25901.30078125,0.0
2025-12-30 12:10:00+05:30,25902.44921875,25905.30078125,25883.0,25884.80078125,0.0
2025-12-30 12:15:00+05:30,25885.44921875,25893.80078125,25883.44921875,25890.94921875,0.0
2025-12-30 12:20:00+05:30,25891.69921875,25894.599609375,25885.44921875,25888.900390625,0.0
2025-12-30 12:25:00+05:30,25889.150390625,25895.599609375,25881.80078125,25885.900390625,0.0
2025-12-30 12:30:00+05:30,25886.0,25899.650390625,25884.44921875,25894.30078125,0.0
2025-12-30 12:35:00+05:30,25893.599609375,25903.400390625,25889.5,25900.849609375,0.0
2025-12-30 12:40:00+05:30,25901.30078125,25906.650390625,25897.400390625,25899.75,0.0
2025-12-30 12:45:00+05:30,25900.25,25913.30078125,25894.94921875,25911.599609375,0.0
2025-12-30 12:50:00+05:30,25912.80078125,25913.650390625,25893.900390625,25900.849609375,0.0
2025-12-30 12:55:00+05:30,25900.19921875,25904.349609375,25890.25,25892.19921875,0.0
2025-12-30 13:00:00+05:30,25892.80078125,25896.650390625,25884.94921875,25888.55078125,0.0
2025-12-30 13:05:00+05:30,25889.75,25893.30078125,25884.44921875,25887.400390625,0.0
2025-12-30 13:10:00+05:30,25886.94921875,25894.900390625,25879.900390625,25890.349609375,0.0
2025-12-30 13:15:00+05:30,25891.19921875,25900.25,25887.94921875,25897.599609375,0.0
2025-12-30 13:20:00+05:30,25898.55078125,25901.900390625,25890.19921875,25891.55078125,0.0
2025-12-30 13:25:00+05:30,25891.80078125,25902.900390625,25887.80078125,25898.80078125,0.0
2025-12-30 13:30:00+05:30,25898.55078125,25914.099609375,25898.19921875,25914.099609375,0.0
2025-12-30 13:35:00+05:30,25914.0,25923.30078125,25912.30078125,25918.30078125,0.0
2025-12-30 13:40:00+05:30,25920.150390625,25940.849609375,25917.349609375,25935.349609375,0.0
2025-12-30 13:45:00+05:30,25935.5,25960.349609375,25933.44921875,25954.400390625,0.0
2025-12-30 13:50:00+05:30,25953.349609375,25956.55078125,25934.900390625,25937.75,0.0
2025-12-30 13:55:00+05:30,25938.400390625,25943.44921875,25933.19921875,25938.25,0.0
2025-12-30 14:00:00+05:30,25938.0,25951.30078125,25935.900390625,25944.150390625,0.0
2025-12-30 14:05:00+05:30,25944.349609375,25944.849609375,25932.150390625,25937.650390625,0.0
2025-12-30 14:10:00+05:30,25937.849609375,25946.94921875,25936.099609375,25943.599609375,0.0
2025-12-30 14:15:00+05:30,25942.25,25958.349609375,25941.849609375,25942.900390625,0.0
2025-12-30 14:20:00+05:30,25943.19921875,25947.69921875,25931.75,25937.599609375,0.0
2025-12-30 14:25:00+05:30,25936.650390625,25938.0,25915.849609375,25916.599609375,0.0
2025-12-30 14:30:00+05:30,25916.650390625,25939.69921875,25915.44921875,25937.19921875,0.0
2025-12-30 14:35:00+05:30,25937.400390625,25937.400390625,25922.5,25934.80078125,0.0
2025-12-30 14:40:00+05:30,25934.099609375,25946.349609375,25924.849609375,25942.80078125,0.0
2025-12-30 14:45:00+05:30,25942.599609375,25951.650390625,25930.80078125,25950.25,0.0
2025-12-30 14:50:00+05:30,25951.69921875,25954.849609375,25942.599609375,25946.44921875,0.0
2025-12-30 14:55:00+05:30,25945.69921875,25951.349609375,25933.75,25938.19921875,0.0
2025-12-30 15:00:00+05:30,25937.05078125,25942.05078125,25915.44921875,25936.44921875,0.0
2025-12-30 15:05:00+05:30,25935.599609375,25957.349609375,25923.650390625,25940.44921875,0.0
2025-12-30 15:10:00+05:30,25936.44921875,25944.0,25928.44921875,25942.0,0.0
2025-12-30 15:15:00+05:30,25940.44921875,25946.900390625,25936.75,25940.150390625,0.0
2025-12-30 15:20:00+05:30,25940.19921875,25948.94921875,25936.599609375,25947.900390625,0.0
2025-12-30 15:25:00+05:30,25945.849609375,25976.75,25943.05078125,25970.55078125,0.0
2025-12-31 09:15:00+05:30,25975.44921875,26026.849609375,25975.44921875,26013.650390625,0.0
2025-12-31 09:20:00+05:30,26012.55078125,26013.30078125,26000.150390625,26003.900390625,0.0
2025-12-31 09:25:00+05:30,26003.650390625,26021.80078125,25977.44921875,26016.30078125,0.0
2025-12-31 09:30:00+05:30,26013.099609375,26023.900390625,26004.30078125,26004.80078125,0.0
2025-12-31 09:35:00+05:30,26001.94921875,26013.400390625,25993.69921875,26006.900390625,0.0
2025-12-31 09:40:00+05:30,26006.05078125,26009.0,25972.05078125,25973.25,0.0
2025-12-31 09:45:00+05:30,25973.650390625,25987.75,25969.349609375,25982.80078125,0.0
2025-12-31 09:50:00+05:30,25982.5,25989.5,25980.150390625,25984.150390625,0.0
2025-12-31 09:55:00+05:30,25982.849609375,25996.19921875,25976.400390625,25985.099609375,0.0
2025-12-31 10:00:00+05:30,25984.69921875,25993.55078125,25977.599609375,25977.599609375,0.0
2025-12-31 10:05:00+05:30,25977.5,25995.099609375,25971.75,25993.30078125,0.0
2025-12-31 10:10:00+05:30,25994.349609375,26000.94921875,25990.75,25997.0,0.0
2025-12-31 10:15:00+05:30,25998.349609375,26010.349609375,25998.349609375,26007.44921875,0.0
2025-12-31 10:20:00+05:30,26009.849609375,26014.75,26006.5,26010.900390625,0.0
2025-12-31 10:25:00+05:30,26010.55078125,26020.19921875,26008.80078125,26018.099609375,0.0
2025-12-31 10:30:00+05:30,26016.44921875,26035.30078125,26015.599609375,26030.94921875,0.0
2025-12-31 10:35:00+05:30,26029.349609375,26031.25,26023.349609375,26025.0,0.0
2025-12-31 10:40:00+05:30,26026.19921875,26047.150390625,26022.349609375,26040.94921875,0.0
2025-12-31 10:45:00+05:30,26042.400390625,26047.19921875,26030.849609375,26034.400390625,0.0
2025-12-31 10:50:00+05:30,26036.849609375,26043.349609375,26029.900390625,26041.150390625,0.0
2025-12-31 10:55:00+05:30,26040.349609375,26046.599609375,26037.349609375,26044.650390625,0.0
2025-12-31 11:00:00+05:30,26043.69921875,26054.30078125,26043.150390625,26052.150390625,0.0
2025-12-31 11:05:00+05:30,26051.849609375,26056.75,26045.75,26048.19921875,0.0
2025-12-31 11:10:00+05:30,26048.19921875,26057.5,26046.44921875,26055.80078125,0.0
2025-12-31 11:15:00+05:30,26055.44921875,26063.75,26053.55078125,26059.69921875,0.0
2025-12-31 11:20:00+05:30,26058.650390625,26060.349609375,26043.5,26044.44921875,0.0
2025-12-31 11:25:00+05:30,26043.69921875,26052.0,26043.5,26044.55078125,0.0
2025-12-31 11:30:00+05:30,26044.5,26049.55078125,26040.349609375,26048.44921875,0.0
2025-12-31 11:35:00+05:30,26049.05078125,26063.30078125,26046.75,26062.19921875,0.0
2025-12-31 11:40:00+05:30,26062.44921875,26070.900390625,26060.650390625,26068.55078125,0.0
2025-12-31 11:45:00+05:30,26068.69921875,26074.44921875,26058.75,26073.650390625,0.0
2025-12-31 11:50:00+05:30,26072.0,26080.349609375,26070.55078125,26076.69921875,0.0
2025-12-31 11:55:00+05:30,26075.94921875,26077.69921875,26065.80078125,26070.599609375,0.0
2025-12-31 12:00:00+05:30,26070.599609375,26076.94921875,26067.69921875,26072.349609375,0.0
2025-12-31 12:05:00+05:30,26072.900390625,26085.900390625,26069.30078125,26083.94921875,0.0
2025-12-31 12:10:00+05:30,26083.849609375,26091.55078125,26079.900390625,26089.55078125,0.0
2025-12-31 12:15:00+05:30,26089.900390625,26091.400390625,26083.55078125,26087.30078125,0.0
2025-12-31 12:20:00+05:30,26087.349609375,26099.05078125,26086.349609375,26096.69921875,0.0
2025-12-31 12:25:00+05:30,26096.0,26097.69921875,26089.19921875,26095.55078125,0.0
2025-12-31 12:30:00+05:30,26095.599609375,26110.900390625,26092.05078125,26109.099609375,0.0
2025-12-31 12:35:00+05:30,26109.25,26114.900390625,26106.75,26114.25,0.0
2025-12-31 12:40:00+05:30,26114.0,26123.05078125,26113.900390625,26122.599609375,0.0
2025-12-31 12:45:00+05:30,26121.400390625,26137.900390625,26120.900390625,26136.25,0.0
2025-12-31 12:50:00+05:30,26134.55078125,26146.19921875,26131.349609375,26144.30078125,0.0
2025-12-31 12:55:00+05:30,26142.69921875,26153.900390625,26142.69921875,26147.25,0.0
2025-12-31 13:00:00+05:30,26147.30078125,26155.80078125,26145.099609375,26146.19921875,0.0
2025-12-31 13:05:00+05:30,26145.650390625,26150.849609375,26142.400390625,26148.900390625,0.0
2025-12-31 13:10:00+05:30,26148.900390625,26156.099609375,26146.0,26155.349609375,0.0
2025-12-31 13:15:00+05:30,26154.5,26156.69921875,26143.25,26147.25,0.0
2025-12-31 13:20:00+05:30,26146.55078125,26158.599609375,26146.55078125,26154.0,0.0
2025-12-31 13:25:00+05:30,26151.94921875,26160.25,26149.94921875,26156.19921875,0.0
2025-12-31 13:30:00+05:30,26156.599609375,26164.19921875,26149.650390625,26151.099609375,0.0
2025-12-31 13:35:00+05:30,26150.75,26151.55078125,26135.900390625,26143.05078125,0.0
2025-12-31 13:40:00+05:30,26142.44921875,26151.5,26141.30078125,26149.0,0.0
2025-12-31 13:45:00+05:30,26146.5,26158.80078125,26146.5,26156.150390625,0.0
2025-12-31 13:50:00+05:30,26154.94921875,26162.94921875,26154.94921875,26158.5,0.0
2025-12-31 13:55:00+05:30,26158.19921875,26179.25,26156.099609375,26167.900390625,0.0
2025-12-31 14:00:00+05:30,26168.94921875,26169.44921875,26154.150390625,26163.94921875,0.0
2025-12-31 14:05:00+05:30,26162.55078125,26170.900390625,26161.55078125,26169.30078125,0.0
2025-12-31 14:10:00+05:30,26169.19921875,26173.650390625,26163.30078125,26167.0,0.0
2025-12-31 14:15:00+05:30,26166.0,26167.849609375,26158.349609375,26160.94921875,0.0
2025-12-31 14:20:00+05:30,26160.75,26165.599609375,26144.400390625,26149.150390625,0.0
2025-12-31 14:25:00+05:30,26150.150390625,26165.349609375,26149.5,26160.25,0.0
2025-12-31 14:30:00+05:30,26160.0,26168.19921875,26156.25,26158.69921875,0.0
2025-12-31 14:35:00+05:30,26156.599609375,26173.650390625,26155.099609375,26173.650390625,0.0
2025-12-31 14:40:00+05:30,26172.849609375,26184.75,26166.94921875,26184.0,0.0
2025-12-31 14:45:00+05:30,26184.150390625,26187.0,26175.55078125,26181.400390625,0.0
2025-12-31 14:50:00+05:30,26181.650390625,26185.349609375,26170.30078125,26178.80078125,0.0
2025-12-31 14:55:00+05:30,26179.05078125,26185.19921875,26170.25,26175.900390625,0.0
2025-12-31 15:00:00+05:30,26174.55078125,26174.55078125,26132.0,26134.25,0.0
2025-12-31 15:05:00+05:30,26134.849609375,26136.55078125,26126.5,26130.44921875,0.0
2025-12-31 15:10:00+05:30,26130.30078125,26130.849609375,26115.05078125,26122.94921875,0.0
2025-12-31 15:15:00+05:30,26124.19921875,26134.900390625,26121.55078125,26130.25,0.0
2025-12-31 15:20:00+05:30,26132.099609375,26132.099609375,26121.55078125,26127.55078125,0.0
2025-12-31 15:25:00+05:30,26128.30078125,26141.849609375,26125.19921875,26141.849609375,0.0
2026-01-01 09:15:00+05:30,26175.05078125,26195.150390625,26165.44921875,26167.80078125,0.0
2026-01-01 09:20:00+05:30,26166.44921875,26177.55078125,26157.94921875,26161.099609375,0.0
2026-01-01 09:25:00+05:30,26160.349609375,26189.599609375,26149.55078125,26187.19921875,0.0
2026-01-01 09:30:00+05:30,26184.0,26188.900390625,26166.099609375,26180.099609375,0.0
2026-01-01 09:35:00+05:30,26179.5,26188.94921875,26162.75,26167.650390625,0.0
2026-01-01 09:40:00+05:30,26167.94921875,26187.94921875,26163.75,26181.55078125,0.0
2026-01-01 09:45:00+05:30,26178.25,26189.650390625,26163.25,26188.55078125,0.0
2026-01-01 09:50:00+05:30,26189.0,26197.0,26184.30078125,26189.099609375,0.0
2026-01-01 09:55:00+05:30,26189.80078125,26192.900390625,26153.5,26157.19921875,0.0
2026-01-01 10:00:00+05:30,26157.44921875,26172.25,26155.349609375,26171.69921875,0.0
2026-01-01 10:05:00+05:30,26170.400390625,26179.099609375,26164.849609375,26165.849609375,0.0
2026-01-01 10:10:00+05:30,26166.150390625,26166.25,26147.349609375,26151.150390625,0.0
2026-01-01 10:15:00+05:30,26151.650390625,26152.150390625,26128.55078125,26132.150390625,0.0
2026-01-01 10:20:00+05:30,26131.69921875,26137.19921875,26118.400390625,26136.349609375,0.0
2026-01-01 10:25:00+05:30,26135.94921875,26159.75,26134.099609375,26157.349609375,0.0
2026-01-01 10:30:00+05:30,26158.69921875,26167.099609375,26147.599609375,26166.0,0.0
2026-01-01 10:35:00+05:30,26165.80078125,26173.5,26159.0,26162.099609375,0.0
2026-01-01 10:40:00+05:30,26162.25,26163.44921875,26149.400390625,26161.349609375,0.0
2026-01-01 10:45:00+05:30,26161.099609375,26182.900390625,26160.94921875,26182.25,0.0
2026-01-01 10:50:00+05:30,26181.94921875,26185.599609375,26177.400390625,26179.5,0.0
2026-01-01 10:55:00+05:30,26180.0,26180.69921875,26168.099609375,26170.94921875,0.0
2026-01-01 11:00:00+05:30,26171.05078125,26180.650390625,26161.400390625,26164.849609375,0.0
2026-01-01 11:05:00+05:30,26164.55078125,26173.099609375,26161.25,26164.599609375,0.0
2026-01-01 11:10:00+05:30,26164.099609375,26174.30078125,26157.44921875,26170.5,0.0
2026-01-01 11:15:00+05:30,26170.5,26171.55078125,26158.5,26170.0,0.0
2026-01-01 11:20:00+05:30,26169.94921875,26175.05078125,26163.69921875,26169.94921875,0.0
2026-01-01 11:25:00+05:30,26169.0,26177.75,26161.94921875,26165.80078125,0.0
2026-01-01 11:30:00+05:30,26165.75,26173.849609375,26157.349609375,26160.849609375,0.0
2026-01-01 11:35:00+05:30,26160.650390625,26167.94921875,26156.55078125,26161.0,0.0
2026-01-01 11:40:00+05:30,26160.55078125,26164.900390625,26142.599609375,26144.849609375,0.0
2026-01-01 11:45:00+05:30,26144.099609375,26146.25,26137.30078125,26139.25,0.0
2026-01-01 11:50:00+05:30,26138.94921875,26149.94921875,26133.400390625,26148.25,0.0
2026-01-01 11:55:00+05:30,26147.849609375,26154.099609375,26141.650390625,26151.30078125,0.0
2026-01-01 12:00:00+05:30,26151.150390625,26158.19921875,26139.349609375,26141.80078125,0.0
2026-01-01 12:05:00+05:30,26141.75,26144.5,26124.30078125,26130.849609375,0.0
2026-01-01 12:10:00+05:30,26130.0,26136.599609375,26123.94921875,26125.0,0.0
2026-01-01 12:15:00+05:30,26124.349609375,26135.19921875,26114.19921875,26135.19921875,0.0
2026-01-01 12:20:00+05:30,26135.400390625,26141.30078125,26128.19921875,26141.30078125,0.0
2026-01-01 12:25:00+05:30,26140.650390625,26155.900390625,26137.44921875,26150.599609375,0.0
2026-01-01 12:30:00+05:30,26150.150390625,26154.44921875,26139.05078125,26154.44921875,0.0
2026-01-01 12:35:00+05:30,26153.05078125,26155.349609375,26127.25,26129.94921875,0.0
2026-01-01 12:40:00+05:30,26129.55078125,26142.5,26126.849609375,26142.30078125,0.0
2026-01-01 12:45:00+05:30,26141.599609375,26162.55078125,26140.5,26156.400390625,0.0
2026-01-01 12:50:00+05:30,26156.80078125,26158.25,26147.099609375,26150.25,0.0
2026-01-01 12:55:00+05:30,26150.349609375,26158.05078125,26147.25,26151.599609375,0.0
2026-01-01 13:00:00+05:30,26152.44921875,26155.599609375,26147.55078125,26151.80078125,0.0
2026-01-01 13:05:00+05:30,26151.599609375,26157.0,26150.099609375,26155.94921875,0.0
2026-01-01 13:10:00+05:30,26155.80078125,26158.69921875,26144.349609375,26151.44921875,0.0
2026-01-01 13:15:00+05:30,26150.80078125,26167.94921875,26149.900390625,26165.44921875,0.0
2026-01-01 13:20:00+05:30,26164.94921875,26166.19921875,26129.69921875,26130.55078125,0.0
2026-01-01 13:25:00+05:30,26130.5,26157.349609375,26130.349609375,26154.44921875,0.0
2026-01-01 13:30:00+05:30,26155.349609375,26161.349609375,26145.19921875,26146.599609375,0.0
2026-01-01 13:35:00+05:30,26146.849609375,26154.650390625,26141.099609375,26146.05078125,0.0
2026-01-01 13:40:00+05:30,26146.349609375,26148.30078125,26137.94921875,26146.80078125,0.0
2026-01-01 13:45:00+05:30,26146.099609375,26149.55078125,26139.25,26146.849609375,0.0
2026-01-01 13:50:00+05:30,26146.30078125,26161.900390625,26145.849609375,26158.400390625,0.0
2026-01-01 13:55:00+05:30,26159.150390625,26163.19921875,26153.94921875,26157.400390625,0.0
2026-01-01 14:00:00+05:30,26157.099609375,26172.05078125,26153.19921875,26168.0,0.0
2026-01-01 14:05:00+05:30,26169.05078125,26176.19921875,26162.599609375,26163.05078125,0.0
2026-01-01 14:10:00+05:30,26162.599609375,26170.150390625,26160.80078125,26168.0,0.0
2026-01-01 14:15:00+05:30,26166.849609375,26175.099609375,26161.599609375,26171.19921875,0.0
2026-01-01 14:20:00+05:30,26171.05078125,26178.0,26154.69921875,26160.94921875,0.0
2026-01-01 14:25:00+05:30,26160.55078125,26162.599609375,26151.900390625,26152.400390625,0.0
2026-01-01 14:30:00+05:30,26152.150390625,26164.30078125,26149.30078125,26162.5,0.0
2026-01-01 14:35:00+05:30,26162.55078125,26166.25,26159.30078125,26164.30078125,0.0
2026-01-01 14:40:00+05:30,26164.650390625,26166.349609375,26157.900390625,26159.650390625,0.0
2026-01-01 14:45:00+05:30,26160.349609375,26163.849609375,26152.69921875,26154.400390625,0.0
2026-01-01 14:50:00+05:30,26154.0,26164.0,26150.900390625,26155.400390625,0.0
2026-01-01 14:55:00+05:30,26156.05078125,26165.80078125,26155.94921875,26160.400390625,0.0
2026-01-01 15:00:00+05:30,26163.19921875,26166.0,26137.650390625,26161.80078125,0.0
2026-01-01 15:05:00+05:30,26162.94921875,26168.599609375,26151.05078125,26151.69921875,0.0
2026-01-01 15:10:00+05:30,26152.650390625,26154.150390625,26135.94921875,26142.849609375,0.0
2026-01-01 15:15:00+05:30,26142.55078125,26146.19921875,26126.80078125,26143.599609375,0.0
2026-01-01 15:20:00+05:30,26144.599609375,26145.44921875,26134.650390625,26138.05078125,0.0
2026-01-01 15:25:00+05:30,26139.55078125,26145.150390625,26129.099609375,26140.25,0.0
2026-01-01 15:30:00+05:30,26146.55078125,26146.55078125,26146.55078125,26146.55078125,0.0
