Date,Open,High,Low,Close,Volume
2025-10-09 09:15:00+05:30,81863.671875,81990.34375,81742.8203125,81967.25,0.0
2025-10-09 09:30:00+05:30,81967.3828125,82009.140625,81837.140625,81837.140625,0.0
2025-10-09 09:45:00+05:30,81835.9765625,81864.109375,81734.15625,81756.390625,0.0
2025-10-09 10:00:00+05:30,81754.59375,81781.21875,81667.796875,81698.0,0.0
2025-10-09 10:15:00+05:30,81696.6171875,81859.7265625,81679.578125,81843.203125,0.0
2025-10-09 10:30:00+05:30,81841.296875,81939.46875,81836.34375,81921.03125,0.0
2025-10-09 10:45:00+05:30,81921.2890625,81933.8515625,81837.40625,81907.5390625,0.0
2025-10-09 11:00:00+05:30,81907.5703125,82085.8828125,81907.5703125,82070.7109375,0.0
2025-10-09 11:15:00+05:30,82069.1171875,82072.8828125,81993.5625,82047.1171875,0.0
2025-10-09 11:30:00+05:30,82047.171875,82127.8828125,82026.8125,82070.453125,0.0
2025-10-09 11:45:00+05:30,82071.453125,82159.828125,82004.5625,82004.5625,0.0
2025-10-09 12:00:00+05:30,82006.078125,82063.9765625,81972.953125,82015.53125,0.0
2025-10-09 12:15:00+05:30,82015.53125,82080.9296875,82015.53125,82042.453125,0.0
2025-10-09 12:30:00+05:30,82040.53125,82053.3671875,81963.90625,82009.1171875,0.0
2025-10-09 12:45:00+05:30,82009.0703125,82059.203125,81986.703125,82001.6875,0.0
2025-10-09 13:00:00+05:30,82000.453125,82030.546875,81951.9609375,81988.1015625,0.0
2025-10-09 13:15:00+05:30,81989.3828125,82034.1484375,81974.4609375,82024.296875,0.0
2025-10-09 13:30:00+05:30,82024.296875,82093.4609375,81999.796875,82052.25,0.0
2025-10-09 13:45:00+05:30,82052.453125,82131.2421875,82023.6171875,82131.2421875,0.0
2025-10-09 14:00:00+05:30,82130.84375,82155.953125,82008.15625,82042.2578125,0.0
2025-10-09 14:15:00+05:30,82039.8203125,82055.6484375,81948.0234375,82001.6328125,0.0
2025-10-09 14:30:00+05:30,82003.0,82112.09375,81966.7109375,82067.53125,0.0
2025-10-09 14:45:00+05:30,82064.8515625,82133.2421875,81980.34375,82114.578125,0.0
2025-10-09 15:00:00+05:30,82120.1015625,82239.1484375,82090.7890625,82136.34375,0.0
2025-10-09 15:15:00+05:30,82135.890625,82175.8671875,82135.890625,82171.9765625,0.0
2025-10-10 09:15:00+05:30,82075.453125,82386.1796875,82075.453125,82336.71875,0.0
2025-10-10 09:30:00+05:30,82346.828125,82459.15625,82345.2265625,82456.7265625,0.0
2025-10-10 09:45:00+05:30,82456.7265625,82551.65625,82429.1015625,82456.46875,0.0
2025-10-10 10:00:00+05:30,82456.46875,82485.2578125,82405.796875,82453.078125,0.0
2025-10-10 10:15:00+05:30,82451.15625,82573.3125,82450.203125,82495.40625,0.0
2025-10-10 10:30:00+05:30,82496.7109375,82534.2265625,82450.296875,82451.4609375,0.0
2025-10-10 10:45:00+05:30,82451.9765625,82569.0703125,82437.46875,82555.7265625,0.0
2025-10-10 11:00:00+05:30,82555.1171875,82589.921875,82513.6484375,82584.8984375,0.0
2025-10-10 11:15:00+05:30,82586.53125,82616.1875,82486.6875,82501.3984375,0.0
2025-10-10 11:30:00+05:30,82502.828125,82543.0078125,82453.6171875,82507.28125,0.0
2025-10-10 11:45:00+05:30,82507.4765625,82523.078125,82466.6328125,82473.8828125,0.0
2025-10-10 12:00:00+05:30,82479.5078125,82534.8203125,82456.0625,82483.6875,0.0
2025-10-10 12:15:00+05:30,82487.8203125,82515.1328125,82453.0390625,82489.671875,0.0
2025-10-10 12:30:00+05:30,82489.671875,82560.2421875,82451.4609375,82560.2421875,0.0
2025-10-10 12:45:00+05:30,82560.2421875,82624.109375,82548.140625,82601.703125,0.0
2025-10-10 13:00:00+05:30,82601.703125,82626.9765625,82518.34375,82565.4609375,0.0
2025-10-10 13:15:00+05:30,82565.359375,82625.25,82494.9609375,82555.1875,0.0
2025-10-10 13:30:00+05:30,82555.203125,82653.59375,82555.203125,82613.8515625,0.0
2025-10-10 13:45:00+05:30,82615.2421875,82623.5703125,82578.703125,82581.171875,0.0
2025-10-10 14:00:00+05:30,82580.078125,82606.0390625,82545.828125,82584.0703125,0.0
2025-10-10 14:15:00+05:30,82585.15625,82607.34375,82545.75,82581.0,0.0
2025-10-10 14:30:00+05:30,82581.0,82599.421875,82530.78125,82577.296875,0.0
2025-10-10 14:45:00+05:30,82576.078125,82579.3984375,82439.4921875,82561.921875,0.0
2025-10-10 15:00:00+05:30,82561.59375,82572.2734375,82454.7890625,82493.328125,0.0
2025-10-10 15:15:00+05:30,82488.7109375,82525.7578125,82488.7109375,82501.28125,0.0
2025-10-13 09:15:00+05:30,82060.84375,82314.3203125,82060.84375,82187.046875,0.0
2025-10-13 09:30:00+05:30,82189.390625,82278.2734375,82043.2265625,82278.2734375,0.0
2025-10-13 09:45:00+05:30,82277.4921875,82329.1484375,82180.171875,82220.9375,0.0
2025-10-13 10:00:00+05:30,82222.0078125,82230.8828125,82132.71875,82191.203125,0.0
2025-10-13 10:15:00+05:30,82186.59375,82246.75,82126.3828125,82239.5078125,0.0
2025-10-13 10:30:00+05:30,82235.9609375,82302.4296875,82235.9609375,82246.890625,0.0
2025-10-13 10:45:00+05:30,82243.78125,82257.15625,82169.9921875,82196.7890625,0.0
2025-10-13 11:00:00+05:30,82198.71875,82245.0390625,82175.4375,82205.25,0.0
2025-10-13 11:15:00+05:30,82207.0,82227.921875,82106.140625,82153.09375,0.0
2025-10-13 11:30:00+05:30,82151.8671875,82179.390625,82137.5625,82151.9375,0.0
2025-10-13 11:45:00+05:30,82154.921875,82222.4765625,82133.2109375,82219.140625,0.0
2025-10-13 12:00:00+05:30,82219.65625,82236.078125,82131.7265625,82197.203125,0.0
2025-10-13 12:15:00+05:30,82198.0,82199.6875,82141.3515625,82189.9375,0.0
2025-10-13 12:30:00+05:30,82186.90625,82234.6796875,82151.8671875,82231.4609375,0.0
2025-10-13 12:45:00+05:30,82238.9375,82257.03125,82138.9765625,82257.03125,0.0
2025-10-13 13:00:00+05:30,82258.3828125,82262.859375,82136.78125,82257.5390625,0.0
2025-10-13 13:15:00+05:30,82256.0390625,82312.109375,82144.921875,82190.4765625,0.0
2025-10-13 13:30:00+05:30,82189.390625,82234.75,82181.3125,82221.0078125,0.0
2025-10-13 13:45:00+05:30,82220.84375,82272.59375,82156.71875,82166.5390625,0.0
2025-10-13 14:00:00+05:30,82171.96875,82311.84375,82171.96875,82261.671875,0.0
2025-10-13 14:15:00+05:30,82264.3984375,82437.359375,82217.9375,82416.0703125,0.0
2025-10-13 14:30:00+05:30,82416.1328125,82432.421875,82321.15625,82384.7890625,0.0
2025-10-13 14:45:00+05:30,82385.1171875,82432.15625,82332.890625,82398.03125,0.0
2025-10-13 15:00:00+05:30,82398.3671875,82398.71875,82273.03125,82292.0,0.0
2025-10-13 15:15:00+05:30,82289.1484375,82327.4765625,82289.1484375,82326.9375,0.0
2025-10-14 09:15:00+05:30,82421.609375,82569.7578125,82421.609375,82545.4375,0.0
2025-10-14 09:30:00+05:30,82546.03125,82559.8671875,82320.109375,82331.546875,0.0
2025-10-14 09:45:00+05:30,82327.9296875,82366.8984375,82200.578125,82211.640625,0.0
2025-10-14 10:00:00+05:30,82212.5625,82305.421875,82108.7578125,82182.4921875,0.0
2025-10-14 10:15:00+05:30,82179.7578125,82258.2578125,82083.8828125,82233.6015625,0.0
2025-10-14 10:30:00+05:30,82243.5625,82319.7421875,82195.5078125,82258.90625,0.0
2025-10-14 10:45:00+05:30,82258.90625,82350.140625,82215.578125,82236.8515625,0.0
2025-10-14 11:00:00+05:30,82245.6875,82246.6171875,82094.203125,82159.171875,0.0
2025-10-14 11:15:00+05:30,82160.1171875,82160.1171875,81954.9765625,82040.3203125,0.0
2025-10-14 11:30:00+05:30,82028.53125,82106.40625,81984.8203125,82069.0078125,0.0
2025-10-14 11:45:00+05:30,82069.8125,82124.2265625,82000.390625,82067.5234375,0.0
2025-10-14 12:00:00+05:30,82070.0390625,82144.4609375,81905.7734375,81956.53125,0.0
2025-10-14 12:15:00+05:30,81958.8828125,82001.640625,81870.828125,81870.828125,0.0
2025-10-14 12:30:00+05:30,81870.0625,81936.2578125,81782.2734375,81786.9296875,0.0
2025-10-14 12:45:00+05:30,81784.921875,81905.6484375,81784.3984375,81899.46875,0.0
2025-10-14 13:00:00+05:30,81899.46875,81922.1484375,81797.8125,81830.328125,0.0
2025-10-14 13:15:00+05:30,81830.34375,81895.890625,81826.3984375,81894.2109375,0.0
2025-10-14 13:30:00+05:30,81895.2109375,82030.25,81894.078125,81982.640625,0.0
2025-10-14 13:45:00+05:30,81981.78125,82011.2109375,81895.3515625,81958.328125,0.0
2025-10-14 14:00:00+05:30,81960.28125,82000.640625,81892.15625,81959.9765625,0.0
2025-10-14 14:15:00+05:30,81960.2421875,82068.921875,81900.9921875,82037.7265625,0.0
2025-10-14 14:30:00+05:30,82038.9609375,82208.75,82038.84375,82160.34375,0.0
2025-10-14 14:45:00+05:30,82160.34375,82204.4296875,82030.4765625,82129.1875,0.0
2025-10-14 15:00:00+05:30,82131.328125,82147.921875,82006.53125,82041.6015625,0.0
2025-10-14 15:15:00+05:30,82041.7109375,82079.828125,82029.9765625,82029.9765625,0.0
2025-10-15 09:15:00+05:30,82189.34375,82384.046875,82097.0078125,82345.96875,0.0
2025-10-15 09:30:00+05:30,82348.796875,82411.75,82206.3125,82228.5390625,0.0
2025-10-15 09:45:00+05:30,82231.1796875,82308.1171875,82158.4375,82205.609375,0.0
2025-10-15 10:00:00+05:30,82204.3828125,82341.953125,82200.03125,82334.8515625,0.0
2025-10-15 10:15:00+05:30,82337.5234375,82456.9296875,82324.59375,82407.34375,0.0
2025-10-15 10:30:00+05:30,82407.8515625,82512.4375,82406.46875,82458.140625,0.0
2025-10-15 10:45:00+05:30,82457.8671875,82539.1796875,82399.6015625,82537.296875,0.0
2025-10-15 11:00:00+05:30,82537.9921875,82595.796875,82435.59375,82462.390625,0.0
2025-10-15 11:15:00+05:30,82462.078125,82576.5625,82462.078125,82557.7734375,0.0
2025-10-15 11:30:00+05:30,82564.3125,82577.953125,82492.40625,82524.421875,0.0
2025-10-15 11:45:00+05:30,82524.421875,82547.703125,82456.0078125,82504.2734375,0.0
2025-10-15 12:00:00+05:30,82505.09375,82544.9375,82462.671875,82478.578125,0.0
2025-10-15 12:15:00+05:30,82477.7734375,82527.0,82417.9921875,82522.1484375,0.0
2025-10-15 12:30:00+05:30,82522.1484375,82560.9375,82487.4765625,82558.953125,0.0
2025-10-15 12:45:00+05:30,82560.609375,82617.28125,82526.296875,82603.296875,0.0
2025-10-15 13:00:00+05:30,82601.5625,82649.9296875,82568.9921875,82594.2578125,0.0
2025-10-15 13:15:00+05:30,82589.140625,82709.03125,82589.140625,82680.7890625,0.0
2025-10-15 13:30:00+05:30,82680.4375,82727.0234375,82666.1484375,82686.078125,0.0
2025-10-15 13:45:00+05:30,82685.8515625,82697.171875,82618.96875,82627.84375,0.0
2025-10-15 14:00:00+05:30,82628.109375,82637.0390625,82558.4765625,82606.2890625,0.0
2025-10-15 14:15:00+05:30,82606.2890625,82630.4765625,82552.796875,82619.2734375,0.0
2025-10-15 14:30:00+05:30,82619.2734375,82630.0625,82574.5078125,82608.1796875,0.0
2025-10-15 14:45:00+05:30,82607.171875,82619.953125,82469.421875,82555.8671875,0.0
2025-10-15 15:00:00+05:30,82555.71875,82620.7734375,82520.8125,82614.2734375,0.0
2025-10-15 15:15:00+05:30,82607.8671875,82607.8671875,82569.1796875,82604.7890625,0.0
2025-10-16 09:15:00+05:30,82794.7890625,83011.296875,82794.7890625,82949.1171875,0.0
2025-10-16 09:30:00+05:30,82949.90625,83025.421875,82898.71875,82982.921875,0.0
2025-10-16 09:45:00+05:30,82989.1875,83060.84375,82959.640625,82973.921875,0.0
2025-10-16 10:00:00+05:30,82974.46875,83035.84375,82945.09375,82976.0390625,0.0
2025-10-16 10:15:00+05:30,82977.6484375,83075.1015625,82934.8125,83053.3984375,0.0
2025-10-16 10:30:00+05:30,83053.15625,83089.71875,83029.390625,83084.5234375,0.0
2025-10-16 10:45:00+05:30,83085.3984375,83111.2890625,83047.046875,83109.0390625,0.0
2025-10-16 11:00:00+05:30,83109.2421875,83127.6171875,83055.671875,83061.7734375,0.0
2025-10-16 11:15:00+05:30,83063.7109375,83086.3515625,83043.1875,83066.921875,0.0
2025-10-16 11:30:00+05:30,83064.5703125,83091.7109375,83001.21875,83006.9609375,0.0
2025-10-16 11:45:00+05:30,83011.390625,83064.09375,82991.0234375,83006.7265625,0.0
2025-10-16 12:00:00+05:30,83005.0,83106.859375,82994.71875,83100.5390625,0.0
2025-10-16 12:15:00+05:30,83100.8125,83183.578125,83093.34375,83167.421875,0.0
2025-10-16 12:30:00+05:30,83170.8125,83246.7421875,83164.53125,83217.0625,0.0
2025-10-16 12:45:00+05:30,83217.421875,83240.2109375,83155.5703125,83186.1796875,0.0
2025-10-16 13:00:00+05:30,83186.53125,83261.3984375,83176.1328125,83249.3125,0.0
2025-10-16 13:15:00+05:30,83249.15625,83277.078125,83186.71875,83265.1484375,0.0
2025-10-16 13:30:00+05:30,83265.703125,83323.03125,83214.21875,83310.578125,0.0
2025-10-16 13:45:00+05:30,83310.9296875,83330.0703125,83260.3125,83309.25,0.0
2025-10-16 14:00:00+05:30,83312.140625,83441.203125,83304.109375,83371.8203125,0.0
2025-10-16 14:15:00+05:30,83373.7421875,83486.359375,83362.578125,83465.421875,0.0
2025-10-16 14:30:00+05:30,83464.703125,83571.7890625,83451.421875,83531.4375,0.0
2025-10-16 14:45:00+05:30,83535.7578125,83613.0,83467.0390625,83609.296875,0.0
2025-10-16 15:00:00+05:30,83613.5078125,83613.5078125,83363.078125,83373.171875,0.0
2025-10-16 15:15:00+05:30,83488.359375,83488.359375,83468.6875,83468.6875,0.0
2025-10-17 09:15:00+05:30,83334.328125,83548.6015625,83255.703125,83529.3671875,0.0
2025-10-17 09:30:00+05:30,83536.328125,83628.1796875,83509.390625,83612.59375,0.0
2025-10-17 09:45:00+05:30,83609.8125,83618.921875,83417.4296875,83550.09375,0.0
2025-10-17 10:00:00+05:30,83551.796875,83812.609375,83550.15625,83799.0625,0.0
2025-10-17 10:15:00+05:30,83799.34375,83840.4765625,83769.6328125,83796.5703125,0.0
2025-10-17 10:30:00+05:30,83805.4921875,83887.2421875,83788.90625,83856.65625,0.0
2025-10-17 10:45:00+05:30,83856.9375,84008.0703125,83833.8515625,84008.0703125,0.0
2025-10-17 11:00:00+05:30,84009.5234375,84097.359375,83978.5234375,84078.2578125,0.0
2025-10-17 11:15:00+05:30,84069.9609375,84132.5625,84040.9296875,84115.1875,0.0
2025-10-17 11:30:00+05:30,84120.71875,84162.2265625,84005.59375,84027.703125,0.0
2025-10-17 11:45:00+05:30,84033.2421875,84094.25,83934.40625,84065.0234375,0.0
2025-10-17 12:00:00+05:30,84066.59375,84125.5390625,84049.09375,84105.703125,0.0
2025-10-17 12:15:00+05:30,84106.046875,84172.2421875,84021.2421875,84162.3515625,0.0
2025-10-17 12:30:00+05:30,84163.203125,84167.25,84073.1328125,84094.140625,0.0
2025-10-17 12:45:00+05:30,84094.390625,84136.3515625,83851.96875,83914.78125,0.0
2025-10-17 13:00:00+05:30,83913.1015625,83959.5390625,83754.2265625,83793.3984375,0.0
2025-10-17 13:15:00+05:30,83793.578125,83948.171875,83778.1796875,83857.09375,0.0
2025-10-17 13:30:00+05:30,83860.8828125,83872.6171875,83621.578125,83798.3203125,0.0
2025-10-17 13:45:00+05:30,83797.7734375,83831.828125,83685.7265625,83821.5,0.0
2025-10-17 14:00:00+05:30,83823.671875,83971.96875,83816.2109375,83851.6328125,0.0
2025-10-17 14:15:00+05:30,83850.9921875,83989.90625,83797.453125,83820.2734375,0.0
2025-10-17 14:30:00+05:30,83820.546875,84051.28125,83806.5078125,84019.0078125,0.0
2025-10-17 14:45:00+05:30,84018.109375,84095.03125,83943.5703125,84009.2734375,0.0
2025-10-17 15:00:00+05:30,84009.96875,84011.0625,83914.0,83937.65625,0.0
2025-10-17 15:15:00+05:30,83959.65625,83963.2421875,83952.15625,83952.53125,0.0
2025-10-20 09:15:00+05:30,84302.9765625,84653.6015625,84302.9765625,84505.6875,0.0
2025-10-20 09:30:00+05:30,84501.796875,84557.1328125,84366.890625,84397.1171875,0.0
2025-10-20 09:45:00+05:30,84398.9921875,84409.3515625,84240.25,84302.3828125,0.0
2025-10-20 10:00:00+05:30,84299.90625,84463.109375,84269.59375,84460.203125,0.0
2025-10-20 10:15:00+05:30,84462.0078125,84474.15625,84360.0703125,84374.1328125,0.0
2025-10-20 10:30:00+05:30,84374.8671875,84499.8203125,84340.859375,84485.03125,0.0
2025-10-20 10:45:00+05:30,84491.09375,84556.5,84464.5390625,84525.6328125,0.0
2025-10-20 11:00:00+05:30,84526.6875,84549.2890625,84460.1328125,84473.4921875,0.0
2025-10-20 11:15:00+05:30,84482.5390625,84504.65625,84369.7734375,84440.2421875,0.0
2025-10-20 11:30:00+05:30,84442.171875,84473.6796875,84333.71875,84401.0625,0.0
2025-10-20 11:45:00+05:30,84397.1796875,84409.34375,84349.3125,84395.859375,0.0
2025-10-20 12:00:00+05:30,84396.0390625,84430.671875,84366.46875,84414.6796875,0.0
2025-10-20 12:15:00+05:30,84413.28125,84440.1171875,84343.6015625,84371.75,0.0
2025-10-20 12:30:00+05:30,84380.7265625,84452.0078125,84359.75,84434.1484375,0.0
2025-10-20 12:45:00+05:30,84435.2265625,84505.6171875,84419.421875,84494.2734375,0.0
2025-10-20 13:00:00+05:30,84494.2734375,84575.2421875,84493.046875,84556.4296875,0.0
2025-10-20 13:15:00+05:30,84554.7734375,84558.5,84466.3828125,84496.46875,0.0
2025-10-20 13:30:00+05:30,84499.46875,84529.6875,84457.6875,84470.1328125,0.0
2025-10-20 13:45:00+05:30,84475.84375,84489.390625,84348.8515625,84404.609375,0.0
2025-10-20 14:00:00+05:30,84406.1015625,84416.5390625,84351.1171875,84410.7578125,0.0
2025-10-20 14:15:00+05:30,84404.8671875,84487.1484375,84246.1328125,84265.5,0.0
2025-10-20 14:30:00+05:30,84263.140625,84342.3828125,84230.078125,84258.3203125,0.0
2025-10-20 14:45:00+05:30,84256.21875,84333.9921875,84197.2890625,84278.5703125,0.0
2025-10-20 15:00:00+05:30,84278.5703125,84418.2734375,84256.5390625,84362.15625,0.0
2025-10-20 15:15:00+05:30,84348.09375,84364.8984375,84334.7421875,84363.3671875,0.0
2025-10-21 13:30:00+05:30,84484.671875,84484.671875,84484.671875,84484.671875,0.0
2025-10-21 13:45:00+05:30,84525.453125,84660.453125,84436.671875,84500.1171875,0.0
2025-10-21 14:00:00+05:30,84501.203125,84550.921875,84450.0390625,84543.1171875,0.0
2025-10-21 14:15:00+05:30,84542.3125,84574.8125,84449.5625,84453.203125,0.0
2025-10-21 14:30:00+05:30,84456.75,84456.75,84289.5078125,84308.03125,0.0
2025-10-21 14:45:00+05:30,84310.453125,84426.34375,84310.453125,84426.34375,0.0
2025-10-23 09:15:00+05:30,85126.9375,85126.9375,84869.7734375,85084.0390625,0.0
2025-10-23 09:30:00+05:30,85088.59375,85218.2734375,85085.203125,85156.671875,0.0
2025-10-23 09:45:00+05:30,85156.71875,85200.3828125,85033.4921875,85102.90625,0.0
2025-10-23 10:00:00+05:30,85102.9921875,85271.671875,85099.53125,85267.2109375,0.0
2025-10-23 10:15:00+05:30,85268.140625,85268.140625,85148.46875,85148.46875,0.0
2025-10-23 10:30:00+05:30,85150.6171875,85198.8828125,85105.1015625,85145.90625,0.0
2025-10-23 10:45:00+05:30,85144.703125,85145.3203125,85054.15625,85117.046875,0.0
2025-10-23 11:00:00+05:30,85114.84375,85171.28125,85035.4765625,85080.46875,0.0
2025-10-23 11:15:00+05:30,85081.34375,85123.6796875,85051.796875,85055.9609375,0.0
2025-10-23 11:30:00+05:30,85062.9296875,85109.6875,85044.7265625,85090.4765625,0.0
2025-10-23 11:45:00+05:30,85089.9375,85193.7109375,85089.6875,85192.75,0.0
2025-10-23 12:00:00+05:30,85192.6875,85199.671875,85119.890625,85178.0625,0.0
2025-10-23 12:15:00+05:30,85175.9609375,85231.046875,85140.03125,85206.9375,0.0
2025-10-23 12:30:00+05:30,85206.5234375,85254.84375,85180.7265625,85206.4375,0.0
2025-10-23 12:45:00+05:30,85204.2734375,85288.09375,85112.703125,85115.953125,0.0
2025-10-23 13:00:00+05:30,85111.0390625,85154.09375,85036.9921875,85104.578125,0.0
2025-10-23 13:15:00+05:30,85104.6015625,85195.9765625,85052.1328125,85074.890625,0.0
2025-10-23 13:30:00+05:30,85071.8828125,85095.09375,84914.0,85005.796875,0.0
2025-10-23 13:45:00+05:30,85005.84375,85057.3984375,84884.9609375,84908.40625,0.0
2025-10-23 14:00:00+05:30,84902.2734375,84906.703125,84739.859375,84767.5625,0.0
2025-10-23 14:15:00+05:30,84767.2734375,84800.8125,84660.2421875,84700.6875,0.0
2025-10-23 14:30:00+05:30,84700.28125,84884.6875,84661.453125,84858.171875,0.0
2025-10-23 14:45:00+05:30,84858.296875,84900.25,84742.390625,84770.953125,0.0
2025-10-23 15:00:00+05:30,84771.4375,84777.15625,84446.2421875,84474.8671875,0.0
2025-10-23 15:15:00+05:30,84469.34375,84566.53125,84469.34375,84556.3984375,0.0
2025-10-24 09:15:00+05:30,84666.78125,84673.5703125,84394.1875,84521.9921875,0.0
2025-10-24 09:30:00+05:30,84516.3125,84601.2109375,84429.0703125,84557.203125,0.0
2025-10-24 09:45:00+05:30,84557.203125,84567.3203125,84432.78125,84536.359375,0.0
2025-10-24 10:00:00+05:30,84535.546875,84576.1796875,84489.421875,84491.609375,0.0
2025-10-24 10:15:00+05:30,84489.84375,84494.2421875,84316.28125,84324.953125,0.0
2025-10-24 10:30:00+05:30,84324.5234375,84367.5703125,84277.328125,84300.109375,0.0
2025-10-24 10:45:00+05:30,84294.46875,84341.828125,84280.6015625,84321.921875,0.0
2025-10-24 11:00:00+05:30,84321.921875,84361.40625,84245.6875,84342.0234375,0.0
2025-10-24 11:15:00+05:30,84341.7421875,84357.2734375,84273.328125,84275.3671875,0.0
2025-10-24 11:30:00+05:30,84275.3671875,84398.6015625,84202.0,84382.8828125,0.0
2025-10-24 11:45:00+05:30,84378.546875,84424.65625,84328.8203125,84333.703125,0.0
2025-10-24 12:00:00+05:30,84333.3125,84440.171875,84303.703125,84432.5078125,0.0
2025-10-24 12:15:00+05:30,84432.109375,84492.2421875,84374.0234375,84380.6171875,0.0
2025-10-24 12:30:00+05:30,84380.3671875,84428.65625,84317.90625,84380.09375,0.0
2025-10-24 12:45:00+05:30,84379.8984375,84392.859375,84254.40625,84270.453125,0.0
2025-10-24 13:00:00+05:30,84270.15625,84345.359375,84267.328125,84330.5625,0.0
2025-10-24 13:15:00+05:30,84328.5390625,84347.1328125,84135.9296875,84136.421875,0.0
2025-10-24 13:30:00+05:30,84137.3984375,84208.25,83968.25,83972.921875,0.0
2025-10-24 13:45:00+05:30,83973.59375,84070.921875,83959.1015625,84054.5390625,0.0
2025-10-24 14:00:00+05:30,84053.453125,84157.75,84037.9296875,84106.7890625,0.0
2025-10-24 14:15:00+05:30,84106.7421875,84163.71875,84069.859375,84160.15625,0.0
2025-10-24 14:30:00+05:30,84159.4609375,84196.5390625,84061.0078125,84093.46875,0.0
2025-10-24 14:45:00+05:30,84093.46875,84111.0,84028.453125,84040.21875,0.0
2025-10-24 15:00:00+05:30,84050.109375,84276.046875,84050.109375,84243.78125,0.0
2025-10-24 15:15:00+05:30,84242.890625,84242.890625,84194.3125,84212.078125,0.0
2025-10-27 09:15:00+05:30,84297.390625,84531.2734375,84296.328125,84510.546875,0.0
2025-10-27 09:30:00+05:30,84511.296875,84715.390625,84502.7265625,84686.609375,0.0
2025-10-27 09:45:00+05:30,84687.609375,84706.2578125,84650.5703125,84677.796875,0.0
2025-10-27 10:00:00+05:30,84678.6796875,84809.453125,84625.640625,84774.15625,0.0
2025-10-27 10:15:00+05:30,84775.5703125,84838.5625,84765.1484375,84799.25,0.0
2025-10-27 10:30:00+05:30,84804.890625,84811.3984375,84735.46875,84789.8515625,0.0
2025-10-27 10:45:00+05:30,84793.1875,84805.71875,84743.4609375,84799.3125,0.0
2025-10-27 11:00:00+05:30,84797.6328125,84849.75,84783.609375,84834.546875,0.0
2025-10-27 11:15:00+05:30,84834.6875,84872.296875,84799.828125,84842.7109375,0.0
2025-10-27 11:30:00+05:30,84842.3828125,84843.2109375,84767.890625,84772.5390625,0.0
2025-10-27 11:45:00+05:30,84768.6171875,84886.0703125,84719.109375,84886.0703125,0.0
2025-10-27 12:00:00+05:30,84886.2734375,84932.078125,84875.8203125,84886.34375,0.0
2025-10-27 12:15:00+05:30,84885.53125,84915.6015625,84795.4609375,84807.390625,0.0
2025-10-27 12:30:00+05:30,84807.78125,84838.3125,84776.46875,84811.328125,0.0
2025-10-27 12:45:00+05:30,84811.328125,84840.78125,84766.453125,84799.9921875,0.0
2025-10-27 13:00:00+05:30,84800.8671875,84814.3203125,84739.671875,84776.6484375,0.0
2025-10-27 13:15:00+05:30,84776.6484375,84778.28125,84604.8515625,84689.90625,0.0
2025-10-27 13:30:00+05:30,84689.2890625,84689.2890625,84612.96875,84682.8125,0.0
2025-10-27 13:45:00+05:30,84682.0390625,84771.859375,84667.890625,84737.5625,0.0
2025-10-27 14:00:00+05:30,84737.2734375,84765.0234375,84664.8828125,84667.1796875,0.0
2025-10-27 14:15:00+05:30,84658.5,84838.671875,84658.5,84797.3203125,0.0
2025-10-27 14:30:00+05:30,84798.0625,84849.7578125,84750.7734375,84776.609375,0.0
2025-10-27 14:45:00+05:30,84784.6171875,84805.109375,84635.328125,84762.296875,0.0
2025-10-27 15:00:00+05:30,84763.578125,84803.71875,84698.5078125,84764.03125,0.0
2025-10-27 15:15:00+05:30,84764.3828125,84778.96875,84756.828125,84778.953125,0.0
2025-10-28 09:15:00+05:30,84661.5,84901.1171875,84661.5,84825.8984375,0.0
2025-10-28 09:30:00+05:30,84826.5625,84986.9375,84808.359375,84917.4296875,0.0
2025-10-28 09:45:00+05:30,84920.9609375,84954.6171875,84701.0625,84737.328125,0.0
2025-10-28 10:00:00+05:30,84732.828125,84734.6484375,84473.2421875,84562.3671875,0.0
2025-10-28 10:15:00+05:30,84562.953125,84567.6328125,84465.8984375,84536.53125,0.0
2025-10-28 10:30:00+05:30,84535.1796875,84541.34375,84395.828125,84484.4296875,0.0
2025-10-28 10:45:00+05:30,84485.2421875,84532.7734375,84366.578125,84404.6328125,0.0
2025-10-28 11:00:00+05:30,84404.203125,84407.0625,84297.90625,84353.1328125,0.0
2025-10-28 11:15:00+05:30,84352.8203125,84485.03125,84317.140625,84443.2421875,0.0
2025-10-28 11:30:00+05:30,84442.390625,84482.6328125,84401.890625,84406.8828125,0.0
2025-10-28 11:45:00+05:30,84407.2265625,84483.2890625,84328.15625,84328.15625,0.0
2025-10-28 12:00:00+05:30,84315.8515625,84340.5625,84227.8515625,84324.9765625,0.0
2025-10-28 12:15:00+05:30,84319.5625,84411.703125,84273.4765625,84393.1328125,0.0
2025-10-28 12:30:00+05:30,84392.03125,84591.9375,84356.8515625,84568.078125,0.0
2025-10-28 12:45:00+05:30,84567.8828125,84651.5390625,84521.7734375,84598.1796875,0.0
2025-10-28 13:00:00+05:30,84598.046875,84650.4765625,84510.4296875,84597.78125,0.0
2025-10-28 13:15:00+05:30,84597.90625,84694.2734375,84493.9765625,84632.71875,0.0
2025-10-28 13:30:00+05:30,84631.5078125,84680.1015625,84450.9375,84461.1796875,0.0
2025-10-28 13:45:00+05:30,84452.296875,84478.6484375,84353.1796875,84457.96875,0.0
2025-10-28 14:00:00+05:30,84459.53125,84502.4921875,84325.328125,84415.34375,0.0
2025-10-28 14:15:00+05:30,84416.4375,84424.109375,84219.6328125,84278.3203125,0.0
2025-10-28 14:30:00+05:30,84279.6015625,84341.578125,84232.140625,84271.75,0.0
2025-10-28 14:45:00+05:30,84272.6015625,84402.03125,84237.9765625,84361.0,0.0
2025-10-28 15:00:00+05:30,84359.5390625,84663.921875,84359.5390625,84655.0625,0.0
2025-10-28 15:15:00+05:30,84655.0625,84655.0625,84567.453125,84627.9765625,0.0
2025-10-29 09:15:00+05:30,84714.2734375,84914.140625,84688.5703125,84829.28125,0.0
2025-10-29 09:30:00+05:30,84830.0,84890.6875,84639.2109375,84675.5078125,0.0
2025-10-29 09:45:00+05:30,84674.0390625,84777.0078125,84652.046875,84719.9609375,0.0
2025-10-29 10:00:00+05:30,84718.390625,84837.8203125,84716.5390625,84779.6171875,0.0
2025-10-29 10:15:00+05:30,84778.7421875,84946.046875,84740.2421875,84942.75,0.0
2025-10-29 10:30:00+05:30,84943.203125,85001.9609375,84904.3203125,84929.9375,0.0
2025-10-29 10:45:00+05:30,84934.5703125,84949.4921875,84825.640625,84911.7109375,0.0
2025-10-29 11:00:00+05:30,84911.6015625,84938.546875,84832.296875,84853.2734375,0.0
2025-10-29 11:15:00+05:30,84852.7421875,84952.0078125,84802.96875,84909.171875,0.0
2025-10-29 11:30:00+05:30,84905.1015625,84973.2109375,84855.0390625,84936.6484375,0.0
2025-10-29 11:45:00+05:30,84937.046875,84974.1484375,84850.5703125,84881.7890625,0.0
2025-10-29 12:00:00+05:30,84881.6015625,84996.7890625,84851.109375,84976.328125,0.0
2025-10-29 12:15:00+05:30,84974.3125,84992.9375,84927.5625,84981.203125,0.0
2025-10-29 12:30:00+05:30,84979.8984375,85025.171875,84959.328125,85010.3515625,0.0
2025-10-29 12:45:00+05:30,85010.3515625,85041.859375,84990.1875,85014.828125,0.0
2025-10-29 13:00:00+05:30,85014.0234375,85047.0078125,84956.296875,85037.3125,0.0
2025-10-29 13:15:00+05:30,85035.8203125,85055.421875,84998.7734375,85004.828125,0.0
2025-10-29 13:30:00+05:30,85000.4375,85102.078125,84991.296875,85034.6171875,0.0
2025-10-29 13:45:00+05:30,85033.71875,85074.328125,85009.640625,85009.6875,0.0
2025-10-29 14:00:00+05:30,85006.2421875,85016.890625,84943.7421875,84978.890625,0.0
2025-10-29 14:15:00+05:30,84978.3984375,85077.3125,84964.671875,84999.8515625,0.0
2025-10-29 14:30:00+05:30,84998.828125,85026.7578125,84971.7890625,84995.71875,0.0
2025-10-29 14:45:00+05:30,84996.8203125,85008.25,84873.6328125,84971.2890625,0.0
2025-10-29 15:00:00+05:30,84971.109375,84982.46875,84939.0078125,84959.8515625,0.0
2025-10-29 15:15:00+05:30,84963.46875,84997.2265625,84960.890625,84997.1328125,0.0
2025-10-30 09:15:00+05:30,84772.7578125,84906.59375,84701.578125,84735.0390625,0.0
2025-10-30 09:30:00+05:30,84734.15625,84741.7578125,84548.21875,84578.2265625,0.0
2025-10-30 09:45:00+05:30,84578.8828125,84655.84375,84467.2890625,84530.21875,0.0
2025-10-30 10:00:00+05:30,84532.8203125,84726.3125,84499.5,84723.5,0.0
2025-10-30 10:15:00+05:30,84723.1875,84728.546875,84610.578125,84637.2421875,0.0
2025-10-30 10:30:00+05:30,84634.1015625,84645.109375,84532.7109375,84563.9765625,0.0
2025-10-30 10:45:00+05:30,84570.2265625,84610.59375,84528.7734375,84535.390625,0.0
2025-10-30 11:00:00+05:30,84538.890625,84672.421875,84523.0,84667.0390625,0.0
2025-10-30 11:15:00+05:30,84669.953125,84749.390625,84637.1328125,84688.03125,0.0
2025-10-30 11:30:00+05:30,84687.90625,84689.90625,84581.2734375,84602.21875,0.0
2025-10-30 11:45:00+05:30,84602.21875,84640.7890625,84492.5703125,84503.5703125,0.0
2025-10-30 12:00:00+05:30,84507.390625,84566.9765625,84505.3828125,84552.0078125,0.0
2025-10-30 12:15:00+05:30,84551.09375,84592.1796875,84477.0,84573.8515625,0.0
2025-10-30 12:30:00+05:30,84574.0234375,84576.796875,84481.328125,84548.3125,0.0
2025-10-30 12:45:00+05:30,84547.953125,84568.546875,84507.5625,84507.5625,0.0
2025-10-30 13:00:00+05:30,84507.5625,84567.171875,84494.2578125,84566.9296875,0.0
2025-10-30 13:15:00+05:30,84567.15625,84617.21875,84478.3828125,84499.0234375,0.0
2025-10-30 13:30:00+05:30,84497.9921875,84508.21875,84384.390625,84438.671875,0.0
2025-10-30 13:45:00+05:30,84432.296875,84477.8515625,84403.4921875,84472.15625,0.0
2025-10-30 14:00:00+05:30,84472.1171875,84476.453125,84395.2109375,84470.7578125,0.0
2025-10-30 14:15:00+05:30,84470.2109375,84535.7109375,84410.1015625,84498.8203125,0.0
2025-10-30 14:30:00+05:30,84494.4296875,84525.796875,84418.7109375,84498.75,0.0
2025-10-30 14:45:00+05:30,84498.75,84516.6875,84312.6484375,84373.140625,0.0
2025-10-30 15:00:00+05:30,84380.9296875,84450.0703125,84321.2890625,84371.5625,0.0
2025-10-30 15:15:00+05:30,84372.859375,84404.4609375,84372.859375,84404.4609375,0.0
2025-10-31 09:15:00+05:30,84383.8828125,84600.4296875,84259.078125,84581.34375,0.0
2025-10-31 09:30:00+05:30,84580.71875,84711.109375,84566.8203125,84589.8984375,0.0
2025-10-31 09:45:00+05:30,84591.21875,84624.78125,84554.609375,84610.828125,0.0
2025-10-31 10:00:00+05:30,84610.828125,84618.1875,84393.171875,84440.2890625,0.0
2025-10-31 10:15:00+05:30,84440.2890625,84440.2890625,84244.4296875,84293.25,0.0
2025-10-31 10:30:00+05:30,84290.390625,84292.109375,84119.359375,84216.9765625,0.0
2025-10-31 10:45:00+05:30,84216.34375,84245.578125,84148.828125,84166.4375,0.0
2025-10-31 11:00:00+05:30,84165.5703125,84168.921875,84045.7734375,84080.4765625,0.0
2025-10-31 11:15:00+05:30,84081.6484375,84145.90625,84060.6484375,84095.0703125,0.0
2025-10-31 11:30:00+05:30,84092.1796875,84193.90625,84074.3125,84189.4296875,0.0
2025-10-31 11:45:00+05:30,84190.7890625,84244.8125,84142.640625,84230.7734375,0.0
2025-10-31 12:00:00+05:30,84231.40625,84292.40625,84164.75,84171.1875,0.0
2025-10-31 12:15:00+05:30,84173.328125,84210.21875,84117.2734375,84129.4375,0.0
2025-10-31 12:30:00+05:30,84129.359375,84197.8984375,84110.2578125,84143.0078125,0.0
2025-10-31 12:45:00+05:30,84144.921875,84189.8203125,84123.2890625,84156.3828125,0.0
2025-10-31 13:00:00+05:30,84158.5390625,84234.1015625,84146.4609375,84189.453125,0.0
2025-10-31 13:15:00+05:30,84189.5234375,84216.140625,84096.9296875,84110.6484375,0.0
2025-10-31 13:30:00+05:30,84110.84375,84129.84375,84041.6171875,84053.9609375,0.0
2025-10-31 13:45:00+05:30,84053.1484375,84122.078125,84022.6484375,84098.5625,0.0
2025-10-31 14:00:00+05:30,84100.15625,84145.03125,84061.5625,84102.25,0.0
2025-10-31 14:15:00+05:30,84101.546875,84128.546875,84011.8203125,84128.2890625,0.0
2025-10-31 14:30:00+05:30,84128.3671875,84137.9296875,84030.0078125,84066.21875,0.0
2025-10-31 14:45:00+05:30,84066.0625,84076.78125,83994.3828125,84035.1015625,0.0
2025-10-31 15:00:00+05:30,84035.296875,84035.296875,83905.7890625,83917.7421875,0.0
2025-10-31 15:15:00+05:30,83917.3671875,83947.3125,83917.3671875,83938.0703125,0.0
2025-11-03 09:15:00+05:30,83829.140625,83946.84375,83677.78125,83708.859375,0.0
2025-11-03 09:30:00+05:30,83708.078125,83921.0,83612.203125,83877.421875,0.0
2025-11-03 09:45:00+05:30,83876.75,83993.3671875,83875.1484375,83993.3671875,0.0
2025-11-03 10:00:00+05:30,83996.7734375,84005.703125,83812.78125,83828.5703125,0.0
2025-11-03 10:15:00+05:30,83826.6015625,83891.03125,83772.21875,83891.03125,0.0
2025-11-03 10:30:00+05:30,83888.1484375,84039.3203125,83864.5390625,84037.2265625,0.0
2025-11-03 10:45:00+05:30,84039.796875,84051.8203125,83936.9765625,83986.2734375,0.0
2025-11-03 11:00:00+05:30,83987.8203125,84022.09375,83957.3125,83986.84375,0.0
2025-11-03 11:15:00+05:30,83987.9609375,84018.1484375,83956.34375,83984.90625,0.0
2025-11-03 11:30:00+05:30,83988.171875,84007.6171875,83880.7421875,83883.0390625,0.0
2025-11-03 11:45:00+05:30,83882.5078125,83948.0,83841.390625,83900.3203125,0.0
2025-11-03 12:00:00+05:30,83903.9375,83914.0234375,83804.6328125,83804.671875,0.0
2025-11-03 12:15:00+05:30,83804.3671875,83917.7109375,83798.1875,83828.328125,0.0
2025-11-03 12:30:00+05:30,83829.0234375,83902.3984375,83772.5,83892.3125,0.0
2025-11-03 12:45:00+05:30,83892.75,83957.28125,83880.109375,83944.96875,0.0
2025-11-03 13:00:00+05:30,83946.0625,83965.3671875,83903.1796875,83938.6875,0.0
2025-11-03 13:15:00+05:30,83937.3515625,83988.921875,83904.2734375,83959.84375,0.0
2025-11-03 13:30:00+05:30,83959.140625,84016.1328125,83948.859375,83971.453125,0.0
2025-11-03 13:45:00+05:30,83972.40625,84005.7109375,83876.71875,83993.2265625,0.0
2025-11-03 14:00:00+05:30,83995.171875,84038.0625,83941.2421875,84023.03125,0.0
2025-11-03 14:15:00+05:30,84020.9765625,84124.390625,84014.53125,84070.0703125,0.0
2025-11-03 14:30:00+05:30,84069.5078125,84077.6171875,84004.359375,84011.1875,0.0
2025-11-03 14:45:00+05:30,84012.21875,84023.4921875,83885.921875,83965.5703125,0.0
2025-11-03 15:00:00+05:30,83956.59375,84008.46875,83928.96875,83993.1328125,0.0
2025-11-03 15:15:00+05:30,83994.5234375,83994.5234375,83958.296875,83978.5,0.0
2025-11-04 09:15:00+05:30,84012.890625,84066.703125,83883.6015625,83893.828125,0.0
2025-11-04 09:30:00+05:30,83894.9609375,83894.9609375,83783.9296875,83855.0625,0.0
2025-11-04 09:45:00+05:30,83856.15625,83856.15625,83753.03125,83815.46875,0.0
2025-11-04 10:00:00+05:30,83816.09375,83879.296875,83780.7734375,83799.578125,0.0
2025-11-04 10:15:00+05:30,83799.578125,83847.3125,83711.890625,83831.421875,0.0
2025-11-04 10:30:00+05:30,83831.296875,83869.078125,83794.8203125,83794.8203125,0.0
2025-11-04 10:45:00+05:30,83797.03125,83855.2421875,83779.96875,83849.2421875,0.0
2025-11-04 11:00:00+05:30,83848.890625,83898.2890625,83742.84375,83765.7421875,0.0
2025-11-04 11:15:00+05:30,83765.7421875,83783.546875,83678.25,83752.9765625,0.0
2025-11-04 11:30:00+05:30,83753.3671875,83765.40625,83653.65625,83681.109375,0.0
2025-11-04 11:45:00+05:30,83681.109375,83735.828125,83679.328125,83704.15625,0.0
2025-11-04 12:00:00+05:30,83704.1328125,83746.796875,83698.421875,83742.8984375,0.0
2025-11-04 12:15:00+05:30,83744.1328125,83771.1328125,83709.921875,83722.5078125,0.0
2025-11-04 12:30:00+05:30,83718.578125,83743.0234375,83691.328125,83735.2109375,0.0
2025-11-04 12:45:00+05:30,83734.640625,83781.5078125,83663.3984375,83687.6171875,0.0
2025-11-04 13:00:00+05:30,83688.2734375,83750.4921875,83658.3828125,83682.53125,0.0
2025-11-04 13:15:00+05:30,83682.0078125,83722.71875,83626.53125,83718.8984375,0.0
2025-11-04 13:30:00+05:30,83720.953125,83748.1328125,83659.859375,83728.09375,0.0
2025-11-04 13:45:00+05:30,83723.7890625,83729.890625,83657.203125,83675.8203125,0.0
2025-11-04 14:00:00+05:30,83675.8203125,83677.578125,83514.9921875,83529.46875,0.0
2025-11-04 14:15:00+05:30,83529.65625,83565.7578125,83473.75,83538.2265625,0.0
2025-11-04 14:30:00+05:30,83540.5234375,83599.671875,83523.578125,83523.578125,0.0
2025-11-04 14:45:00+05:30,83523.578125,83547.40625,83455.1796875,83526.2265625,0.0
2025-11-04 15:00:00+05:30,83526.390625,83570.0625,83448.109375,83491.671875,0.0
2025-11-04 15:15:00+05:30,83489.78125,83489.78125,83459.109375,83459.109375,0.0
2025-11-06 09:15:00+05:30,83555.84375,83844.46875,83555.84375,83651.8984375,0.0
2025-11-06 09:30:00+05:30,83652.2265625,83669.796875,83562.5390625,83608.953125,0.0
2025-11-06 09:45:00+05:30,83606.140625,83698.921875,83537.5234375,83695.671875,0.0
2025-11-06 10:00:00+05:30,83698.84375,83719.8125,83386.0390625,83422.3515625,0.0
2025-11-06 10:15:00+05:30,83420.078125,83447.3984375,83389.1796875,83415.7109375,0.0
2025-11-06 10:30:00+05:30,83412.6875,83437.8984375,83358.2421875,83412.3203125,0.0
2025-11-06 10:45:00+05:30,83415.3828125,83512.2578125,83405.421875,83490.140625,0.0
2025-11-06 11:00:00+05:30,83490.1015625,83534.453125,83444.7734375,83465.2890625,0.0
2025-11-06 11:15:00+05:30,83466.9296875,83476.0703125,83392.1484375,83420.4765625,0.0
2025-11-06 11:30:00+05:30,83421.90625,83432.3515625,83374.0234375,83410.8515625,0.0
2025-11-06 11:45:00+05:30,83411.09375,83489.0703125,83395.8203125,83488.5390625,0.0
2025-11-06 12:00:00+05:30,83487.5,83526.6796875,83426.7734375,83448.171875,0.0
2025-11-06 12:15:00+05:30,83445.640625,83503.59375,83380.8203125,83428.2265625,0.0
2025-11-06 12:30:00+05:30,83429.109375,83527.40625,83419.796875,83477.6484375,0.0
2025-11-06 12:45:00+05:30,83478.046875,83637.6171875,83462.96875,83565.890625,0.0
2025-11-06 13:00:00+05:30,83572.96875,83660.03125,83453.2421875,83554.0625,0.0
2025-11-06 13:15:00+05:30,83554.0625,83613.6015625,83529.8125,83560.6484375,0.0
2025-11-06 13:30:00+05:30,83560.671875,83616.6484375,83477.328125,83494.109375,0.0
2025-11-06 13:45:00+05:30,83496.7265625,83534.4921875,83331.828125,83431.828125,0.0
2025-11-06 14:00:00+05:30,83425.421875,83454.2109375,83373.078125,83450.25,0.0
2025-11-06 14:15:00+05:30,83451.9296875,83459.5703125,83363.2265625,83411.78125,0.0
2025-11-06 14:30:00+05:30,83411.6015625,83479.0078125,83359.59375,83415.0234375,0.0
2025-11-06 14:45:00+05:30,83413.7734375,83477.6015625,83373.1171875,83448.84375,0.0
2025-11-06 15:00:00+05:30,83452.9609375,83452.9609375,83240.0625,83313.859375,0.0
2025-11-06 15:15:00+05:30,83322.34375,83324.25,83308.2578125,83310.96875,0.0
2025-11-07 09:15:00+05:30,83148.7578125,83148.7578125,82681.2265625,82769.140625,0.0
2025-11-07 09:30:00+05:30,82768.2421875,82809.390625,82672.3125,82805.9609375,0.0
2025-11-07 09:45:00+05:30,82804.7578125,82911.5234375,82737.890625,82743.671875,0.0
2025-11-07 10:00:00+05:30,82744.296875,82800.90625,82681.40625,82762.75,0.0
2025-11-07 10:15:00+05:30,82763.5625,82807.1171875,82728.2578125,82807.1171875,0.0
2025-11-07 10:30:00+05:30,82804.7890625,82876.7109375,82765.921875,82857.6875,0.0
2025-11-07 10:45:00+05:30,82857.6875,82872.7578125,82775.296875,82778.9609375,0.0
2025-11-07 11:00:00+05:30,82781.09375,82965.1796875,82768.109375,82958.9375,0.0
2025-11-07 11:15:00+05:30,82959.421875,83062.03125,82948.4609375,83057.46875,0.0
2025-11-07 11:30:00+05:30,83055.328125,83161.2890625,83052.140625,83081.2578125,0.0
2025-11-07 11:45:00+05:30,83080.1015625,83107.5390625,82999.78125,83044.1015625,0.0
2025-11-07 12:00:00+05:30,83044.4375,83107.9921875,83018.78125,83099.578125,0.0
2025-11-07 12:15:00+05:30,83096.7265625,83141.2734375,83082.3203125,83094.5703125,0.0
2025-11-07 12:30:00+05:30,83095.8125,83181.46875,83095.8125,83167.7109375,0.0
2025-11-07 12:45:00+05:30,83170.296875,83238.609375,83149.890625,83201.0625,0.0
2025-11-07 13:00:00+05:30,83201.3203125,83230.53125,83155.4296875,83184.109375,0.0
2025-11-07 13:15:00+05:30,83182.9375,83360.09375,83179.890625,83336.0625,0.0
2025-11-07 13:30:00+05:30,83337.8203125,83382.40625,83313.953125,83359.0234375,0.0
2025-11-07 13:45:00+05:30,83359.859375,83390.109375,83215.5625,83215.84375,0.0
2025-11-07 14:00:00+05:30,83216.2265625,83228.5703125,83069.703125,83155.1875,0.0
2025-11-07 14:15:00+05:30,83154.5234375,83357.2734375,83150.3828125,83354.1171875,0.0
2025-11-07 14:30:00+05:30,83353.4765625,83373.109375,83260.8515625,83283.5,0.0
2025-11-07 14:45:00+05:30,83281.25,83281.2890625,83182.75,83203.0703125,0.0
2025-11-07 15:00:00+05:30,83204.5703125,83223.8203125,83144.328125,83175.4921875,0.0
2025-11-07 15:15:00+05:30,83183.921875,83217.9921875,83177.859375,83216.28125,0.0
2025-11-10 09:15:00+05:30,83251.1328125,83523.1484375,83240.6328125,83351.046875,0.0
2025-11-10 09:30:00+05:30,83350.1328125,83491.9375,83350.1328125,83400.0078125,0.0
2025-11-10 09:45:00+05:30,83397.109375,83552.8671875,83392.78125,83460.4765625,0.0
2025-11-10 10:00:00+05:30,83458.8515625,83508.8984375,83407.46875,83496.7421875,0.0
2025-11-10 10:15:00+05:30,83498.640625,83663.9609375,83496.1796875,83632.0078125,0.0
2025-11-10 10:30:00+05:30,83635.28125,83660.21875,83568.796875,83582.6015625,0.0
2025-11-10 10:45:00+05:30,83582.6015625,83621.1484375,83537.34375,83609.4609375,0.0
2025-11-10 11:00:00+05:30,83605.8671875,83675.359375,83604.3984375,83659.6875,0.0
2025-11-10 11:15:00+05:30,83660.421875,83736.53125,83649.640625,83733.9765625,0.0
2025-11-10 11:30:00+05:30,83728.2734375,83734.6015625,83662.21875,83670.3125,0.0
2025-11-10 11:45:00+05:30,83669.5234375,83706.796875,83637.8671875,83644.4296875,0.0
2025-11-10 12:00:00+05:30,83644.21875,83715.1875,83618.9765625,83652.828125,0.0
2025-11-10 12:15:00+05:30,83652.828125,83702.1875,83605.703125,83682.59375,0.0
2025-11-10 12:30:00+05:30,83682.0234375,83721.7890625,83665.15625,83714.9765625,0.0
2025-11-10 12:45:00+05:30,83715.15625,83745.171875,83708.0234375,83731.1015625,0.0
2025-11-10 13:00:00+05:30,83732.171875,83754.4921875,83669.34375,83679.6015625,0.0
2025-11-10 13:15:00+05:30,83676.203125,83716.4296875,83647.9765625,83686.890625,0.0
2025-11-10 13:30:00+05:30,83686.890625,83709.28125,83618.9375,83621.03125,0.0
2025-11-10 13:45:00+05:30,83619.4609375,83619.6875,83517.1328125,83584.5234375,0.0
2025-11-10 14:00:00+05:30,83583.171875,83653.859375,83573.3671875,83639.640625,0.0
2025-11-10 14:15:00+05:30,83643.0234375,83737.0390625,83642.3125,83701.15625,0.0
2025-11-10 14:30:00+05:30,83701.0703125,83716.7890625,83594.390625,83595.7578125,0.0
2025-11-10 14:45:00+05:30,83595.7578125,83647.4609375,83577.0234375,83619.546875,0.0
2025-11-10 15:00:00+05:30,83619.890625,83628.9609375,83481.40625,83484.796875,0.0
2025-11-10 15:15:00+05:30,83483.578125,83554.7890625,83483.578125,83535.3515625,0.0
2025-11-11 09:15:00+05:30,83623.5390625,83715.40625,83318.421875,83360.0078125,0.0
2025-11-11 09:30:00+05:30,83358.4765625,83391.296875,83253.546875,83386.5078125,0.0
2025-11-11 09:45:00+05:30,83387.71875,83394.59375,83249.7890625,83344.3125,0.0
2025-11-11 10:00:00+05:30,83346.4765625,83410.34375,83301.859375,83301.859375,0.0
2025-11-11 10:15:00+05:30,83299.6171875,83319.640625,83245.3125,83257.6875,0.0
2025-11-11 10:30:00+05:30,83257.3515625,83257.3515625,83124.03125,83149.15625,0.0
2025-11-11 10:45:00+05:30,83150.2734375,83264.859375,83126.328125,83264.7890625,0.0
2025-11-11 11:00:00+05:30,83264.5078125,83271.3515625,83214.40625,83218.921875,0.0
2025-11-11 11:15:00+05:30,83218.8984375,83231.7890625,83175.4375,83206.6875,0.0
2025-11-11 11:30:00+05:30,83207.34375,83280.578125,83189.59375,83279.546875,0.0
2025-11-11 11:45:00+05:30,83276.8515625,83393.796875,83273.71875,83369.4765625,0.0
2025-11-11 12:00:00+05:30,83372.6875,83434.578125,83354.03125,83382.53125,0.0
2025-11-11 12:15:00+05:30,83380.7734375,83503.1171875,83374.171875,83501.0234375,0.0
2025-11-11 12:30:00+05:30,83501.46875,83549.03125,83464.0703125,83482.3203125,0.0
2025-11-11 12:45:00+05:30,83482.3203125,83525.703125,83450.1328125,83469.4609375,0.0
2025-11-11 13:00:00+05:30,83468.859375,83543.671875,83465.6875,83543.203125,0.0
2025-11-11 13:15:00+05:30,83543.796875,83643.2265625,83542.4296875,83615.8515625,0.0
2025-11-11 13:30:00+05:30,83614.96875,83733.953125,83609.921875,83662.21875,0.0
2025-11-11 13:45:00+05:30,83664.2109375,83803.0234375,83648.7109375,83667.453125,0.0
2025-11-11 14:00:00+05:30,83670.046875,83757.3828125,83657.46875,83693.1796875,0.0
2025-11-11 14:15:00+05:30,83691.4921875,83863.9609375,83688.2578125,83834.9765625,0.0
2025-11-11 14:30:00+05:30,83837.140625,83877.25,83729.1328125,83751.7734375,0.0
2025-11-11 14:45:00+05:30,83754.7890625,83841.6875,83748.609375,83795.390625,0.0
2025-11-11 15:00:00+05:30,83801.96875,83884.2734375,83788.9296875,83860.4375,0.0
2025-11-11 15:15:00+05:30,83856.640625,83871.3828125,83841.2109375,83871.3203125,0.0
2025-11-12 09:15:00+05:30,84297.7734375,84386.4296875,84206.4921875,84217.40625,0.0
2025-11-12 09:30:00+05:30,84219.453125,84416.703125,84168.703125,84380.6171875,0.0
2025-11-12 09:45:00+05:30,84382.03125,84441.5078125,84382.03125,84423.703125,0.0
2025-11-12 10:00:00+05:30,84425.9296875,84462.171875,84337.3828125,84363.71875,0.0
2025-11-12 10:15:00+05:30,84367.078125,84400.453125,84299.2578125,84347.921875,0.0
2025-11-12 10:30:00+05:30,84346.1015625,84484.5390625,84333.59375,84471.3671875,0.0
2025-11-12 10:45:00+05:30,84469.2890625,84485.9921875,84437.1328125,84447.4765625,0.0
2025-11-12 11:00:00+05:30,84444.5390625,84510.8984375,84429.3125,84510.8984375,0.0
2025-11-12 11:15:00+05:30,84512.046875,84533.0625,84484.84375,84517.6328125,0.0
2025-11-12 11:30:00+05:30,84516.953125,84567.296875,84496.5234375,84534.0703125,0.0
2025-11-12 11:45:00+05:30,84533.1875,84574.7109375,84521.71875,84541.0,0.0
2025-11-12 12:00:00+05:30,84539.78125,84550.9296875,84496.6484375,84504.1875,0.0
2025-11-12 12:15:00+05:30,84504.8203125,84549.8984375,84493.28125,84534.6015625,0.0
2025-11-12 12:30:00+05:30,84538.0234375,84629.9921875,84536.2890625,84599.328125,0.0
2025-11-12 12:45:00+05:30,84601.5,84623.046875,84553.1484375,84612.1171875,0.0
2025-11-12 13:00:00+05:30,84612.96875,84644.2421875,84589.2890625,84634.15625,0.0
2025-11-12 13:15:00+05:30,84625.8515625,84650.828125,84587.09375,84599.4375,0.0
2025-11-12 13:30:00+05:30,84604.2265625,84648.0,84553.3984375,84607.9609375,0.0
2025-11-12 13:45:00+05:30,84606.09375,84642.34375,84597.359375,84600.2421875,0.0
2025-11-12 14:00:00+05:30,84596.828125,84626.171875,84474.046875,84517.15625,0.0
2025-11-12 14:15:00+05:30,84517.96875,84570.5703125,84471.046875,84518.921875,0.0
2025-11-12 14:30:00+05:30,84518.796875,84535.796875,84450.8984375,84496.5234375,0.0
2025-11-12 14:45:00+05:30,84491.1875,84553.796875,84476.703125,84545.9375,0.0
2025-11-12 15:00:00+05:30,84547.8125,84548.8828125,84487.546875,84504.0,0.0
2025-11-12 15:15:00+05:30,84504.1171875,84533.640625,84466.640625,84466.640625,0.0
2025-11-13 09:15:00+05:30,84516.15625,84526.6875,84254.3984375,84487.328125,0.0
2025-11-13 09:30:00+05:30,84485.078125,84495.9296875,84291.421875,84383.1875,0.0
2025-11-13 09:45:00+05:30,84385.0390625,84522.3125,84384.6171875,84463.640625,0.0
2025-11-13 10:00:00+05:30,84465.8125,84569.1171875,84456.9921875,84551.796875,0.0
2025-11-13 10:15:00+05:30,84552.453125,84607.28125,84536.203125,84586.96875,0.0
2025-11-13 10:30:00+05:30,84588.140625,84653.0390625,84580.078125,84648.578125,0.0
2025-11-13 10:45:00+05:30,84647.78125,84707.359375,84624.1875,84705.453125,0.0
2025-11-13 11:00:00+05:30,84702.6328125,84802.3671875,84691.296875,84762.046875,0.0
2025-11-13 11:15:00+05:30,84762.2734375,84821.75,84754.1015625,84766.0234375,0.0
2025-11-13 11:30:00+05:30,84765.1015625,84798.5,84731.5390625,84743.1484375,0.0
2025-11-13 11:45:00+05:30,84738.7578125,84801.8828125,84727.8203125,84801.578125,0.0
2025-11-13 12:00:00+05:30,84803.046875,84825.796875,84758.6171875,84793.3515625,0.0
2025-11-13 12:15:00+05:30,84791.671875,84838.6171875,84785.3984375,84799.453125,0.0
2025-11-13 12:30:00+05:30,84794.1015625,84813.2578125,84674.4375,84735.2265625,0.0
2025-11-13 12:45:00+05:30,84740.1328125,84782.0078125,84686.5625,84781.7109375,0.0
2025-11-13 13:00:00+05:30,84780.8203125,84838.3203125,84780.8203125,84803.21875,0.0
2025-11-13 13:15:00+05:30,84801.4921875,84854.1484375,84781.140625,84805.3828125,0.0
2025-11-13 13:30:00+05:30,84806.03125,84919.4296875,84780.1484375,84892.3203125,0.0
2025-11-13 13:45:00+05:30,84889.4296875,84906.6015625,84665.6875,84665.6875,0.0
2025-11-13 14:00:00+05:30,84663.6015625,84671.7265625,84461.390625,84533.1875,0.0
2025-11-13 14:15:00+05:30,84533.0625,84644.9296875,84516.4765625,84623.328125,0.0
2025-11-13 14:30:00+05:30,84622.9765625,84685.3828125,84561.671875,84632.3984375,0.0
2025-11-13 14:45:00+05:30,84632.171875,84659.7890625,84458.3125,84491.703125,0.0
2025-11-13 15:00:00+05:30,84489.671875,84541.1171875,84409.8984375,84491.0234375,0.0
2025-11-13 15:15:00+05:30,84491.6875,84491.6875,84469.609375,84478.671875,0.0
2025-11-14 09:15:00+05:30,84157.2265625,84315.203125,84113.2578125,84265.59375,0.0
2025-11-14 09:30:00+05:30,84266.796875,84464.9375,84264.65625,84384.6328125,0.0
2025-11-14 09:45:00+05:30,84386.6796875,84416.171875,84179.7734375,84238.84375,0.0
2025-11-14 10:00:00+05:30,84241.796875,84262.890625,84104.328125,84158.0,0.0
2025-11-14 10:15:00+05:30,84157.0390625,84223.5,84129.359375,84163.6484375,0.0
2025-11-14 10:30:00+05:30,84165.5703125,84184.7578125,84060.453125,84110.9765625,0.0
2025-11-14 10:45:00+05:30,84108.4609375,84373.6171875,84102.4921875,84364.5234375,0.0
2025-11-14 11:00:00+05:30,84366.4921875,84416.296875,84336.921875,84387.6171875,0.0
2025-11-14 11:15:00+05:30,84387.6171875,84406.3984375,84242.6328125,84264.59375,0.0
2025-11-14 11:30:00+05:30,84265.0703125,84267.953125,84164.5625,84173.71875,0.0
2025-11-14 11:45:00+05:30,84175.0078125,84230.3671875,84165.0078125,84184.5703125,0.0
2025-11-14 12:00:00+05:30,84186.15625,84319.0,84177.046875,84297.96875,0.0
2025-11-14 12:15:00+05:30,84297.96875,84344.7734375,84279.0234375,84325.703125,0.0
2025-11-14 12:30:00+05:30,84325.703125,84334.28125,84220.1875,84246.2109375,0.0
2025-11-14 12:45:00+05:30,84247.921875,84268.4921875,84195.828125,84229.9765625,0.0
2025-11-14 13:00:00+05:30,84230.09375,84230.09375,84162.0078125,84218.359375,0.0
2025-11-14 13:15:00+05:30,84217.671875,84270.7578125,84203.65625,84270.421875,0.0
2025-11-14 13:30:00+05:30,84271.3828125,84271.6875,84079.75,84081.78125,0.0
2025-11-14 13:45:00+05:30,84081.296875,84106.71875,84029.3203125,84084.6796875,0.0
2025-11-14 14:00:00+05:30,84084.5,84139.1484375,84081.1015625,84122.453125,0.0
2025-11-14 14:15:00+05:30,84122.328125,84177.921875,84073.328125,84169.25,0.0
2025-11-14 14:30:00+05:30,84169.5234375,84230.1796875,84130.453125,84175.90625,0.0
2025-11-14 14:45:00+05:30,84179.046875,84212.78125,84091.828125,84117.390625,0.0
2025-11-14 15:00:00+05:30,84112.109375,84695.7421875,84112.109375,84684.0625,0.0
2025-11-14 15:15:00+05:30,84677.96875,84677.96875,84482.1484375,84562.6875,0.0
2025-11-17 09:15:00+05:30,84700.609375,84813.15625,84583.6796875,84784.3671875,0.0
2025-11-17 09:30:00+05:30,84786.078125,84833.2578125,84748.0390625,84808.09375,0.0
2025-11-17 09:45:00+05:30,84807.0703125,84844.6875,84750.9921875,84810.0078125,0.0
2025-11-17 10:00:00+05:30,84811.40625,84815.53125,84706.46875,84730.71875,0.0
2025-11-17 10:15:00+05:30,84730.6015625,84812.2734375,84694.421875,84710.3125,0.0
2025-11-17 10:30:00+05:30,84710.5703125,84742.8671875,84656.4765625,84692.2265625,0.0
2025-11-17 10:45:00+05:30,84690.3828125,84733.453125,84677.890625,84711.421875,0.0
2025-11-17 11:00:00+05:30,84709.46875,84752.15625,84690.2109375,84738.2265625,0.0
2025-11-17 11:15:00+05:30,84738.2265625,84749.0,84652.359375,84676.2421875,0.0
2025-11-17 11:30:00+05:30,84674.296875,84721.75,84639.671875,84703.328125,0.0
2025-11-17 11:45:00+05:30,84705.2109375,84805.671875,84692.4296875,84796.78125,0.0
2025-11-17 12:00:00+05:30,84796.2109375,84821.640625,84739.5390625,84806.3125,0.0
2025-11-17 12:15:00+05:30,84806.1328125,84836.1328125,84797.40625,84805.203125,0.0
2025-11-17 12:30:00+05:30,84805.90625,84871.1484375,84788.4609375,84861.7421875,0.0
2025-11-17 12:45:00+05:30,84861.9609375,84885.7421875,84835.8125,84885.609375,0.0
2025-11-17 13:00:00+05:30,84886.3828125,84889.65625,84818.046875,84846.9765625,0.0
2025-11-17 13:15:00+05:30,84847.0703125,84853.6171875,84803.2421875,84832.21875,0.0
2025-11-17 13:30:00+05:30,84832.15625,84887.1875,84785.671875,84877.28125,0.0
2025-11-17 13:45:00+05:30,84876.859375,84908.5078125,84860.1484375,84893.359375,0.0
2025-11-17 14:00:00+05:30,84892.8828125,84976.921875,84892.8828125,84939.3984375,0.0
2025-11-17 14:15:00+05:30,84939.5625,84946.671875,84835.5625,84887.7421875,0.0
2025-11-17 14:30:00+05:30,84885.5390625,84919.96875,84845.3828125,84845.3828125,0.0
2025-11-17 14:45:00+05:30,84845.203125,84901.9921875,84822.65625,84885.5078125,0.0
2025-11-17 15:00:00+05:30,84890.9921875,84967.7578125,84880.28125,84959.2421875,0.0
2025-11-17 15:15:00+05:30,84957.6875,84957.6875,84941.7734375,84951.1171875,0.0
2025-11-18 09:15:00+05:30,85042.3671875,85042.3671875,84658.640625,84808.21875,0.0
2025-11-18 09:30:00+05:30,84807.859375,84829.7421875,84728.921875,84770.1171875,0.0
2025-11-18 09:45:00+05:30,84761.9609375,84796.7890625,84625.8671875,84625.8671875,0.0
2025-11-18 10:00:00+05:30,84624.421875,84669.8515625,84565.953125,84613.7890625,0.0
2025-11-18 10:15:00+05:30,84616.6328125,84701.46875,84600.8984375,84632.59375,0.0
2025-11-18 10:30:00+05:30,84631.1484375,84651.7734375,84558.5703125,84598.359375,0.0
2025-11-18 10:45:00+05:30,84599.078125,84737.890625,84598.9609375,84711.2265625,0.0
2025-11-18 11:00:00+05:30,84711.1796875,84758.296875,84709.578125,84748.609375,0.0
2025-11-18 11:15:00+05:30,84747.0234375,84792.703125,84727.9765625,84728.7109375,0.0
2025-11-18 11:30:00+05:30,84726.9921875,84822.078125,84702.2890625,84817.46875,0.0
2025-11-18 11:45:00+05:30,84818.2421875,84894.0625,84812.890625,84875.828125,0.0
2025-11-18 12:00:00+05:30,84876.03125,84895.953125,84834.0390625,84838.2265625,0.0
2025-11-18 12:15:00+05:30,84839.109375,84843.109375,84780.171875,84801.296875,0.0
2025-11-18 12:30:00+05:30,84802.703125,84818.1171875,84737.2421875,84762.4765625,0.0
2025-11-18 12:45:00+05:30,84762.4765625,84813.0625,84728.7421875,84777.2421875,0.0
2025-11-18 13:00:00+05:30,84777.2421875,84851.7734375,84777.0625,84823.6484375,0.0
2025-11-18 13:15:00+05:30,84823.6484375,84891.859375,84817.4765625,84875.140625,0.0
2025-11-18 13:30:00+05:30,84875.140625,84925.28125,84836.921875,84897.578125,0.0
2025-11-18 13:45:00+05:30,84898.21875,84908.953125,84854.4375,84863.9375,0.0
2025-11-18 14:00:00+05:30,84868.0625,84957.65625,84868.0625,84927.53125,0.0
2025-11-18 14:15:00+05:30,84926.640625,84941.140625,84856.2265625,84861.0,0.0
2025-11-18 14:30:00+05:30,84862.3515625,84887.9921875,84819.1015625,84840.2265625,0.0
2025-11-18 14:45:00+05:30,84838.953125,84849.84375,84774.2265625,84793.3515625,0.0
2025-11-18 15:00:00+05:30,84793.03125,84810.1484375,84660.3203125,84664.1796875,0.0
2025-11-18 15:15:00+05:30,84656.75,84724.0234375,84656.75,84673.0625,0.0
2025-11-19 09:15:00+05:30,84704.828125,84719.1328125,84528.96875,84698.2421875,0.0
2025-11-19 09:30:00+05:30,84701.7890625,84726.9296875,84619.7578125,84699.671875,0.0
2025-11-19 09:45:00+05:30,84700.5625,84757.390625,84629.21875,84744.5390625,0.0
2025-11-19 10:00:00+05:30,84742.40625,84859.2734375,84716.6015625,84847.78125,0.0
2025-11-19 10:15:00+05:30,84850.25,84938.1875,84844.8515625,84880.5,0.0
2025-11-19 10:30:00+05:30,84880.7109375,84959.1796875,84878.84375,84898.15625,0.0
2025-11-19 10:45:00+05:30,84899.109375,84932.0703125,84850.0078125,84866.703125,0.0
2025-11-19 11:00:00+05:30,84866.09375,84882.3828125,84765.078125,84765.078125,0.0
2025-11-19 11:15:00+05:30,84767.9609375,84863.703125,84739.7890625,84856.53125,0.0
2025-11-19 11:30:00+05:30,84856.03125,84922.796875,84829.8125,84892.859375,0.0
2025-11-19 11:45:00+05:30,84890.578125,84938.65625,84888.453125,84916.1875,0.0
2025-11-19 12:00:00+05:30,84916.1875,84990.9375,84914.296875,84966.3828125,0.0
2025-11-19 12:15:00+05:30,84967.203125,85034.828125,84962.9921875,85024.2265625,0.0
2025-11-19 12:30:00+05:30,85024.2265625,85079.6875,85018.7734375,85035.0390625,0.0
2025-11-19 12:45:00+05:30,85033.921875,85079.453125,85017.546875,85032.5,0.0
2025-11-19 13:00:00+05:30,85032.5,85096.4609375,85030.453125,85073.140625,0.0
2025-11-19 13:15:00+05:30,85073.046875,85075.2421875,84998.75,85003.3125,0.0
2025-11-19 13:30:00+05:30,85001.6171875,85016.0,84941.328125,84991.296875,0.0
2025-11-19 13:45:00+05:30,84998.3984375,85049.7109375,84990.25,85029.453125,0.0
2025-11-19 14:00:00+05:30,85029.6328125,85103.796875,84988.8671875,85094.2109375,0.0
2025-11-19 14:15:00+05:30,85092.140625,85154.328125,85092.140625,85154.328125,0.0
2025-11-19 14:30:00+05:30,85153.640625,85236.7734375,85129.8828125,85199.953125,0.0
2025-11-19 14:45:00+05:30,85199.9765625,85224.171875,85182.453125,85197.8671875,0.0
2025-11-19 15:00:00+05:30,85202.890625,85221.71875,85158.15625,85190.3203125,0.0
2025-11-19 15:15:00+05:30,85198.2578125,85198.2578125,85186.09375,85186.453125,0.0
2025-11-20 09:15:00+05:30,85387.953125,85417.921875,85280.9375,85359.90625,0.0
2025-11-20 09:30:00+05:30,85363.2734375,85385.0390625,85201.9765625,85270.609375,0.0
2025-11-20 09:45:00+05:30,85271.0390625,85321.15625,85216.09375,85255.8984375,0.0
2025-11-20 10:00:00+05:30,85262.171875,85340.3125,85250.0390625,85333.9765625,0.0
2025-11-20 10:15:00+05:30,85335.4609375,85367.15625,85309.53125,85361.390625,0.0
2025-11-20 10:30:00+05:30,85363.5078125,85430.7421875,85354.03125,85424.0390625,0.0
2025-11-20 10:45:00+05:30,85425.296875,85481.9765625,85388.6171875,85421.21875,0.0
2025-11-20 11:00:00+05:30,85421.8203125,85464.390625,85411.9609375,85423.5078125,0.0
2025-11-20 11:15:00+05:30,85428.3828125,85449.7265625,85393.7421875,85433.5390625,0.0
2025-11-20 11:30:00+05:30,85433.5390625,85488.7265625,85405.8125,85476.4375,0.0
2025-11-20 11:45:00+05:30,85476.4375,85479.8984375,85400.453125,85463.7421875,0.0
2025-11-20 12:00:00+05:30,85463.7421875,85498.7734375,85447.90625,85468.59375,0.0
2025-11-20 12:15:00+05:30,85469.046875,85519.296875,85434.78125,85516.6796875,0.0
2025-11-20 12:30:00+05:30,85522.4765625,85570.2421875,85508.09375,85551.8203125,0.0
2025-11-20 12:45:00+05:30,85556.0234375,85599.84375,85531.5,85560.0390625,0.0
2025-11-20 13:00:00+05:30,85560.1328125,85601.8125,85544.546875,85558.7421875,0.0
2025-11-20 13:15:00+05:30,85563.8515625,85679.2578125,85563.59375,85674.203125,0.0
2025-11-20 13:30:00+05:30,85677.03125,85699.7265625,85633.8203125,85660.828125,0.0
2025-11-20 13:45:00+05:30,85661.578125,85755.6015625,85653.34375,85697.96875,0.0
2025-11-20 14:00:00+05:30,85701.9609375,85767.7109375,85668.7109375,85739.0703125,0.0
2025-11-20 14:15:00+05:30,85738.796875,85800.953125,85636.25,85650.0234375,0.0
2025-11-20 14:30:00+05:30,85649.9296875,85759.1171875,85638.21875,85652.109375,0.0
2025-11-20 14:45:00+05:30,85649.8515625,85713.421875,85627.8828125,85695.5,0.0
2025-11-20 15:00:00+05:30,85694.96875,85724.8515625,85527.03125,85696.171875,0.0
2025-11-20 15:15:00+05:30,85694.5234375,85694.5234375,85626.34375,85632.6484375,0.0
2025-11-21 09:15:00+05:30,85350.40625,85609.3984375,85345.96875,85565.296875,0.0
2025-11-21 09:30:00+05:30,85568.5078125,85587.09375,85452.078125,85455.890625,0.0
2025-11-21 09:45:00+05:30,85452.1171875,85452.1171875,85336.4921875,85421.1484375,0.0
2025-11-21 10:00:00+05:30,85422.1484375,85423.6796875,85289.703125,85297.9765625,0.0
2025-11-21 10:15:00+05:30,85297.5078125,85300.3671875,85195.0703125,85240.0,0.0
2025-11-21 10:30:00+05:30,85240.703125,85281.640625,85218.0234375,85255.3671875,0.0
2025-11-21 10:45:00+05:30,85252.2265625,85327.171875,85214.140625,85326.921875,0.0
2025-11-21 11:00:00+05:30,85328.8671875,85371.34375,85230.0390625,85369.2890625,0.0
2025-11-21 11:15:00+05:30,85369.0,85371.40625,85281.796875,85353.0234375,0.0
2025-11-21 11:30:00+05:30,85353.0234375,85353.0234375,85237.5703125,85273.6796875,0.0
2025-11-21 11:45:00+05:30,85274.2890625,85326.6796875,85268.0703125,85307.7578125,0.0
2025-11-21 12:00:00+05:30,85307.7578125,85416.9375,85290.59375,85413.2890625,0.0
2025-11-21 12:15:00+05:30,85417.21875,85523.703125,85411.0703125,85479.921875,0.0
2025-11-21 12:30:00+05:30,85477.9921875,85494.7109375,85437.3515625,85475.8515625,0.0
2025-11-21 12:45:00+05:30,85475.390625,85581.96875,85474.140625,85536.9765625,0.0
2025-11-21 13:00:00+05:30,85536.9765625,85557.7890625,85445.9765625,85446.2578125,0.0
2025-11-21 13:15:00+05:30,85446.609375,85456.6796875,85345.7890625,85372.546875,0.0
2025-11-21 13:30:00+05:30,85373.15625,85405.5625,85330.953125,85344.6328125,0.0
2025-11-21 13:45:00+05:30,85344.5390625,85454.59375,85319.2109375,85450.046875,0.0
2025-11-21 14:00:00+05:30,85450.7890625,85490.3671875,85407.5234375,85489.03125,0.0
2025-11-21 14:15:00+05:30,85488.9765625,85508.421875,85467.796875,85496.1171875,0.0
2025-11-21 14:30:00+05:30,85496.5390625,85527.796875,85432.6484375,85432.6484375,0.0
2025-11-21 14:45:00+05:30,85432.609375,85443.953125,85231.328125,85238.6875,0.0
2025-11-21 15:00:00+05:30,85238.0703125,85284.5,85219.0625,85246.921875,0.0
2025-11-21 15:15:00+05:30,85245.96875,85246.7109375,85231.1484375,85231.921875,0.0
2025-11-24 09:15:00+05:30,85426.390625,85436.890625,85293.3125,85356.6484375,0.0
2025-11-24 09:30:00+05:30,85376.1796875,85382.59375,85248.96875,85251.890625,0.0
2025-11-24 09:45:00+05:30,85252.6171875,85353.046875,85210.9921875,85268.2890625,0.0
2025-11-24 10:00:00+05:30,85267.2421875,85403.828125,85265.953125,85400.0703125,0.0
2025-11-24 10:15:00+05:30,85399.71875,85413.8671875,85336.2109375,85394.453125,0.0
2025-11-24 10:30:00+05:30,85394.5703125,85472.796875,85370.25,85436.640625,0.0
2025-11-24 10:45:00+05:30,85433.640625,85451.7421875,85346.6328125,85359.3671875,0.0
2025-11-24 11:00:00+05:30,85359.21875,85365.84375,85312.7890625,85329.53125,0.0
2025-11-24 11:15:00+05:30,85329.4296875,85415.5078125,85298.578125,85408.90625,0.0
2025-11-24 11:30:00+05:30,85409.1796875,85437.1875,85387.4765625,85392.203125,0.0
2025-11-24 11:45:00+05:30,85392.078125,85403.2578125,85223.9296875,85272.1328125,0.0
2025-11-24 12:00:00+05:30,85271.4375,85309.578125,85239.7421875,85248.5234375,0.0
2025-11-24 12:15:00+05:30,85243.4609375,85302.8671875,85218.6328125,85237.9296875,0.0
2025-11-24 12:30:00+05:30,85238.5390625,85298.0625,85193.671875,85283.90625,0.0
2025-11-24 12:45:00+05:30,85284.7578125,85336.2734375,85270.90625,85308.09375,0.0
2025-11-24 13:00:00+05:30,85309.03125,85336.7421875,85236.4296875,85309.0625,0.0
2025-11-24 13:15:00+05:30,85303.8984375,85354.0703125,85292.4609375,85309.4609375,0.0
2025-11-24 13:30:00+05:30,85309.546875,85334.3984375,85251.6484375,85314.3828125,0.0
2025-11-24 13:45:00+05:30,85318.296875,85333.2578125,85265.046875,85265.046875,0.0
2025-11-24 14:00:00+05:30,85262.671875,85274.09375,85150.84375,85220.7578125,0.0
2025-11-24 14:15:00+05:30,85221.0703125,85232.78125,85117.3984375,85125.1875,0.0
2025-11-24 14:30:00+05:30,85121.25,85168.3984375,85103.3203125,85134.0625,0.0
2025-11-24 14:45:00+05:30,85135.328125,85207.8125,85121.0078125,85198.6328125,0.0
2025-11-24 15:00:00+05:30,85197.78125,85236.5234375,84851.0703125,84879.96875,0.0
2025-11-24 15:15:00+05:30,84872.609375,84969.0390625,84872.609375,84900.84375,0.0
2025-11-25 09:15:00+05:30,85009.09375,85024.4375,84780.171875,84875.53125,0.0
2025-11-25 09:30:00+05:30,84875.53125,84981.578125,84875.53125,84933.5234375,0.0
2025-11-25 09:45:00+05:30,84933.6484375,85009.546875,84877.0234375,85003.671875,0.0
2025-11-25 10:00:00+05:30,85002.5234375,85107.5390625,84991.8203125,85101.03125,0.0
2025-11-25 10:15:00+05:30,85098.8203125,85104.78125,85018.8203125,85042.7109375,0.0
2025-11-25 10:30:00+05:30,85042.7109375,85068.59375,84979.078125,84979.078125,0.0
2025-11-25 10:45:00+05:30,84979.7109375,84983.34375,84801.7734375,84801.7734375,0.0
2025-11-25 11:00:00+05:30,84801.2109375,84824.0703125,84766.1796875,84822.7578125,0.0
2025-11-25 11:15:00+05:30,84822.75,84883.6328125,84810.2734375,84879.453125,0.0
2025-11-25 11:30:00+05:30,84879.046875,84905.7734375,84832.3984375,84834.890625,0.0
2025-11-25 11:45:00+05:30,84834.890625,84989.6484375,84828.46875,84977.359375,0.0
2025-11-25 12:00:00+05:30,84977.359375,84978.7265625,84919.03125,84937.3203125,0.0
2025-11-25 12:15:00+05:30,84938.4765625,84949.671875,84840.3984375,84848.59375,0.0
2025-11-25 12:30:00+05:30,84848.59375,84977.796875,84848.59375,84969.2734375,0.0
2025-11-25 12:45:00+05:30,84969.2734375,85022.0703125,84940.7109375,84975.71875,0.0
2025-11-25 13:00:00+05:30,84976.5,85042.890625,84917.296875,84986.7265625,0.0
2025-11-25 13:15:00+05:30,84983.5703125,85063.578125,84949.3671875,85045.03125,0.0
2025-11-25 13:30:00+05:30,85044.828125,85058.3515625,84974.65625,85005.296875,0.0
2025-11-25 13:45:00+05:30,85005.296875,85041.09375,84971.9609375,85031.9921875,0.0
2025-11-25 14:00:00+05:30,85031.9921875,85104.1015625,85031.9921875,85081.7578125,0.0
2025-11-25 14:15:00+05:30,85081.4375,85100.953125,84907.6328125,84911.0078125,0.0
2025-11-25 14:30:00+05:30,84911.0078125,84911.0078125,84801.6015625,84866.8984375,0.0
2025-11-25 14:45:00+05:30,84864.109375,84877.3125,84665.6796875,84666.7578125,0.0
2025-11-25 15:00:00+05:30,84664.2265625,84718.5,84553.34375,84618.6484375,0.0
2025-11-25 15:15:00+05:30,84618.8125,84622.2578125,84587.0078125,84587.0078125,0.0
2025-11-26 09:15:00+05:30,84503.578125,84894.9375,84503.578125,84869.421875,0.0
2025-11-26 09:30:00+05:30,84869.421875,85023.09375,84869.421875,85018.140625,0.0
2025-11-26 09:45:00+05:30,85018.7265625,85197.9609375,85017.609375,85175.578125,0.0
2025-11-26 10:00:00+05:30,85173.8515625,85266.296875,85173.8515625,85239.2265625,0.0
2025-11-26 10:15:00+05:30,85239.5390625,85254.2421875,85126.1875,85139.46875,0.0
2025-11-26 10:30:00+05:30,85147.7890625,85246.6484375,85139.59375,85237.5234375,0.0
2025-11-26 10:45:00+05:30,85237.6484375,85376.9765625,85237.6484375,85292.3125,0.0
2025-11-26 11:00:00+05:30,85292.3125,85346.4296875,85285.890625,85295.5390625,0.0
2025-11-26 11:15:00+05:30,85297.671875,85403.21875,85293.5078125,85358.5,0.0
2025-11-26 11:30:00+05:30,85358.40625,85399.84375,85328.359375,85352.28125,0.0
2025-11-26 11:45:00+05:30,85353.3828125,85415.25,85321.21875,85411.09375,0.0
2025-11-26 12:00:00+05:30,85411.171875,85468.109375,85369.7890625,85444.640625,0.0
2025-11-26 12:15:00+05:30,85442.640625,85455.40625,85408.2265625,85447.9765625,0.0
2025-11-26 12:30:00+05:30,85448.359375,85509.140625,85414.3125,85504.390625,0.0
2025-11-26 12:45:00+05:30,85503.7421875,85512.5,85463.4375,85500.9609375,0.0
2025-11-26 13:00:00+05:30,85502.671875,85582.3984375,85493.8828125,85545.65625,0.0
2025-11-26 13:15:00+05:30,85547.0390625,85568.28125,85441.1484375,85443.1171875,0.0
2025-11-26 13:30:00+05:30,85443.046875,85566.3203125,85443.046875,85501.390625,0.0
2025-11-26 13:45:00+05:30,85502.453125,85587.0390625,85455.8203125,85561.25,0.0
2025-11-26 14:00:00+05:30,85562.390625,85630.3203125,85503.796875,85567.203125,0.0
2025-11-26 14:15:00+05:30,85566.3671875,85595.890625,85489.3125,85489.3125,0.0
2025-11-26 14:30:00+05:30,85488.796875,85589.96875,85485.65625,85537.609375,0.0
2025-11-26 14:45:00+05:30,85535.953125,85596.796875,85452.609375,85568.921875,0.0
2025-11-26 15:00:00+05:30,85570.7421875,85643.703125,85554.8203125,85623.8984375,0.0
2025-11-26 15:15:00+05:30,85623.28125,85623.28125,85604.3125,85609.328125,0.0
2025-11-27 09:15:00+05:30,85756.84375,85937.53125,85662.8203125,85920.6484375,0.0
2025-11-27 09:30:00+05:30,85922.0703125,85939.5625,85716.3515625,85729.3515625,0.0
2025-11-27 09:45:00+05:30,85730.5078125,85942.71875,85711.3515625,85934.609375,0.0
2025-11-27 10:00:00+05:30,85935.703125,86024.4375,85871.8984375,85915.1171875,0.0
2025-11-27 10:15:00+05:30,85920.1875,85960.1796875,85871.0,85927.5078125,0.0
2025-11-27 10:30:00+05:30,85929.15625,85968.75,85883.609375,85934.796875,0.0
2025-11-27 10:45:00+05:30,85933.4765625,86055.609375,85932.96875,85981.046875,0.0
2025-11-27 11:00:00+05:30,85980.25,86039.8125,85960.46875,85990.7578125,0.0
2025-11-27 11:15:00+05:30,85997.34375,86032.90625,85919.6015625,85934.0390625,0.0
2025-11-27 11:30:00+05:30,85933.640625,85951.9921875,85879.7421875,85899.6015625,0.0
2025-11-27 11:45:00+05:30,85897.859375,85931.03125,85780.7890625,85814.796875,0.0
2025-11-27 12:00:00+05:30,85814.328125,85893.7734375,85778.578125,85819.328125,0.0
2025-11-27 12:15:00+05:30,85818.1484375,85863.078125,85724.46875,85805.0390625,0.0
2025-11-27 12:30:00+05:30,85809.359375,85848.5390625,85745.9765625,85840.421875,0.0
2025-11-27 12:45:00+05:30,85840.421875,85894.828125,85791.0390625,85813.46875,0.0
2025-11-27 13:00:00+05:30,85812.46875,85821.953125,85581.6015625,85590.25,0.0
2025-11-27 13:15:00+05:30,85591.203125,85679.0078125,85492.6171875,85541.578125,0.0
2025-11-27 13:30:00+05:30,85541.796875,85596.890625,85473.8515625,85506.5234375,0.0
2025-11-27 13:45:00+05:30,85506.9609375,85649.7265625,85485.796875,85626.1484375,0.0
2025-11-27 14:00:00+05:30,85622.6328125,85666.2734375,85565.6875,85631.59375,0.0
2025-11-27 14:15:00+05:30,85629.0390625,85742.2109375,85576.6484375,85689.7421875,0.0
2025-11-27 14:30:00+05:30,85681.2890625,85751.890625,85611.7890625,85721.890625,0.0
2025-11-27 14:45:00+05:30,85714.8515625,85715.9765625,85586.8828125,85628.3984375,0.0
2025-11-27 15:00:00+05:30,85635.65625,85775.96875,85617.5703125,85727.1171875,0.0
2025-11-27 15:15:00+05:30,85726.75,85726.75,85704.15625,85720.3828125,0.0
2025-11-28 09:15:00+05:30,85791.546875,85828.9296875,85579.1796875,85785.796875,0.0
2025-11-28 09:30:00+05:30,85789.5,85873.15625,85696.1171875,85764.328125,0.0
2025-11-28 09:45:00+05:30,85764.78125,85873.4296875,85742.390625,85861.8203125,0.0
2025-11-28 10:00:00+05:30,85861.328125,85926.671875,85835.8671875,85835.8671875,0.0
2025-11-28 10:15:00+05:30,85834.046875,85839.4609375,85752.0390625,85807.28125,0.0
2025-11-28 10:30:00+05:30,85808.34375,85954.25,85808.34375,85951.4375,0.0
2025-11-28 10:45:00+05:30,85951.1015625,85969.890625,85881.9609375,85888.6875,0.0
2025-11-28 11:00:00+05:30,85888.6875,85941.6328125,85866.5390625,85925.671875,0.0
2025-11-28 11:15:00+05:30,85928.1015625,85946.84375,85829.1484375,85844.9921875,0.0
2025-11-28 11:30:00+05:30,85845.5234375,85868.5078125,85818.25,85856.0625,0.0
2025-11-28 11:45:00+05:30,85852.0078125,85880.2109375,85839.6328125,85856.828125,0.0
2025-11-28 12:00:00+05:30,85849.0703125,85875.859375,85804.3671875,85827.2421875,0.0
2025-11-28 12:15:00+05:30,85827.2421875,85833.3125,85749.7265625,85770.2109375,0.0
2025-11-28 12:30:00+05:30,85770.65625,85842.1484375,85760.2109375,85815.359375,0.0
2025-11-28 12:45:00+05:30,85814.9375,85816.203125,85724.4375,85795.9921875,0.0
2025-11-28 13:00:00+05:30,85795.40625,85802.4765625,85754.8515625,85759.65625,0.0
2025-11-28 13:15:00+05:30,85760.0703125,85798.890625,85723.921875,85789.2109375,0.0
2025-11-28 13:30:00+05:30,85797.6015625,85830.9765625,85777.2109375,85791.1484375,0.0
2025-11-28 13:45:00+05:30,85787.90625,85787.90625,85704.8515625,85725.9375,0.0
2025-11-28 14:00:00+05:30,85725.9375,85765.3125,85714.9296875,85715.53125,0.0
2025-11-28 14:15:00+05:30,85717.8203125,85730.9765625,85688.546875,85721.1015625,0.0
2025-11-28 14:30:00+05:30,85718.9375,85786.59375,85715.609375,85722.84375,0.0
2025-11-28 14:45:00+05:30,85723.0390625,85755.1875,85708.4296875,85746.046875,0.0
2025-11-28 15:00:00+05:30,85746.171875,85757.90625,85691.796875,85694.9765625,0.0
2025-11-28 15:15:00+05:30,85695.75,85714.921875,85695.75,85707.46875,0.0
2025-12-01 09:15:00+05:30,86104.359375,86104.359375,85933.171875,85977.7421875,0.0
2025-12-01 09:30:00+05:30,85971.6171875,86109.3984375,85969.65625,86007.7421875,0.0
2025-12-01 09:45:00+05:30,86012.7578125,86037.15625,85935.0625,85935.0625,0.0
2025-12-01 10:00:00+05:30,85941.3984375,86019.96875,85940.25,86005.7109375,0.0
2025-12-01 10:15:00+05:30,86007.7578125,86020.8984375,85939.78125,85976.578125,0.0
2025-12-01 10:30:00+05:30,85977.2890625,85999.7265625,85898.796875,85903.109375,0.0
2025-12-01 10:45:00+05:30,85902.2109375,85907.21875,85810.6796875,85849.8125,0.0
2025-12-01 11:00:00+05:30,85849.8125,85859.9765625,85786.1015625,85859.359375,0.0
2025-12-01 11:15:00+05:30,85860.5625,85891.421875,85838.1015625,85884.5390625,0.0
2025-12-01 11:30:00+05:30,85885.03125,85934.6328125,85750.7578125,85757.703125,0.0
2025-12-01 11:45:00+05:30,85758.78125,85770.09375,85649.8828125,85755.28125,0.0
2025-12-01 12:00:00+05:30,85754.4609375,85771.7734375,85615.90625,85637.6328125,0.0
2025-12-01 12:15:00+05:30,85639.5703125,85670.1875,85585.75,85670.1875,0.0
2025-12-01 12:30:00+05:30,85667.84375,85677.5390625,85557.890625,85593.578125,0.0
2025-12-01 12:45:00+05:30,85594.796875,85668.2109375,85550.7421875,85664.6875,0.0
2025-12-01 13:00:00+05:30,85668.0625,85675.0078125,85618.0,85667.65625,0.0
2025-12-01 13:15:00+05:30,85670.4375,85695.9375,85606.078125,85631.2890625,0.0
2025-12-01 13:30:00+05:30,85632.3515625,85687.6328125,85599.0234375,85685.078125,0.0
2025-12-01 13:45:00+05:30,85684.1796875,85695.0625,85647.0703125,85664.6015625,0.0
2025-12-01 14:00:00+05:30,85664.390625,85800.3984375,85660.546875,85758.640625,0.0
2025-12-01 14:15:00+05:30,85756.09375,85765.9609375,85707.7109375,85733.3515625,0.0
2025-12-01 14:30:00+05:30,85720.78125,85726.4765625,85632.21875,85632.34375,0.0
2025-12-01 14:45:00+05:30,85632.296875,85655.8125,85490.0,85528.53125,0.0
2025-12-01 15:00:00+05:30,85551.546875,85684.421875,85518.71875,85640.578125,0.0
2025-12-01 15:15:00+05:30,85642.40625,85642.40625,85625.28125,85641.9765625,0.0
2025-12-02 09:15:00+05:30,85265.390625,85551.1328125,85265.390625,85454.328125,0.0
2025-12-02 09:30:00+05:30,85454.1875,85470.53125,85297.28125,85301.796875,0.0
2025-12-02 09:45:00+05:30,85299.671875,85351.0390625,85266.3203125,85303.7890625,0.0
2025-12-02 10:00:00+05:30,85304.25,85328.4375,85251.5,85265.1328125,0.0
2025-12-02 10:15:00+05:30,85264.8203125,85321.4921875,85215.53125,85310.7421875,0.0
2025-12-02 10:30:00+05:30,85310.546875,85367.2734375,85298.359375,85311.640625,0.0
2025-12-02 10:45:00+05:30,85311.640625,85378.34375,85280.296875,85371.8515625,0.0
2025-12-02 11:00:00+05:30,85372.7109375,85387.578125,85317.546875,85317.7890625,0.0
2025-12-02 11:15:00+05:30,85312.53125,85337.7265625,85278.046875,85280.8515625,0.0
2025-12-02 11:30:00+05:30,85282.0703125,85298.703125,85263.796875,85273.296875,0.0
2025-12-02 11:45:00+05:30,85274.4609375,85292.4921875,85211.0390625,85235.859375,0.0
2025-12-02 12:00:00+05:30,85235.546875,85261.171875,85194.59375,85233.578125,0.0
2025-12-02 12:15:00+05:30,85232.859375,85292.84375,85214.25,85281.078125,0.0
2025-12-02 12:30:00+05:30,85289.421875,85338.2578125,85252.7109375,85258.7421875,0.0
2025-12-02 12:45:00+05:30,85259.4375,85264.5078125,85185.453125,85188.0234375,0.0
2025-12-02 13:00:00+05:30,85188.0234375,85232.3203125,85169.203125,85179.3984375,0.0
2025-12-02 13:15:00+05:30,85178.578125,85210.921875,85156.6875,85160.0078125,0.0
2025-12-02 13:30:00+05:30,85160.0078125,85186.28125,85144.0390625,85161.0,0.0
2025-12-02 13:45:00+05:30,85160.5703125,85227.828125,85141.09375,85222.6484375,0.0
2025-12-02 14:00:00+05:30,85224.2890625,85234.96875,85164.2421875,85182.921875,0.0
2025-12-02 14:15:00+05:30,85188.0234375,85202.2265625,85136.921875,85181.3828125,0.0
2025-12-02 14:30:00+05:30,85180.65625,85183.453125,85053.0,85070.328125,0.0
2025-12-02 14:45:00+05:30,85069.5234375,85125.7734375,85053.21875,85073.34375,0.0
2025-12-02 15:00:00+05:30,85085.4921875,85167.0234375,85073.390625,85149.859375,0.0
2025-12-02 15:15:00+05:30,85146.9921875,85146.9921875,85109.3828125,85138.2734375,0.0
2025-12-03 09:15:00+05:30,85116.421875,85269.6796875,84932.203125,84947.6484375,0.0
2025-12-03 09:30:00+05:30,84947.5390625,84997.1171875,84826.3984375,84897.2578125,0.0
2025-12-03 09:45:00+05:30,84903.28125,84943.1015625,84843.0703125,84942.671875,0.0
2025-12-03 10:00:00+05:30,84942.7109375,84943.1171875,84765.3125,84858.359375,0.0
2025-12-03 10:15:00+05:30,84860.5390625,84924.84375,84791.1875,84858.65625,0.0
2025-12-03 10:30:00+05:30,84858.5234375,84885.2890625,84769.0703125,84801.53125,0.0
2025-12-03 10:45:00+05:30,84799.40625,84866.0625,84784.4921875,84863.90625,0.0
2025-12-03 11:00:00+05:30,84857.828125,84884.171875,84799.5390625,84860.5234375,0.0
2025-12-03 11:15:00+05:30,84860.34375,84860.34375,84773.203125,84825.2421875,0.0
2025-12-03 11:30:00+05:30,84826.046875,84951.421875,84820.2890625,84896.7421875,0.0
2025-12-03 11:45:00+05:30,84893.59375,84930.0234375,84872.7578125,84875.796875,0.0
2025-12-03 12:00:00+05:30,84876.2109375,84984.2578125,84876.2109375,84964.5078125,0.0
2025-12-03 12:15:00+05:30,84964.5078125,85003.8203125,84937.921875,84945.65625,0.0
2025-12-03 12:30:00+05:30,84946.7109375,84947.1484375,84832.6875,84855.609375,0.0
2025-12-03 12:45:00+05:30,84855.1015625,84897.9375,84851.2421875,84888.8671875,0.0
2025-12-03 13:00:00+05:30,84888.8671875,84910.0,84870.453125,84896.796875,0.0
2025-12-03 13:15:00+05:30,84896.3125,84919.7265625,84848.3515625,84910.4375,0.0
2025-12-03 13:30:00+05:30,84907.40625,84963.2421875,84893.4765625,84894.8515625,0.0
2025-12-03 13:45:00+05:30,84895.3203125,84910.15625,84801.9921875,84837.5,0.0
2025-12-03 14:00:00+05:30,84838.09375,84962.7109375,84808.2265625,84953.2421875,0.0
2025-12-03 14:15:00+05:30,84958.9765625,84994.1484375,84899.0234375,84906.0234375,0.0
2025-12-03 14:30:00+05:30,84906.0234375,84985.203125,84893.9375,84962.671875,0.0
2025-12-03 14:45:00+05:30,84963.59375,85071.1015625,84950.4296875,85064.65625,0.0
2025-12-03 15:00:00+05:30,85065.140625,85174.34375,85046.3203125,85129.5,0.0
2025-12-03 15:15:00+05:30,85121.2890625,85121.2890625,85104.90625,85106.8125,0.0
2025-12-04 09:15:00+05:30,84998.5078125,85148.03125,84950.9921875,85148.03125,0.0
2025-12-04 09:30:00+05:30,85147.109375,85257.6171875,85097.2578125,85253.78125,0.0
2025-12-04 09:45:00+05:30,85245.390625,85297.4296875,85204.5,85235.0,0.0
2025-12-04 10:00:00+05:30,85234.8203125,85324.171875,85218.953125,85319.78125,0.0
2025-12-04 10:15:00+05:30,85321.328125,85405.4609375,85274.2578125,85405.3515625,0.0
2025-12-04 10:30:00+05:30,85404.4609375,85486.90625,85404.4609375,85467.671875,0.0
2025-12-04 10:45:00+05:30,85467.34375,85482.7421875,85391.609375,85401.4296875,0.0
2025-12-04 11:00:00+05:30,85402.0078125,85440.859375,85375.9609375,85408.0625,0.0
2025-12-04 11:15:00+05:30,85408.6796875,85423.1796875,85340.75,85340.75,0.0
2025-12-04 11:30:00+05:30,85346.1875,85376.390625,85211.90625,85230.2578125,0.0
2025-12-04 11:45:00+05:30,85238.828125,85282.953125,85182.1328125,85213.546875,0.0
2025-12-04 12:00:00+05:30,85213.59375,85304.796875,85200.828125,85221.65625,0.0
2025-12-04 12:15:00+05:30,85226.0078125,85265.9296875,85139.4609375,85221.7421875,0.0
2025-12-04 12:30:00+05:30,85222.359375,85258.4921875,85170.8828125,85173.0390625,0.0
2025-12-04 12:45:00+05:30,85173.0390625,85190.09375,85087.8125,85158.0,0.0
2025-12-04 13:00:00+05:30,85158.3515625,85173.9921875,85097.5703125,85125.1796875,0.0
2025-12-04 13:15:00+05:30,85123.0,85216.078125,85099.0390625,85186.03125,0.0
2025-12-04 13:30:00+05:30,85196.53125,85215.109375,85017.6015625,85051.21875,0.0
2025-12-04 13:45:00+05:30,85054.140625,85097.28125,85017.671875,85047.28125,0.0
2025-12-04 14:00:00+05:30,85047.6796875,85213.953125,85035.03125,85157.21875,0.0
2025-12-04 14:15:00+05:30,85154.640625,85206.4296875,85104.65625,85178.7421875,0.0
2025-12-04 14:30:00+05:30,85175.8671875,85234.0234375,85130.0234375,85157.9296875,0.0
2025-12-04 14:45:00+05:30,85158.9609375,85296.9921875,85107.5625,85280.4375,0.0
2025-12-04 15:00:00+05:30,85281.4765625,85375.1796875,85237.8828125,85265.828125,0.0
2025-12-04 15:15:00+05:30,85254.140625,85310.5390625,85254.140625,85265.609375,0.0
2025-12-05 09:15:00+05:30,85165.640625,85317.3828125,85093.296875,85267.4765625,0.0
2025-12-05 09:30:00+05:30,85267.53125,85325.7734375,85233.3828125,85298.4375,0.0
2025-12-05 09:45:00+05:30,85298.796875,85351.15625,85218.0078125,85232.859375,0.0
2025-12-05 10:00:00+05:30,85228.7265625,85495.296875,85168.6015625,85407.25,0.0
2025-12-05 10:15:00+05:30,85406.4375,85521.421875,85275.78125,85280.3515625,0.0
2025-12-05 10:30:00+05:30,85284.390625,85478.109375,85181.7421875,85476.1015625,0.0
2025-12-05 10:45:00+05:30,85476.25,85600.828125,85459.59375,85534.46875,0.0
2025-12-05 11:00:00+05:30,85539.7109375,85620.140625,85534.8671875,85611.1328125,0.0
2025-12-05 11:15:00+05:30,85611.4921875,85657.4375,85567.2265625,85603.921875,0.0
2025-12-05 11:30:00+05:30,85602.453125,85613.9375,85554.8203125,85600.75,0.0
2025-12-05 11:45:00+05:30,85602.4609375,85623.609375,85541.2421875,85570.4375,0.0
2025-12-05 12:00:00+05:30,85570.4375,85650.8515625,85553.3671875,85553.3671875,0.0
2025-12-05 12:15:00+05:30,85554.40625,85678.828125,85548.6328125,85663.3671875,0.0
2025-12-05 12:30:00+05:30,85663.3671875,85793.0625,85662.140625,85747.2421875,0.0
2025-12-05 12:45:00+05:30,85745.953125,85781.421875,85715.9921875,85723.4609375,0.0
2025-12-05 13:00:00+05:30,85723.59375,85763.2109375,85680.34375,85694.9921875,0.0
2025-12-05 13:15:00+05:30,85695.6875,85739.28125,85692.203125,85709.796875,0.0
2025-12-05 13:30:00+05:30,85709.28125,85747.6796875,85690.6171875,85731.671875,0.0
2025-12-05 13:45:00+05:30,85732.5234375,85745.6171875,85614.9609375,85626.2734375,0.0
2025-12-05 14:00:00+05:30,85628.796875,85689.78125,85579.9921875,85638.8125,0.0
2025-12-05 14:15:00+05:30,85641.8125,85662.3671875,85616.2421875,85636.40625,0.0
2025-12-05 14:30:00+05:30,85640.59375,85651.25,85566.3984375,85587.1875,0.0
2025-12-05 14:45:00+05:30,85590.1015625,85621.3671875,85504.71875,85614.25,0.0
2025-12-05 15:00:00+05:30,85629.7109375,85742.140625,85629.7109375,85723.359375,0.0
2025-12-05 15:15:00+05:30,85722.390625,85722.390625,85701.3203125,85712.3671875,0.0
2025-12-08 09:15:00+05:30,85710.2265625,85710.2265625,85563.609375,85571.59375,0.0
2025-12-08 09:30:00+05:30,85573.7421875,85582.609375,85479.890625,85541.25,0.0
2025-12-08 09:45:00+05:30,85540.9921875,85544.3203125,85389.75,85412.109375,0.0
2025-12-08 10:00:00+05:30,85410.1796875,85472.4765625,85361.5078125,85472.4765625,0.0
2025-12-08 10:15:00+05:30,85473.2421875,85507.046875,85420.7109375,85483.3671875,0.0
2025-12-08 10:30:00+05:30,85481.546875,85485.109375,85420.4296875,85458.3515625,0.0
2025-12-08 10:45:00+05:30,85458.3515625,85480.5703125,85397.578125,85400.4609375,0.0
2025-12-08 11:00:00+05:30,85402.8515625,85433.4765625,85331.3828125,85389.2265625,0.0
2025-12-08 11:15:00+05:30,85390.8671875,85425.53125,85347.0,85396.921875,0.0
2025-12-08 11:30:00+05:30,85400.828125,85414.53125,85331.046875,85384.1484375,0.0
2025-12-08 11:45:00+05:30,85384.7265625,85426.421875,85377.0625,85390.4375,0.0
2025-12-08 12:00:00+05:30,85390.4375,85401.3515625,85321.1015625,85321.1015625,0.0
2025-12-08 12:15:00+05:30,85321.1171875,85369.59375,85285.2578125,85288.5625,0.0
2025-12-08 12:30:00+05:30,85288.5625,85293.40625,85236.140625,85241.09375,0.0
2025-12-08 12:45:00+05:30,85241.328125,85276.3984375,85230.953125,85243.1875,0.0
2025-12-08 13:00:00+05:30,85245.5703125,85358.4921875,85241.2109375,85331.5625,0.0
2025-12-08 13:15:00+05:30,85331.296875,85336.828125,85065.2734375,85080.140625,0.0
2025-12-08 13:30:00+05:30,85080.140625,85104.46875,84909.453125,84964.328125,0.0
2025-12-08 13:45:00+05:30,84963.7265625,85009.640625,84935.9296875,84966.609375,0.0
2025-12-08 14:00:00+05:30,84966.65625,85020.453125,84922.40625,84944.6171875,0.0
2025-12-08 14:15:00+05:30,84944.6171875,84996.40625,84875.59375,84969.25,0.0
2025-12-08 14:30:00+05:30,84969.390625,84991.7734375,84913.65625,84988.7578125,0.0
2025-12-08 14:45:00+05:30,84987.546875,85132.5234375,84980.0078125,85051.25,0.0
2025-12-08 15:00:00+05:30,85046.6484375,85201.5234375,85046.6484375,85148.25,0.0
2025-12-08 15:15:00+05:30,85146.8828125,85150.03125,85102.6875,85102.6875,0.0
2025-12-09 09:15:00+05:30,84778.71875,84887.96875,84600.0078125,84619.796875,0.0
2025-12-09 09:30:00+05:30,84620.7421875,84620.7421875,84447.8671875,84481.90625,0.0
2025-12-09 09:45:00+05:30,84483.578125,84496.140625,84385.953125,84396.5703125,0.0
2025-12-09 10:00:00+05:30,84397.84375,84574.6796875,84382.9609375,84560.6171875,0.0
2025-12-09 10:15:00+05:30,84561.796875,84736.359375,84549.921875,84646.921875,0.0
2025-12-09 10:30:00+05:30,84650.03125,84689.09375,84526.8984375,84637.140625,0.0
2025-12-09 10:45:00+05:30,84638.0390625,84681.25,84566.6484375,84673.0,0.0
2025-12-09 11:00:00+05:30,84673.65625,84792.1484375,84637.7421875,84782.8203125,0.0
2025-12-09 11:15:00+05:30,84783.7890625,84816.796875,84752.7734375,84774.8125,0.0
2025-12-09 11:30:00+05:30,84777.28125,84815.3125,84672.453125,84672.453125,0.0
2025-12-09 11:45:00+05:30,84667.7109375,84779.2109375,84630.90625,84767.078125,0.0
2025-12-09 12:00:00+05:30,84761.21875,84877.0234375,84745.9609375,84873.8203125,0.0
2025-12-09 12:15:00+05:30,84873.8203125,84946.2890625,84846.6484375,84903.0625,0.0
2025-12-09 12:30:00+05:30,84903.75,84911.46875,84797.4375,84830.859375,0.0
2025-12-09 12:45:00+05:30,84831.8671875,84853.0,84745.3671875,84790.5234375,0.0
2025-12-09 13:00:00+05:30,84790.2265625,84851.828125,84752.53125,84809.8515625,0.0
2025-12-09 13:15:00+05:30,84810.59375,84854.9296875,84793.15625,84854.9296875,0.0
2025-12-09 13:30:00+05:30,84854.9296875,84889.328125,84810.8671875,84853.40625,0.0
2025-12-09 13:45:00+05:30,84853.5625,84887.6796875,84818.46875,84877.3671875,0.0
2025-12-09 14:00:00+05:30,84877.3671875,84898.71875,84812.3671875,84844.859375,0.0
2025-12-09 14:15:00+05:30,85102.6875,85102.6875,84630.453125,84646.6171875,0.0
2025-12-09 14:30:00+05:30,84645.9921875,84712.25,84588.6015625,84655.9296875,0.0
2025-12-09 14:45:00+05:30,84659.2734375,84678.5,84611.1171875,84667.109375,0.0
2025-12-09 15:00:00+05:30,84675.953125,84733.9765625,84626.703125,84662.859375,0.0
2025-12-09 15:15:00+05:30,84665.640625,84675.1328125,84665.4921875,84666.28125,0.0
2025-12-10 09:15:00+05:30,84607.4921875,84869.4921875,84607.4921875,84830.4765625,0.0
2025-12-10 09:30:00+05:30,84830.5234375,84945.2578125,84830.09375,84899.640625,0.0
2025-12-10 09:45:00+05:30,84899.640625,84942.0078125,84773.2890625,84793.3125,0.0
2025-12-10 10:00:00+05:30,84806.6171875,84958.203125,84793.84375,84916.71875,0.0
2025-12-10 10:15:00+05:30,84916.140625,85019.78125,84902.71875,84905.359375,0.0
2025-12-10 10:30:00+05:30,84903.59375,85001.0078125,84894.046875,84940.1875,0.0
2025-12-10 10:45:00+05:30,84940.1875,84945.890625,84665.96875,84665.96875,0.0
2025-12-10 11:00:00+05:30,84665.96875,84775.9375,84606.1796875,84765.0078125,0.0
2025-12-10 11:15:00+05:30,84772.546875,84794.859375,84705.390625,84724.2890625,0.0
2025-12-10 11:30:00+05:30,84724.2890625,84725.9921875,84626.8125,84656.3828125,0.0
2025-12-10 11:45:00+05:30,84659.7578125,84660.5078125,84597.78125,84648.671875,0.0
2025-12-10 12:00:00+05:30,84648.671875,84713.0390625,84573.15625,84619.4296875,0.0
2025-12-10 12:15:00+05:30,84619.140625,84644.7265625,84560.140625,84580.140625,0.0
2025-12-10 12:30:00+05:30,84580.1796875,84580.1796875,84412.390625,84450.71875,0.0
2025-12-10 12:45:00+05:30,84449.9609375,84535.15625,84414.84375,84493.78125,0.0
2025-12-10 13:00:00+05:30,84488.65625,84573.890625,84464.3671875,84497.140625,0.0
2025-12-10 13:15:00+05:30,84497.140625,84655.203125,84497.140625,84640.15625,0.0
2025-12-10 13:30:00+05:30,84640.7734375,84684.25,84598.6796875,84620.546875,0.0
2025-12-10 13:45:00+05:30,84620.546875,84623.6015625,84495.59375,84497.3515625,0.0
2025-12-10 14:00:00+05:30,84498.328125,84527.2265625,84363.2890625,84399.09375,0.0
2025-12-10 14:15:00+05:30,84398.78125,84444.8671875,84313.828125,84323.1796875,0.0
2025-12-10 14:30:00+05:30,84323.078125,84494.046875,84323.078125,84402.8671875,0.0
2025-12-10 14:45:00+05:30,84403.1015625,84460.421875,84340.7734375,84384.40625,0.0
2025-12-10 15:00:00+05:30,84391.9921875,84445.21875,84368.75,84399.15625,0.0
2025-12-10 15:15:00+05:30,84399.453125,84407.7578125,84390.6171875,84391.2734375,0.0
2025-12-11 09:15:00+05:30,84461.96875,84534.921875,84302.0234375,84532.5234375,0.0
2025-12-11 09:30:00+05:30,84531.9296875,84538.1796875,84161.1171875,84240.9375,0.0
2025-12-11 09:45:00+05:30,84237.90625,84313.4765625,84150.1875,84221.5234375,0.0
2025-12-11 10:00:00+05:30,84221.21875,84500.2109375,84213.140625,84500.2109375,0.0
2025-12-11 10:15:00+05:30,84507.6875,84570.140625,84435.53125,84514.21875,0.0
2025-12-11 10:30:00+05:30,84507.296875,84626.2109375,84460.2578125,84576.1875,0.0
2025-12-11 10:45:00+05:30,84575.8828125,84628.109375,84463.90625,84463.90625,0.0
2025-12-11 11:00:00+05:30,84463.2734375,84495.4375,84351.65625,84449.8515625,0.0
2025-12-11 11:15:00+05:30,84454.8203125,84588.921875,84432.390625,84560.78125,0.0
2025-12-11 11:30:00+05:30,84560.890625,84608.421875,84521.921875,84604.78125,0.0
2025-12-11 11:45:00+05:30,84604.78125,84668.5078125,84559.8984375,84642.671875,0.0
2025-12-11 12:00:00+05:30,84642.671875,84811.9609375,84642.671875,84765.9296875,0.0
2025-12-11 12:15:00+05:30,84765.9609375,84896.9609375,84721.7109375,84870.75,0.0
2025-12-11 12:30:00+05:30,84870.75,84895.5078125,84758.46875,84826.4375,0.0
2025-12-11 12:45:00+05:30,84826.4375,84838.0,84748.859375,84768.4921875,0.0
2025-12-11 13:00:00+05:30,84768.7421875,84784.25,84618.7265625,84690.4375,0.0
2025-12-11 13:15:00+05:30,84685.671875,84736.5078125,84650.7578125,84667.1015625,0.0
2025-12-11 13:30:00+05:30,84676.1015625,84777.2109375,84676.1015625,84744.0390625,0.0
2025-12-11 13:45:00+05:30,84744.0390625,84827.0234375,84703.1796875,84795.1796875,0.0
2025-12-11 14:00:00+05:30,84802.15625,84802.15625,84658.171875,84697.0703125,0.0
2025-12-11 14:15:00+05:30,84706.75,84888.34375,84695.3828125,84875.453125,0.0
2025-12-11 14:30:00+05:30,84869.046875,84906.140625,84767.28125,84787.328125,0.0
2025-12-11 14:45:00+05:30,84784.3203125,84789.296875,84647.5390625,84747.28125,0.0
2025-12-11 15:00:00+05:30,84748.5390625,84877.2421875,84748.5390625,84806.6796875,0.0
2025-12-11 15:15:00+05:30,84806.34375,84826.8671875,84806.34375,84818.1328125,0.0
2025-12-12 09:15:00+05:30,85089.1328125,85220.25,85053.0703125,85192.09375,0.0
2025-12-12 09:30:00+05:30,85192.09375,85282.7578125,85190.6796875,85229.1875,0.0
2025-12-12 09:45:00+05:30,85228.828125,85233.53125,85152.2890625,85169.09375,0.0
2025-12-12 10:00:00+05:30,85168.671875,85177.796875,85050.6484375,85116.6484375,0.0
2025-12-12 10:15:00+05:30,85112.8984375,85177.5234375,84957.0390625,85000.0625,0.0
2025-12-12 10:30:00+05:30,84999.9921875,85088.8515625,84998.3984375,85012.671875,0.0
2025-12-12 10:45:00+05:30,85013.1328125,85049.640625,84974.9765625,84990.8515625,0.0
2025-12-12 11:00:00+05:30,84992.4296875,85147.0625,84986.7109375,85117.3125,0.0
2025-12-12 11:15:00+05:30,85117.3125,85217.03125,85110.9921875,85199.140625,0.0
2025-12-12 11:30:00+05:30,85199.140625,85227.7734375,85172.15625,85209.6171875,0.0
2025-12-12 11:45:00+05:30,85209.6171875,85253.859375,85174.59375,85240.4296875,0.0
2025-12-12 12:00:00+05:30,85239.890625,85280.6328125,85161.4765625,85193.6796875,0.0
2025-12-12 12:15:00+05:30,85193.6796875,85252.46875,85188.5234375,85235.03125,0.0
2025-12-12 12:30:00+05:30,85235.2265625,85271.0703125,85210.7265625,85219.3125,0.0
2025-12-12 12:45:00+05:30,85214.5625,85219.59375,85183.5,85205.4921875,0.0
2025-12-12 13:00:00+05:30,85206.109375,85246.1875,85169.4296875,85240.46875,0.0
2025-12-12 13:15:00+05:30,85240.78125,85252.7265625,85185.3984375,85185.5703125,0.0
2025-12-12 13:30:00+05:30,85185.921875,85236.2890625,85182.75,85215.2265625,0.0
2025-12-12 13:45:00+05:30,85215.2265625,85248.7109375,85208.328125,85222.40625,0.0
2025-12-12 14:00:00+05:30,85222.296875,85310.7421875,85220.078125,85268.9375,0.0
2025-12-12 14:15:00+05:30,85269.109375,85277.6015625,85214.2265625,85244.703125,0.0
2025-12-12 14:30:00+05:30,85241.3984375,85259.1484375,85196.609375,85225.7734375,0.0
2025-12-12 14:45:00+05:30,85224.03125,85228.4765625,85187.2109375,85212.90625,0.0
2025-12-12 15:00:00+05:30,85224.8984375,85320.8203125,85224.8984375,85310.34375,0.0
2025-12-12 15:15:00+05:30,85307.890625,85307.890625,85267.5234375,85267.65625,0.0
2025-12-15 09:15:00+05:30,84898.203125,85150.0390625,84868.9375,84875.4765625,0.0
2025-12-15 09:30:00+05:30,84873.953125,84944.15625,84864.328125,84872.578125,0.0
2025-12-15 09:45:00+05:30,84871.3984375,84999.328125,84841.03125,84996.8125,0.0
2025-12-15 10:00:00+05:30,84999.5234375,85033.078125,84965.15625,85033.03125,0.0
2025-12-15 10:15:00+05:30,85032.671875,85068.78125,84999.0625,85062.1484375,0.0
2025-12-15 10:30:00+05:30,85060.796875,85080.4765625,84969.796875,85028.96875,0.0
2025-12-15 10:45:00+05:30,85028.0234375,85131.8984375,85022.609375,85108.1015625,0.0
2025-12-15 11:00:00+05:30,85106.453125,85116.03125,85059.3984375,85073.3203125,0.0
2025-12-15 11:15:00+05:30,85073.4765625,85102.8828125,85024.0234375,85088.421875,0.0
2025-12-15 11:30:00+05:30,85087.859375,85096.3125,85005.953125,85020.3125,0.0
2025-12-15 11:45:00+05:30,85020.3125,85204.5703125,85020.3125,85192.2421875,0.0
2025-12-15 12:00:00+05:30,85194.421875,85239.09375,85176.921875,85205.34375,0.0
2025-12-15 12:15:00+05:30,85205.328125,85243.2734375,85192.109375,85220.2578125,0.0
2025-12-15 12:30:00+05:30,85220.2578125,85247.609375,85168.2578125,85181.578125,0.0
2025-12-15 12:45:00+05:30,85179.9375,85217.3984375,85156.640625,85180.3203125,0.0
2025-12-15 13:00:00+05:30,85181.3203125,85274.53125,85181.3203125,85272.9921875,0.0
2025-12-15 13:15:00+05:30,85270.9375,85275.4609375,85204.96875,85206.4921875,0.0
2025-12-15 13:30:00+05:30,85205.65625,85249.1875,85204.4375,85210.0703125,0.0
2025-12-15 13:45:00+05:30,85208.78125,85240.4609375,85185.78125,85202.359375,0.0
2025-12-15 14:00:00+05:30,85202.2421875,85255.2421875,85108.53125,85148.40625,0.0
2025-12-15 14:15:00+05:30,85152.5390625,85188.0234375,85144.6328125,85165.9921875,0.0
2025-12-15 14:30:00+05:30,85167.0078125,85238.15625,85159.7109375,85236.453125,0.0
2025-12-15 14:45:00+05:30,85237.2265625,85278.5078125,85215.0625,85242.75,0.0
2025-12-15 15:00:00+05:30,85250.6796875,85256.8203125,85194.7265625,85221.1796875,0.0
2025-12-15 15:15:00+05:30,85221.03125,85230.5,85213.9609375,85213.9609375,0.0
2025-12-16 09:15:00+05:30,85010.3671875,85033.8828125,84847.84375,84852.9296875,0.0
2025-12-16 09:30:00+05:30,84852.5625,84882.9921875,84796.59375,84851.953125,0.0
2025-12-16 09:45:00+05:30,84857.4765625,84911.3203125,84787.5625,84790.9609375,0.0
2025-12-16 10:00:00+05:30,84791.34375,84795.359375,84717.078125,84750.3671875,0.0
2025-12-16 10:15:00+05:30,84752.5078125,84848.03125,84738.15625,84818.8828125,0.0
2025-12-16 10:30:00+05:30,84818.359375,84851.0234375,84763.8125,84785.0390625,0.0
2025-12-16 10:45:00+05:30,84785.0390625,84804.6171875,84744.078125,84765.0703125,0.0
2025-12-16 11:00:00+05:30,84766.390625,84788.4609375,84734.1171875,84754.140625,0.0
2025-12-16 11:15:00+05:30,84754.140625,84808.5078125,84737.2578125,84803.7265625,0.0
2025-12-16 11:30:00+05:30,84803.7265625,84804.09375,84695.0078125,84708.2890625,0.0
2025-12-16 11:45:00+05:30,84708.09375,84755.2421875,84684.1875,84714.5625,0.0
2025-12-16 12:00:00+05:30,84716.9609375,84760.4921875,84708.4765625,84746.53125,0.0
2025-12-16 12:15:00+05:30,84745.0703125,84825.046875,84728.53125,84818.078125,0.0
2025-12-16 12:30:00+05:30,84815.90625,84845.3125,84741.53125,84779.71875,0.0
2025-12-16 12:45:00+05:30,84779.3671875,84805.6875,84719.4765625,84805.1484375,0.0
2025-12-16 13:00:00+05:30,84804.796875,84804.796875,84721.7109375,84764.71875,0.0
2025-12-16 13:15:00+05:30,84766.2421875,84800.8515625,84737.5625,84743.296875,0.0
2025-12-16 13:30:00+05:30,84743.2109375,84862.078125,84738.9375,84817.2734375,0.0
2025-12-16 13:45:00+05:30,84817.796875,84904.2421875,84800.2109375,84810.4921875,0.0
2025-12-16 14:00:00+05:30,84811.4296875,84842.0390625,84747.8984375,84767.5703125,0.0
2025-12-16 14:15:00+05:30,84763.703125,84768.4375,84655.0078125,84720.921875,0.0
2025-12-16 14:30:00+05:30,84716.8984375,84718.8671875,84660.2109375,84710.5234375,0.0
2025-12-16 14:45:00+05:30,84709.5234375,84802.828125,84680.25,84742.078125,0.0
2025-12-16 15:00:00+05:30,84755.5703125,84789.6484375,84672.71875,84685.3203125,0.0
2025-12-16 15:15:00+05:30,84685.7578125,84710.6484375,84680.1875,84680.1875,0.0
2025-12-17 09:15:00+05:30,84830.9296875,84879.3125,84652.8203125,84822.546875,0.0
2025-12-17 09:30:00+05:30,84821.65625,84889.046875,84717.046875,84730.796875,0.0
2025-12-17 09:45:00+05:30,84730.796875,84761.2890625,84639.109375,84696.8671875,0.0
2025-12-17 10:00:00+05:30,84696.7421875,84702.828125,84570.7109375,84614.1796875,0.0
2025-12-17 10:15:00+05:30,84615.0625,84650.078125,84522.75,84532.578125,0.0
2025-12-17 10:30:00+05:30,84532.09375,84576.3515625,84514.109375,84551.421875,0.0
2025-12-17 10:45:00+05:30,84551.03125,84594.578125,84491.953125,84544.5625,0.0
2025-12-17 11:00:00+05:30,84544.7421875,84619.4296875,84516.4921875,84616.09375,0.0
2025-12-17 11:15:00+05:30,84616.09375,84646.9296875,84520.53125,84529.75,0.0
2025-12-17 11:30:00+05:30,84532.703125,84582.9921875,84492.53125,84570.21875,0.0
2025-12-17 11:45:00+05:30,84570.34375,84650.53125,84525.28125,84528.0078125,0.0
2025-12-17 12:00:00+05:30,84528.0078125,84528.0078125,84437.90625,84460.1875,0.0
2025-12-17 12:15:00+05:30,84460.890625,84501.96875,84417.9765625,84436.203125,0.0
2025-12-17 12:30:00+05:30,84436.4296875,84473.3671875,84429.171875,84463.7109375,0.0
2025-12-17 12:45:00+05:30,84463.7109375,84534.96875,84429.9921875,84438.4921875,0.0
2025-12-17 13:00:00+05:30,84439.2109375,84498.4609375,84430.859375,84469.53125,0.0
2025-12-17 13:15:00+05:30,84469.7109375,84578.96875,84462.1796875,84543.6875,0.0
2025-12-17 13:30:00+05:30,84541.046875,84549.0703125,84440.6015625,84450.9765625,0.0
2025-12-17 13:45:00+05:30,84450.9765625,84484.6875,84436.7890625,84478.21875,0.0
2025-12-17 14:00:00+05:30,84478.078125,84499.5390625,84459.578125,84496.9609375,0.0
2025-12-17 14:15:00+05:30,84496.046875,84593.4375,84465.46875,84468.6171875,0.0
2025-12-17 14:30:00+05:30,84468.6171875,84564.65625,84421.7265625,84467.5,0.0
2025-12-17 14:45:00+05:30,84467.5,84547.09375,84467.34375,84530.328125,0.0
2025-12-17 15:00:00+05:30,84536.2890625,84582.8125,84527.4921875,84538.96875,0.0
2025-12-17 15:15:00+05:30,84538.6328125,84560.7890625,84538.6328125,84559.6484375,0.0
2025-12-18 09:15:00+05:30,84451.65625,84557.6484375,84344.953125,84444.96875,0.0
2025-12-18 09:30:00+05:30,84436.6171875,84467.4765625,84309.953125,84316.6484375,0.0
2025-12-18 09:45:00+05:30,84316.0234375,84365.9296875,84238.4296875,84319.5390625,0.0
2025-12-18 10:00:00+05:30,84321.078125,84487.578125,84274.1796875,84456.8828125,0.0
2025-12-18 10:15:00+05:30,84457.2578125,84606.2109375,84422.5390625,84549.4296875,0.0
2025-12-18 10:30:00+05:30,84551.046875,84673.4609375,84542.2421875,84637.5390625,0.0
2025-12-18 10:45:00+05:30,84637.5390625,84675.3828125,84596.171875,84632.71875,0.0
2025-12-18 11:00:00+05:30,84632.71875,84639.9921875,84540.5234375,84542.921875,0.0
2025-12-18 11:15:00+05:30,84542.7421875,84644.2421875,84510.3125,84615.703125,0.0
2025-12-18 11:30:00+05:30,84616.78125,84661.09375,84600.578125,84602.1484375,0.0
2025-12-18 11:45:00+05:30,84603.2265625,84682.2421875,84576.296875,84670.453125,0.0
2025-12-18 12:00:00+05:30,84668.7734375,84718.8203125,84591.7890625,84713.203125,0.0
2025-12-18 12:15:00+05:30,84714.2421875,84744.2109375,84639.9296875,84713.640625,0.0
2025-12-18 12:30:00+05:30,84718.2109375,84770.4375,84689.8515625,84738.25,0.0
2025-12-18 12:45:00+05:30,84734.1796875,84778.796875,84667.2265625,84682.1015625,0.0
2025-12-18 13:00:00+05:30,84681.6875,84718.9921875,84653.8671875,84695.4375,0.0
2025-12-18 13:15:00+05:30,84699.328125,84704.859375,84619.703125,84655.59375,0.0
2025-12-18 13:30:00+05:30,84652.5390625,84660.3828125,84548.9921875,84576.6171875,0.0
2025-12-18 13:45:00+05:30,84576.75,84655.1484375,84552.8671875,84579.7734375,0.0
2025-12-18 14:00:00+05:30,84580.2265625,84589.9765625,84443.828125,84472.34375,0.0
2025-12-18 14:15:00+05:30,84469.890625,84521.25,84371.0234375,84408.609375,0.0
2025-12-18 14:30:00+05:30,84413.0234375,84551.84375,84396.1796875,84418.5390625,0.0
2025-12-18 14:45:00+05:30,84418.5,84485.8125,84359.7890625,84404.5390625,0.0
2025-12-18 15:00:00+05:30,84402.71875,84539.4765625,84402.71875,84518.6796875,0.0
2025-12-18 15:15:00+05:30,84525.3125,84525.3125,84479.6875,84481.8125,0.0
2025-12-19 09:15:00+05:30,84756.7890625,84934.96875,84756.7890625,84928.7890625,0.0
2025-12-19 09:30:00+05:30,84932.15625,85013.03125,84932.15625,84980.90625,0.0
2025-12-19 09:45:00+05:30,84980.90625,85014.828125,84907.0078125,84978.1328125,0.0
2025-12-19 10:00:00+05:30,84979.84375,85002.09375,84886.21875,84899.9765625,0.0
2025-12-19 10:15:00+05:30,84899.9765625,84996.3828125,84890.03125,84980.25,0.0
2025-12-19 10:30:00+05:30,84977.5234375,85049.578125,84965.078125,85045.8984375,0.0
2025-12-19 10:45:00+05:30,85047.71875,85067.5,85006.4765625,85019.25,0.0
2025-12-19 11:00:00+05:30,85016.59375,85037.078125,84938.546875,84967.34375,0.0
2025-12-19 11:15:00+05:30,84969.3984375,84983.2578125,84882.3203125,84893.328125,0.0
2025-12-19 11:30:00+05:30,84886.296875,84904.296875,84825.453125,84828.96875,0.0
2025-12-19 11:45:00+05:30,84827.28125,84861.8515625,84792.421875,84818.40625,0.0
2025-12-19 12:00:00+05:30,84817.7109375,84948.296875,84817.46875,84916.4609375,0.0
2025-12-19 12:15:00+05:30,84916.9921875,84934.8984375,84845.1875,84856.921875,0.0
2025-12-19 12:30:00+05:30,84857.328125,84933.4375,84849.6484375,84913.2890625,0.0
2025-12-19 12:45:00+05:30,84913.2890625,84929.328125,84885.7265625,84900.5078125,0.0
2025-12-19 13:00:00+05:30,84900.5078125,84902.2578125,84797.296875,84807.203125,0.0
2025-12-19 13:15:00+05:30,84810.140625,84912.671875,84806.84375,84875.84375,0.0
2025-12-19 13:30:00+05:30,84875.84375,84967.2890625,84875.84375,84957.7578125,0.0
2025-12-19 13:45:00+05:30,84957.6171875,84991.953125,84947.7578125,84965.4296875,0.0
2025-12-19 14:00:00+05:30,84965.578125,84984.8203125,84917.3671875,84950.25,0.0
2025-12-19 14:15:00+05:30,84946.1171875,85030.3125,84935.90625,84954.40625,0.0
2025-12-19 14:30:00+05:30,84954.6171875,84976.9609375,84941.921875,84969.2890625,0.0
2025-12-19 14:45:00+05:30,84967.4609375,84982.5390625,84914.7734375,84914.7734375,0.0
2025-12-19 15:00:00+05:30,84912.4765625,84957.328125,84858.546875,84939.0625,0.0
2025-12-19 15:15:00+05:30,84930.7734375,84934.0078125,84924.0234375,84929.421875,0.0
2025-12-22 09:15:00+05:30,85197.0703125,85438.6484375,85182.9765625,85405.8203125,0.0
2025-12-22 09:30:00+05:30,85413.0625,85460.25,85357.4921875,85388.046875,0.0
2025-12-22 09:45:00+05:30,85386.0,85435.5703125,85350.859375,85423.71875,0.0
2025-12-22 10:00:00+05:30,85423.1484375,85455.2265625,85386.3984375,85405.0625,0.0
2025-12-22 10:15:00+05:30,85401.3984375,85419.09375,85383.4375,85394.9921875,0.0
2025-12-22 10:30:00+05:30,85394.2578125,85415.078125,85362.2578125,85387.2109375,0.0
2025-12-22 10:45:00+05:30,85387.7890625,85450.6328125,85373.53125,85444.7734375,0.0
2025-12-22 11:00:00+05:30,85444.953125,85459.140625,85368.3203125,85379.21875,0.0
2025-12-22 11:15:00+05:30,85380.3828125,85417.7890625,85351.1015625,85412.7109375,0.0
2025-12-22 11:30:00+05:30,85406.9921875,85415.453125,85387.5703125,85408.359375,0.0
2025-12-22 11:45:00+05:30,85406.78125,85441.2734375,85399.546875,85426.84375,0.0
2025-12-22 12:00:00+05:30,85428.6171875,85448.4609375,85388.84375,85400.6015625,0.0
2025-12-22 12:15:00+05:30,85399.609375,85466.140625,85399.609375,85428.640625,0.0
2025-12-22 12:30:00+05:30,85427.34375,85442.5,85374.640625,85376.578125,0.0
2025-12-22 12:45:00+05:30,85376.578125,85472.078125,85335.8125,85433.8984375,0.0
2025-12-22 13:00:00+05:30,85433.8984375,85455.71875,85424.03125,85448.5,0.0
2025-12-22 13:15:00+05:30,85449.2265625,85484.4296875,85442.3203125,85465.7578125,0.0
2025-12-22 13:30:00+05:30,85469.953125,85499.5625,85434.28125,85467.453125,0.0
2025-12-22 13:45:00+05:30,85466.9375,85487.8828125,85459.1328125,85466.25,0.0
2025-12-22 14:00:00+05:30,85466.25,85495.1171875,85416.9375,85461.296875,0.0
2025-12-22 14:15:00+05:30,85461.328125,85515.8671875,85418.6484375,85515.8671875,0.0
2025-12-22 14:30:00+05:30,85514.890625,85582.21875,85488.9375,85535.03125,0.0
2025-12-22 14:45:00+05:30,85535.03125,85545.9921875,85504.0390625,85531.2265625,0.0
2025-12-22 15:00:00+05:30,85545.6875,85600.2421875,85543.5,85581.6015625,0.0
2025-12-22 15:15:00+05:30,85583.5703125,85583.5703125,85567.3515625,85567.6015625,0.0
2025-12-23 09:15:00+05:30,85667.28125,85667.28125,85429.7734375,85445.2890625,0.0
2025-12-23 09:30:00+05:30,85447.5234375,85466.5703125,85345.296875,85385.28125,0.0
2025-12-23 09:45:00+05:30,85386.5078125,85540.1328125,85343.0234375,85539.0390625,0.0
2025-12-23 10:00:00+05:30,85539.4921875,85605.7890625,85517.203125,85574.2578125,0.0
2025-12-23 10:15:00+05:30,85575.6875,85575.8515625,85476.6171875,85507.0390625,0.0
2025-12-23 10:30:00+05:30,85507.9375,85539.796875,85465.28125,85539.796875,0.0
2025-12-23 10:45:00+05:30,85539.84375,85572.5625,85527.15625,85534.453125,0.0
2025-12-23 11:00:00+05:30,85537.9296875,85584.8125,85510.0703125,85579.96875,0.0
2025-12-23 11:15:00+05:30,85579.96875,85587.8671875,85554.359375,85570.78125,0.0
2025-12-23 11:30:00+05:30,85571.8125,85573.9609375,85466.828125,85483.2421875,0.0
2025-12-23 11:45:00+05:30,85482.53125,85544.53125,85460.6328125,85521.296875,0.0
2025-12-23 12:00:00+05:30,85521.0703125,85583.03125,85520.0234375,85553.2734375,0.0
2025-12-23 12:15:00+05:30,85553.2734375,85566.7109375,85516.6796875,85526.7265625,0.0
2025-12-23 12:30:00+05:30,85526.109375,85535.3671875,85486.1484375,85513.7109375,0.0
2025-12-23 12:45:00+05:30,85513.1328125,85581.8671875,85511.5,85554.171875,0.0
2025-12-23 13:00:00+05:30,85550.8515625,85598.4375,85547.96875,85570.578125,0.0
2025-12-23 13:15:00+05:30,85569.71875,85587.4765625,85548.6875,85579.1484375,0.0
2025-12-23 13:30:00+05:30,85578.5703125,85584.7734375,85543.6015625,85550.34375,0.0
2025-12-23 13:45:00+05:30,85550.34375,85593.25,85543.5078125,85576.2734375,0.0
2025-12-23 14:00:00+05:30,85576.2734375,85621.046875,85559.4296875,85607.6015625,0.0
2025-12-23 14:15:00+05:30,85609.2265625,85704.1171875,85603.7421875,85649.4375,0.0
2025-12-23 14:30:00+05:30,85651.0703125,85656.703125,85503.3203125,85503.3203125,0.0
2025-12-23 14:45:00+05:30,85503.6171875,85587.5234375,85486.46875,85556.34375,0.0
2025-12-23 15:00:00+05:30,85564.7421875,85629.2734375,85496.5390625,85546.21875,0.0
2025-12-23 15:15:00+05:30,85542.453125,85542.453125,85524.546875,85524.546875,0.0
2025-12-24 09:15:00+05:30,85519.953125,85638.4921875,85389.1484375,85629.328125,0.0
2025-12-24 09:30:00+05:30,85629.8671875,85677.7578125,85589.328125,85625.1171875,0.0
2025-12-24 09:45:00+05:30,85631.953125,85678.7890625,85581.1015625,85643.7109375,0.0
2025-12-24 10:00:00+05:30,85644.25,85685.6484375,85598.078125,85678.71875,0.0
2025-12-24 10:15:00+05:30,85678.8984375,85734.296875,85648.9921875,85684.546875,0.0
2025-12-24 10:30:00+05:30,85688.953125,85722.7421875,85621.5078125,85653.1328125,0.0
2025-12-24 10:45:00+05:30,85650.28125,85660.5,85571.59375,85625.9921875,0.0
2025-12-24 11:00:00+05:30,85628.09375,85635.0390625,85564.9765625,85613.6015625,0.0
2025-12-24 11:15:00+05:30,85616.359375,85641.7890625,85589.7109375,85617.6171875,0.0
2025-12-24 11:30:00+05:30,85616.4375,85628.0390625,85520.5,85549.5,0.0
2025-12-24 11:45:00+05:30,85549.8671875,85566.5703125,85483.6875,85562.2890625,0.0
2025-12-24 12:00:00+05:30,85561.671875,85569.7265625,85501.9609375,85544.46875,0.0
2025-12-24 12:15:00+05:30,85545.109375,85585.4609375,85515.9609375,85580.046875,0.0
2025-12-24 12:30:00+05:30,85583.03125,85591.8125,85514.4765625,85524.90625,0.0
2025-12-24 12:45:00+05:30,85523.921875,85564.609375,85517.21875,85555.3125,0.0
2025-12-24 13:00:00+05:30,85554.8125,85559.7265625,85491.5703125,85516.0234375,0.0
2025-12-24 13:15:00+05:30,85516.0234375,85523.3984375,85462.640625,85467.2265625,0.0
2025-12-24 13:30:00+05:30,85467.390625,85486.6484375,85407.421875,85469.0390625,0.0
2025-12-24 13:45:00+05:30,85469.109375,85489.5390625,85410.0625,85438.359375,0.0
2025-12-24 14:00:00+05:30,85437.890625,85495.0234375,85395.0625,85451.34375,0.0
2025-12-24 14:15:00+05:30,85453.078125,85478.3828125,85365.8203125,85395.578125,0.0
2025-12-24 14:30:00+05:30,85397.7734375,85432.390625,85344.34375,85416.2890625,0.0
2025-12-24 14:45:00+05:30,85417.6328125,85452.078125,85345.5,85437.5625,0.0
2025-12-24 15:00:00+05:30,85439.046875,85487.859375,85345.546875,85464.8828125,0.0
2025-12-24 15:15:00+05:30,85459.7421875,85459.7421875,85404.5703125,85408.8125,0.0
2025-12-26 09:15:00+05:30,85295.90625,85375.921875,85247.5390625,85341.2890625,0.0
2025-12-26 09:30:00+05:30,85341.9296875,85367.1484375,85189.8828125,85205.140625,0.0
2025-12-26 09:45:00+05:30,85203.1328125,85228.359375,85166.90625,85225.9375,0.0
2025-12-26 10:00:00+05:30,85219.75,85273.1328125,85184.609375,85239.7890625,0.0
2025-12-26 10:15:00+05:30,85240.1875,85241.4375,85181.9609375,85216.53125,0.0
2025-12-26 10:30:00+05:30,85214.6015625,85247.84375,85197.9296875,85223.6484375,0.0
2025-12-26 10:45:00+05:30,85222.75,85230.5390625,85186.5625,85211.1796875,0.0
2025-12-26 11:00:00+05:30,85209.703125,85227.4921875,85153.859375,85171.0703125,0.0
2025-12-26 11:15:00+05:30,85171.0234375,85173.15625,85129.203125,85143.2578125,0.0
2025-12-26 11:30:00+05:30,85144.6484375,85154.4375,85076.3515625,85093.1328125,0.0
2025-12-26 11:45:00+05:30,85092.9765625,85112.328125,85071.6796875,85089.203125,0.0
2025-12-26 12:00:00+05:30,85089.203125,85098.2734375,85067.6484375,85086.21875,0.0
2025-12-26 12:15:00+05:30,85086.71875,85118.421875,85074.4609375,85092.640625,0.0
2025-12-26 12:30:00+05:30,85093.15625,85096.7421875,85021.4609375,85032.1015625,0.0
2025-12-26 12:45:00+05:30,85027.453125,85041.46875,85011.6875,85015.65625,0.0
2025-12-26 13:00:00+05:30,85015.65625,85044.3515625,85000.21875,85034.421875,0.0
2025-12-26 13:15:00+05:30,85034.71875,85070.9609375,85033.828125,85061.046875,0.0
2025-12-26 13:30:00+05:30,85060.84375,85071.859375,85039.703125,85052.109375,0.0
2025-12-26 13:45:00+05:30,85052.546875,85072.890625,85037.0078125,85058.6328125,0.0
2025-12-26 14:00:00+05:30,85058.6328125,85071.4765625,85006.2421875,85034.859375,0.0
2025-12-26 14:15:00+05:30,85036.0703125,85049.859375,84955.21875,84987.46875,0.0
2025-12-26 14:30:00+05:30,84986.296875,84995.859375,84955.5703125,84963.8203125,0.0
2025-12-26 14:45:00+05:30,84963.3671875,85020.3671875,84937.8203125,85020.3671875,0.0
2025-12-26 15:00:00+05:30,85018.9375,85075.2265625,85015.5234375,85073.8984375,0.0
2025-12-26 15:15:00+05:30,85066.75,85066.75,85039.7421875,85041.203125,0.0
2025-12-29 09:15:00+05:30,85127.3203125,85248.9921875,85042.4375,85060.578125,0.0
2025-12-29 09:30:00+05:30,85056.4765625,85154.7734375,85056.4765625,85149.0234375,0.0
2025-12-29 09:45:00+05:30,85148.5234375,85171.09375,85003.390625,85004.3515625,0.0
2025-12-29 10:00:00+05:30,85001.8203125,85014.921875,84975.0390625,84994.40625,0.0
2025-12-29 10:15:00+05:30,84991.9375,85003.7578125,84946.4375,84974.4921875,0.0
2025-12-29 10:30:00+05:30,84971.90625,84972.9765625,84879.7109375,84879.7109375,0.0
2025-12-29 10:45:00+05:30,84879.0078125,84903.0078125,84858.2890625,84879.59375,0.0
2025-12-29 11:00:00+05:30,84873.5703125,84887.9375,84802.9765625,84815.46875,0.0
2025-12-29 11:15:00+05:30,84814.3671875,84814.3984375,84754.8828125,84788.0,0.0
2025-12-29 11:30:00+05:30,84788.0,84795.140625,84763.4609375,84786.8125,0.0
2025-12-29 11:45:00+05:30,84786.8125,84837.953125,84785.6796875,84796.78125,0.0
2025-12-29 12:00:00+05:30,84796.703125,84821.8671875,84765.359375,84803.4921875,0.0
2025-12-29 12:15:00+05:30,84803.4921875,84814.2734375,84746.796875,84770.0078125,0.0
2025-12-29 12:30:00+05:30,84772.21875,84785.1328125,84733.90625,84747.59375,0.0
2025-12-29 12:45:00+05:30,84746.9375,84762.703125,84725.609375,84761.0703125,0.0
2025-12-29 13:00:00+05:30,84759.9921875,84791.75,84738.6875,84738.6875,0.0
2025-12-29 13:15:00+05:30,84739.75,84747.28125,84685.3203125,84716.3125,0.0
2025-12-29 13:30:00+05:30,84716.703125,84724.0234375,84650.1171875,84682.3671875,0.0
2025-12-29 13:45:00+05:30,84682.3671875,84734.171875,84676.4296875,84718.6171875,0.0
2025-12-29 14:00:00+05:30,84718.6484375,84759.453125,84710.4375,84713.546875,0.0
2025-12-29 14:15:00+05:30,84713.2578125,84800.5,84650.8828125,84752.15625,0.0
2025-12-29 14:30:00+05:30,84754.546875,84766.3828125,84686.5078125,84693.1875,0.0
2025-12-29 14:45:00+05:30,84696.3828125,84721.3125,84662.6015625,84678.078125,0.0
2025-12-29 15:00:00+05:30,84682.3984375,84718.9296875,84641.5078125,84702.359375,0.0
2025-12-29 15:15:00+05:30,84695.34375,84695.890625,84680.640625,84695.5390625,0.0
2025-12-30 09:15:00+05:30,84686.1328125,84686.1328125,84471.2265625,84491.890625,0.0
2025-12-30 09:30:00+05:30,84492.390625,84684.5703125,84489.6171875,84681.40625,0.0
2025-12-30 09:45:00+05:30,84681.8828125,84709.3515625,84567.390625,84658.78125,0.0
2025-12-30 10:00:00+05:30,84656.1171875,84704.1484375,84614.6328125,84684.328125,0.0
2025-12-30 10:15:00+05:30,84684.78125,84788.5703125,84684.78125,84770.4296875,0.0
2025-12-30 10:30:00+05:30,84773.2109375,84802.640625,84695.09375,84703.90625,0.0
2025-12-30 10:45:00+05:30,84704.7890625,84705.1328125,84632.5078125,84646.7109375,0.0
2025-12-30 11:00:00+05:30,84646.953125,84662.0234375,84595.7578125,84624.25,0.0
2025-12-30 11:15:00+05:30,84624.25,84638.640625,84593.046875,84594.75,0.0
2025-12-30 11:30:00+05:30,84594.3984375,84594.859375,84536.5703125,84592.25,0.0
2025-12-30 11:45:00+05:30,84591.2578125,84609.34375,84532.25,84544.21875,0.0
2025-12-30 12:00:00+05:30,84542.7109375,84575.703125,84506.859375,84518.1875,0.0
2025-12-30 12:15:00+05:30,84518.1875,84540.1015625,84501.546875,84515.8984375,0.0
2025-12-30 12:30:00+05:30,84513.796875,84593.2578125,84510.5703125,84582.5625,0.0
2025-12-30 12:45:00+05:30,84582.7109375,84610.3671875,84539.796875,84542.84375,0.0
2025-12-30 13:00:00+05:30,84544.0234375,84558.03125,84514.1484375,84544.046875,0.0
2025-12-30 13:15:00+05:30,84543.7109375,84578.3515625,84531.421875,84567.1328125,0.0
2025-12-30 13:30:00+05:30,84567.59375,84678.5625,84552.5703125,84673.4375,0.0
2025-12-30 13:45:00+05:30,84674.3203125,84749.5625,84656.5234375,84665.7890625,0.0
2025-12-30 14:00:00+05:30,84663.171875,84709.4921875,84659.3671875,84679.4765625,0.0
2025-12-30 14:15:00+05:30,84679.4765625,84726.4375,84590.25,84601.2578125,0.0
2025-12-30 14:30:00+05:30,84598.0625,84691.1875,84593.2734375,84682.1171875,0.0
2025-12-30 14:45:00+05:30,84679.28125,84715.1796875,84641.59375,84669.5078125,0.0
2025-12-30 15:00:00+05:30,84664.3515625,84737.9375,84583.828125,84665.296875,0.0
2025-12-30 15:15:00+05:30,84667.6875,84675.078125,84660.296875,84675.078125,0.0
2025-12-31 09:15:00+05:30,84793.578125,84922.28125,84748.1015625,84882.546875,0.0
2025-12-31 09:30:00+05:30,84872.5703125,84910.8203125,84723.0234375,84725.828125,0.0
2025-12-31 09:45:00+05:30,84726.0703125,84806.5390625,84709.9609375,84772.0390625,0.0
2025-12-31 10:00:00+05:30,84779.3203125,84811.953125,84706.4296875,84811.953125,0.0
2025-12-31 10:15:00+05:30,84811.4375,84853.171875,84794.34375,84823.4375,0.0
2025-12-31 10:30:00+05:30,84824.2265625,84939.4296875,84819.078125,84932.03125,0.0
2025-12-31 10:45:00+05:30,84927.203125,84953.6015625,84890.7421875,84940.9609375,0.0
2025-12-31 11:00:00+05:30,84943.0703125,84974.15625,84927.203125,84965.296875,0.0
2025-12-31 11:15:00+05:30,84963.28125,85012.140625,84914.359375,84939.7265625,0.0
2025-12-31 11:30:00+05:30,84926.859375,85028.453125,84909.921875,85019.8515625,0.0
2025-12-31 11:45:00+05:30,85013.296875,85067.421875,84977.25,85037.7890625,0.0
2025-12-31 12:00:00+05:30,85036.46875,85087.671875,84987.609375,85085.6171875,0.0
2025-12-31 12:15:00+05:30,85085.4375,85122.4296875,85066.546875,85104.65625,0.0
2025-12-31 12:30:00+05:30,85104.4921875,85201.328125,85101.3125,85200.8515625,0.0
2025-12-31 12:45:00+05:30,85200.6328125,85310.6484375,85200.6328125,85291.5390625,0.0
2025-12-31 13:00:00+05:30,85292.0625,85320.046875,85279.5703125,85312.2265625,0.0
2025-12-31 13:15:00+05:30,85312.2265625,85346.0703125,85259.328125,85304.859375,0.0
2025-12-31 13:30:00+05:30,85304.96875,85351.7578125,85255.953125,85292.0390625,0.0
2025-12-31 13:45:00+05:30,85288.46875,85400.140625,85279.7265625,85374.359375,0.0
2025-12-31 14:00:00+05:30,85374.828125,85377.2421875,85299.8671875,85348.0,0.0
2025-12-31 14:15:00+05:30,85348.0,85367.7265625,85285.6875,85328.21875,0.0
2025-12-31 14:30:00+05:30,85327.65625,85432.828125,85318.2890625,85417.296875,0.0
2025-12-31 14:45:00+05:30,85417.9375,85437.1171875,85365.546875,85385.09375,0.0
2025-12-31 15:00:00+05:30,85379.4921875,85379.953125,85154.171875,85193.109375,0.0
2025-12-31 15:15:00+05:30,85196.859375,85232.5,85196.859375,85220.65625,0.0
2026-01-01 09:15:00+05:30,85293.84375,85443.078125,85289.2734375,85422.71875,0.0
2026-01-01 09:30:00+05:30,85424.53125,85424.53125,85332.46875,85410.4765625,0.0
2026-01-01 09:45:00+05:30,85415.109375,85448.421875,85293.203125,85318.0390625,0.0
2026-01-01 10:00:00+05:30,85317.3984375,85402.9609375,85276.7578125,85301.3515625,0.0
2026-01-01 10:15:00+05:30,85302.6328125,85340.328125,85172.421875,85339.453125,0.0
2026-01-01 10:30:00+05:30,85339.6484375,85380.6171875,85268.6875,85321.8203125,0.0
2026-01-01 10:45:00+05:30,85320.6328125,85412.6484375,85319.84375,85360.8203125,0.0
2026-01-01 11:00:00+05:30,85360.7734375,85401.34375,85301.59375,85365.078125,0.0
2026-01-01 11:15:00+05:30,85362.9765625,85364.6796875,85294.0234375,85343.203125,0.0
2026-01-01 11:30:00+05:30,85340.1015625,85344.0703125,85238.3671875,85255.796875,0.0
2026-01-01 11:45:00+05:30,85255.9765625,85269.0,85186.921875,85259.109375,0.0
2026-01-01 12:00:00+05:30,85255.1015625,85276.7265625,85163.5078125,85181.8828125,0.0
2026-01-01 12:15:00+05:30,85183.859375,85290.96875,85118.8203125,85247.203125,0.0
2026-01-01 12:30:00+05:30,85246.1796875,85270.140625,85167.2734375,85218.328125,0.0
2026-01-01 12:45:00+05:30,85216.2890625,85291.546875,85209.1015625,85262.25,0.0
2026-01-01 13:00:00+05:30,85262.546875,85292.2890625,85226.6875,85269.3984375,0.0
2026-01-01 13:15:00+05:30,85275.46875,85312.109375,85177.1484375,85269.4921875,0.0
2026-01-01 13:30:00+05:30,85268.5625,85293.7734375,85225.671875,85245.8671875,0.0
2026-01-01 13:45:00+05:30,85244.7734375,85299.546875,85230.4921875,85291.03125,0.0
2026-01-01 14:00:00+05:30,85290.578125,85345.390625,85254.1875,85307.65625,0.0
2026-01-01 14:15:00+05:30,85308.046875,85340.171875,85243.5625,85253.2734375,0.0
2026-01-01 14:30:00+05:30,85247.25,85304.203125,85243.828125,85269.3203125,0.0
2026-01-01 14:45:00+05:30,85268.5625,85307.2578125,85224.40625,85269.40625,0.0
2026-01-01 15:00:00+05:30,85270.390625,85285.640625,85153.4375,85180.65625,0.0
2026-01-01 15:15:00+05:30,85170.0390625,85210.78125,85170.0390625,85188.6171875,0.0
2026-01-01 15:30:00+05:30,85188.6015625,85188.6015625,85188.6015625,85188.6015625,0.0
