Date,Open,High,Low,Close,Volume
2025-10-09 09:15:00+05:30,81863.671875,81905.7578125,81742.8203125,81791.5078125,0.0
2025-10-09 09:20:00+05:30,81792.609375,81970.09375,81792.609375,81963.859375,0.0
2025-10-09 09:25:00+05:30,81967.5625,81990.34375,81933.4296875,81967.25,0.0
2025-10-09 09:30:00+05:30,81967.3828125,82009.140625,81901.203125,81907.796875,0.0
2025-10-09 09:35:00+05:30,81906.25,81941.03125,81847.078125,81914.7265625,0.0
2025-10-09 09:40:00+05:30,81918.2265625,81926.6484375,81837.140625,81837.140625,0.0
2025-10-09 09:45:00+05:30,81835.9765625,81864.109375,81801.2734375,81804.7265625,0.0
2025-10-09 09:50:00+05:30,81805.5234375,81807.453125,81734.15625,81778.3671875,0.0
2025-10-09 09:55:00+05:30,81777.5390625,81790.6328125,81756.390625,81756.390625,0.0
2025-10-09 10:00:00+05:30,81754.59375,81781.21875,81725.109375,81771.7890625,0.0
2025-10-09 10:05:00+05:30,81772.609375,81772.609375,81725.53125,81738.390625,0.0
2025-10-09 10:10:00+05:30,81733.5625,81748.703125,81667.796875,81698.0,0.0
2025-10-09 10:15:00+05:30,81696.6171875,81757.578125,81679.578125,81745.390625,0.0
2025-10-09 10:20:00+05:30,81745.1796875,81821.859375,81718.9296875,81818.6328125,0.0
2025-10-09 10:25:00+05:30,81818.6015625,81859.7265625,81802.9296875,81843.203125,0.0
2025-10-09 10:30:00+05:30,81841.296875,81890.7109375,81836.34375,81888.5625,0.0
2025-10-09 10:35:00+05:30,81889.109375,81939.46875,81887.453125,81925.2578125,0.0
2025-10-09 10:40:00+05:30,81925.2578125,81933.1171875,81882.359375,81921.03125,0.0
2025-10-09 10:45:00+05:30,81921.2890625,81933.8515625,81896.78125,81896.78125,0.0
2025-10-09 10:50:00+05:30,81898.546875,81904.4921875,81837.40625,81872.7421875,0.0
2025-10-09 10:55:00+05:30,81872.890625,81912.5625,81855.640625,81907.5390625,0.0
2025-10-09 11:00:00+05:30,81907.5703125,81994.0390625,81907.5703125,81961.796875,0.0
2025-10-09 11:05:00+05:30,81962.3515625,82078.5078125,81959.546875,82065.703125,0.0
2025-10-09 11:10:00+05:30,82065.71875,82085.8828125,82046.171875,82070.7109375,0.0
2025-10-09 11:15:00+05:30,82069.1171875,82072.8828125,81993.5625,81996.7890625,0.0
2025-10-09 11:20:00+05:30,82001.1015625,82046.1484375,81996.109375,82018.9296875,0.0
2025-10-09 11:25:00+05:30,82018.84375,82056.2578125,82015.8203125,82047.1171875,0.0
2025-10-09 11:30:00+05:30,82047.171875,82075.046875,82026.8125,82075.0078125,0.0
2025-10-09 11:35:00+05:30,82076.7265625,82127.8828125,82076.7265625,82102.4609375,0.0
2025-10-09 11:40:00+05:30,82101.328125,82118.75,82055.15625,82070.453125,0.0
2025-10-09 11:45:00+05:30,82071.453125,82159.828125,82061.203125,82137.03125,0.0
2025-10-09 11:50:00+05:30,82137.8671875,82144.859375,82043.90625,82067.9375,0.0
2025-10-09 11:55:00+05:30,82065.609375,82065.7265625,82004.5625,82004.5625,0.0
2025-10-09 12:00:00+05:30,82006.078125,82063.9765625,82003.6171875,82022.65625,0.0
2025-10-09 12:05:00+05:30,82023.1015625,82025.109375,81972.953125,81985.078125,0.0
2025-10-09 12:10:00+05:30,81985.078125,82023.7421875,81983.828125,82015.53125,0.0
2025-10-09 12:15:00+05:30,82015.53125,82068.65625,82015.53125,82062.4921875,0.0
2025-10-09 12:20:00+05:30,82058.640625,82080.9296875,82052.1875,82063.953125,0.0
2025-10-09 12:25:00+05:30,82063.953125,82072.640625,82029.3515625,82042.453125,0.0
2025-10-09 12:30:00+05:30,82040.53125,82048.9296875,82006.390625,82033.140625,0.0
2025-10-09 12:35:00+05:30,82035.7734375,82053.3671875,82013.078125,82016.078125,0.0
2025-10-09 12:40:00+05:30,82014.453125,82026.1015625,81963.90625,82009.1171875,0.0
2025-10-09 12:45:00+05:30,82009.0703125,82039.140625,81989.0390625,82036.609375,0.0
2025-10-09 12:50:00+05:30,82032.96875,82059.203125,81994.9375,82004.2734375,0.0
2025-10-09 12:55:00+05:30,82003.5625,82032.9921875,81986.703125,82001.6875,0.0
2025-10-09 13:00:00+05:30,82000.453125,82013.109375,81962.6171875,81985.9921875,0.0
2025-10-09 13:05:00+05:30,81987.28125,82030.546875,81987.28125,82012.171875,0.0
2025-10-09 13:10:00+05:30,82013.9609375,82019.6796875,81951.9609375,81988.1015625,0.0
2025-10-09 13:15:00+05:30,81989.3828125,82032.140625,81974.4609375,82031.9609375,0.0
2025-10-09 13:20:00+05:30,82031.9609375,82034.1484375,81987.671875,81994.1171875,0.0
2025-10-09 13:25:00+05:30,81993.578125,82028.7734375,81974.46875,82024.296875,0.0
2025-10-09 13:30:00+05:30,82024.296875,82093.4609375,82019.71875,82050.2265625,0.0
2025-10-09 13:35:00+05:30,82049.7265625,82052.796875,81999.796875,82006.578125,0.0
2025-10-09 13:40:00+05:30,82007.296875,82062.78125,82001.859375,82052.25,0.0
2025-10-09 13:45:00+05:30,82052.453125,82081.78125,82037.4296875,82045.796875,0.0
2025-10-09 13:50:00+05:30,82045.796875,82074.7578125,82023.6171875,82074.7578125,0.0
2025-10-09 13:55:00+05:30,82072.359375,82131.2421875,82070.6171875,82131.2421875,0.0
2025-10-09 14:00:00+05:30,82130.84375,82145.7421875,82083.03125,82133.8203125,0.0
2025-10-09 14:05:00+05:30,82134.3828125,82155.953125,82112.0703125,82114.71875,0.0
2025-10-09 14:10:00+05:30,82117.4609375,82141.46875,82008.15625,82042.2578125,0.0
2025-10-09 14:15:00+05:30,82039.8203125,82055.6484375,81972.2734375,82005.8671875,0.0
2025-10-09 14:20:00+05:30,82000.5078125,82003.03125,81951.40625,81959.953125,0.0
2025-10-09 14:25:00+05:30,81959.8203125,82015.7265625,81948.0234375,82001.6328125,0.0
2025-10-09 14:30:00+05:30,82003.0,82058.46875,81972.2734375,81972.2734375,0.0
2025-10-09 14:35:00+05:30,81970.703125,82091.203125,81966.7109375,82082.828125,0.0
2025-10-09 14:40:00+05:30,82085.5,82112.09375,82045.65625,82067.53125,0.0
2025-10-09 14:45:00+05:30,82064.8515625,82094.8671875,81994.8984375,81994.8984375,0.0
2025-10-09 14:50:00+05:30,81995.0703125,82109.1875,81980.34375,82076.703125,0.0
2025-10-09 14:55:00+05:30,82077.4609375,82133.2421875,82072.0625,82114.578125,0.0
2025-10-09 15:00:00+05:30,82120.1015625,82216.34375,82118.578125,82156.65625,0.0
2025-10-09 15:05:00+05:30,82154.9921875,82239.1484375,82090.7890625,82219.03125,0.0
2025-10-09 15:10:00+05:30,82224.796875,82224.796875,82135.9296875,82136.34375,0.0
2025-10-09 15:15:00+05:30,82135.890625,82175.703125,82135.890625,82175.65625,0.0
2025-10-09 15:20:00+05:30,82175.65625,82175.8671875,82168.7265625,82171.46875,0.0
2025-10-09 15:25:00+05:30,82171.46875,82172.0234375,82170.6171875,82171.9765625,0.0
2025-10-10 09:15:00+05:30,82075.453125,82338.8671875,82075.453125,82319.78125,0.0
2025-10-10 09:20:00+05:30,82324.109375,82386.1796875,82282.8203125,82372.28125,0.0
2025-10-10 09:25:00+05:30,82375.3515625,82378.7890625,82304.5234375,82336.71875,0.0
2025-10-10 09:30:00+05:30,82346.828125,82415.2734375,82345.2265625,82398.4375,0.0
2025-10-10 09:35:00+05:30,82399.609375,82422.4765625,82376.7734375,82387.6328125,0.0
2025-10-10 09:40:00+05:30,82382.8828125,82459.15625,82365.296875,82456.7265625,0.0
2025-10-10 09:45:00+05:30,82456.7265625,82551.65625,82456.7265625,82506.953125,0.0
2025-10-10 09:50:00+05:30,82506.828125,82519.25,82440.796875,82467.59375,0.0
2025-10-10 09:55:00+05:30,82463.34375,82465.65625,82429.1015625,82456.46875,0.0
2025-10-10 10:00:00+05:30,82456.46875,82485.21875,82441.609375,82470.4765625,0.0
2025-10-10 10:05:00+05:30,82469.4296875,82485.2578125,82405.796875,82434.421875,0.0
2025-10-10 10:10:00+05:30,82434.703125,82460.8828125,82413.7890625,82453.078125,0.0
2025-10-10 10:15:00+05:30,82451.15625,82554.0078125,82450.203125,82542.6484375,0.0
2025-10-10 10:20:00+05:30,82547.5390625,82573.3125,82492.703125,82510.7421875,0.0
2025-10-10 10:25:00+05:30,82507.1875,82523.0,82491.078125,82495.40625,0.0
2025-10-10 10:30:00+05:30,82496.7109375,82534.2265625,82494.65625,82503.90625,0.0
2025-10-10 10:35:00+05:30,82505.3515625,82527.65625,82466.0234375,82483.75,0.0
2025-10-10 10:40:00+05:30,82484.3984375,82515.2421875,82450.296875,82451.4609375,0.0
2025-10-10 10:45:00+05:30,82451.9765625,82496.8203125,82437.46875,82491.359375,0.0
2025-10-10 10:50:00+05:30,82489.6796875,82541.359375,82489.6796875,82541.359375,0.0
2025-10-10 10:55:00+05:30,82542.140625,82569.0703125,82537.0625,82555.7265625,0.0
2025-10-10 11:00:00+05:30,82555.1171875,82579.421875,82534.9921875,82576.6171875,0.0
2025-10-10 11:05:00+05:30,82577.3828125,82589.921875,82526.3828125,82526.6796875,0.0
2025-10-10 11:10:00+05:30,82526.453125,82585.296875,82513.6484375,82584.8984375,0.0
2025-10-10 11:15:00+05:30,82586.53125,82616.1875,82563.609375,82572.1328125,0.0
2025-10-10 11:20:00+05:30,82572.53125,82578.5,82512.359375,82528.359375,0.0
2025-10-10 11:25:00+05:30,82530.6171875,82543.7890625,82486.6875,82501.3984375,0.0
2025-10-10 11:30:00+05:30,82502.828125,82506.0390625,82453.6171875,82486.2890625,0.0
2025-10-10 11:35:00+05:30,82487.2578125,82543.0078125,82487.2578125,82490.171875,0.0
2025-10-10 11:40:00+05:30,82490.3671875,82524.203125,82482.7734375,82507.28125,0.0
2025-10-10 11:45:00+05:30,82507.4765625,82523.078125,82494.2890625,82516.671875,0.0
2025-10-10 11:50:00+05:30,82513.9609375,82520.9765625,82472.109375,82503.09375,0.0
2025-10-10 11:55:00+05:30,82504.203125,82511.1875,82466.6328125,82473.8828125,0.0
2025-10-10 12:00:00+05:30,82479.5078125,82534.8203125,82479.5078125,82525.453125,0.0
2025-10-10 12:05:00+05:30,82523.4296875,82531.796875,82458.4765625,82469.3828125,0.0
2025-10-10 12:10:00+05:30,82469.2734375,82488.671875,82456.0625,82483.6875,0.0
2025-10-10 12:15:00+05:30,82487.8203125,82515.1328125,82459.8203125,82462.1796875,0.0
2025-10-10 12:20:00+05:30,82462.1796875,82505.28125,82453.0390625,82489.53125,0.0
2025-10-10 12:25:00+05:30,82488.15625,82510.84375,82488.046875,82489.671875,0.0
2025-10-10 12:30:00+05:30,82489.671875,82496.640625,82465.5390625,82472.0234375,0.0
2025-10-10 12:35:00+05:30,82472.0234375,82499.859375,82451.4609375,82481.078125,0.0
2025-10-10 12:40:00+05:30,82481.078125,82560.2421875,82454.1875,82560.2421875,0.0
2025-10-10 12:45:00+05:30,82560.2421875,82622.359375,82554.1796875,82565.546875,0.0
2025-10-10 12:50:00+05:30,82566.3203125,82624.109375,82548.140625,82617.6171875,0.0
2025-10-10 12:55:00+05:30,82617.4765625,82621.3984375,82589.9765625,82601.703125,0.0
2025-10-10 13:00:00+05:30,82601.703125,82626.9765625,82585.453125,82601.953125,0.0
2025-10-10 13:05:00+05:30,82603.2421875,82614.96875,82551.3515625,82552.703125,0.0
2025-10-10 13:10:00+05:30,82558.15625,82565.4609375,82518.34375,82565.4609375,0.0
2025-10-10 13:15:00+05:30,82565.359375,82620.2421875,82556.796875,82595.90625,0.0
2025-10-10 13:20:00+05:30,82595.90625,82625.25,82558.546875,82616.171875,0.0
2025-10-10 13:25:00+05:30,82617.8984375,82617.8984375,82494.9609375,82555.1875,0.0
2025-10-10 13:30:00+05:30,82555.203125,82631.109375,82555.203125,82630.8984375,0.0
2025-10-10 13:35:00+05:30,82630.3203125,82644.828125,82596.421875,82644.390625,0.0
2025-10-10 13:40:00+05:30,82645.3203125,82653.59375,82611.640625,82613.8515625,0.0
2025-10-10 13:45:00+05:30,82615.2421875,82622.1796875,82589.328125,82593.7109375,0.0
2025-10-10 13:50:00+05:30,82594.3125,82603.0390625,82578.703125,82592.0,0.0
2025-10-10 13:55:00+05:30,82592.40625,82623.5703125,82579.09375,82581.171875,0.0
2025-10-10 14:00:00+05:30,82580.078125,82606.0390625,82562.78125,82589.2890625,0.0
2025-10-10 14:05:00+05:30,82590.34375,82601.75,82572.953125,82573.4296875,0.0
2025-10-10 14:10:00+05:30,82572.46875,82585.28125,82545.828125,82584.0703125,0.0
2025-10-10 14:15:00+05:30,82585.15625,82604.3984375,82547.78125,82552.40625,0.0
2025-10-10 14:20:00+05:30,82552.328125,82602.25,82545.75,82600.3125,0.0
2025-10-10 14:25:00+05:30,82601.5390625,82607.34375,82579.3984375,82581.0,0.0
2025-10-10 14:30:00+05:30,82581.0,82599.421875,82536.9609375,82559.15625,0.0
2025-10-10 14:35:00+05:30,82560.7890625,82587.296875,82557.2734375,82570.0,0.0
2025-10-10 14:40:00+05:30,82571.6328125,82584.671875,82530.78125,82577.296875,0.0
2025-10-10 14:45:00+05:30,82576.078125,82579.3984375,82439.4921875,82516.890625,0.0
2025-10-10 14:50:00+05:30,82515.546875,82561.5,82515.546875,82555.40625,0.0
2025-10-10 14:55:00+05:30,82550.6171875,82568.5390625,82499.8671875,82561.921875,0.0
2025-10-10 15:00:00+05:30,82561.59375,82572.2734375,82454.7890625,82501.5703125,0.0
2025-10-10 15:05:00+05:30,82495.296875,82503.5234375,82468.4921875,82488.78125,0.0
2025-10-10 15:10:00+05:30,82491.3515625,82532.6875,82489.3203125,82493.328125,0.0
2025-10-10 15:15:00+05:30,82488.7109375,82525.7578125,82488.7109375,82510.3125,0.0
2025-10-10 15:20:00+05:30,82510.453125,82511.84375,82506.390625,82506.390625,0.0
2025-10-10 15:25:00+05:30,82505.8828125,82506.65625,82501.28125,82501.28125,0.0
2025-10-13 09:15:00+05:30,82060.84375,82314.3203125,82060.84375,82215.5,0.0
2025-10-13 09:20:00+05:30,82222.609375,82290.390625,82184.421875,82263.8203125,0.0
2025-10-13 09:25:00+05:30,82267.7109375,82267.7109375,82155.3203125,82187.046875,0.0
2025-10-13 09:30:00+05:30,82189.390625,82189.390625,82061.7890625,82110.3828125,0.0
2025-10-13 09:35:00+05:30,82106.4765625,82204.703125,82043.2265625,82200.8984375,0.0
2025-10-13 09:40:00+05:30,82200.2734375,82278.2734375,82195.46875,82278.2734375,0.0
2025-10-13 09:45:00+05:30,82277.4921875,82329.1484375,82239.2421875,82303.96875,0.0
2025-10-13 09:50:00+05:30,82299.453125,82308.2109375,82197.7265625,82207.109375,0.0
2025-10-13 09:55:00+05:30,82202.6328125,82225.21875,82180.171875,82220.9375,0.0
2025-10-13 10:00:00+05:30,82222.0078125,82230.8828125,82146.9296875,82179.15625,0.0
2025-10-13 10:05:00+05:30,82175.7265625,82217.640625,82132.71875,82216.6171875,0.0
2025-10-13 10:10:00+05:30,82213.5234375,82226.7421875,82166.796875,82191.203125,0.0
2025-10-13 10:15:00+05:30,82186.59375,82210.7265625,82165.7421875,82172.09375,0.0
2025-10-13 10:20:00+05:30,82173.421875,82184.90625,82126.3828125,82183.2265625,0.0
2025-10-13 10:25:00+05:30,82182.1796875,82246.75,82165.328125,82239.5078125,0.0
2025-10-13 10:30:00+05:30,82235.9609375,82283.078125,82235.9609375,82257.3203125,0.0
2025-10-13 10:35:00+05:30,82255.671875,82302.4296875,82247.6875,82269.609375,0.0
2025-10-13 10:40:00+05:30,82268.25,82300.546875,82240.6875,82246.890625,0.0
2025-10-13 10:45:00+05:30,82243.78125,82257.15625,82222.921875,82233.9765625,0.0
2025-10-13 10:50:00+05:30,82234.109375,82241.1875,82209.7109375,82209.7109375,0.0
2025-10-13 10:55:00+05:30,82208.9765625,82211.5390625,82169.9921875,82196.7890625,0.0
2025-10-13 11:00:00+05:30,82198.71875,82208.1015625,82175.4375,82208.1015625,0.0
2025-10-13 11:05:00+05:30,82208.1015625,82234.359375,82194.3828125,82232.2578125,0.0
2025-10-13 11:10:00+05:30,82232.5703125,82245.0390625,82181.0078125,82205.25,0.0
2025-10-13 11:15:00+05:30,82207.0,82227.921875,82141.6484375,82165.2265625,0.0
2025-10-13 11:20:00+05:30,82166.2734375,82184.40625,82121.7421875,82123.4296875,0.0
2025-10-13 11:25:00+05:30,82115.578125,82161.7890625,82106.140625,82153.09375,0.0
2025-10-13 11:30:00+05:30,82151.8671875,82179.390625,82151.6015625,82156.7421875,0.0
2025-10-13 11:35:00+05:30,82156.1484375,82164.6875,82137.5625,82148.6171875,0.0
2025-10-13 11:40:00+05:30,82149.9921875,82176.96875,82139.046875,82151.9375,0.0
2025-10-13 11:45:00+05:30,82154.921875,82197.0625,82133.2109375,82193.859375,0.0
2025-10-13 11:50:00+05:30,82196.1484375,82203.1328125,82177.1015625,82200.7109375,0.0
2025-10-13 11:55:00+05:30,82200.7109375,82222.4765625,82194.65625,82219.140625,0.0
2025-10-13 12:00:00+05:30,82219.65625,82236.078125,82131.7265625,82151.0234375,0.0
2025-10-13 12:05:00+05:30,82151.3125,82170.5234375,82140.421875,82147.8203125,0.0
2025-10-13 12:10:00+05:30,82150.6796875,82234.9375,82150.2734375,82197.203125,0.0
2025-10-13 12:15:00+05:30,82198.0,82199.6875,82147.0625,82153.59375,0.0
2025-10-13 12:20:00+05:30,82157.8203125,82165.5,82141.3515625,82160.25,0.0
2025-10-13 12:25:00+05:30,82158.328125,82195.453125,82151.4921875,82189.9375,0.0
2025-10-13 12:30:00+05:30,82186.90625,82201.9921875,82151.8671875,82170.78125,0.0
2025-10-13 12:35:00+05:30,82170.78125,82208.796875,82162.4765625,82194.703125,0.0
2025-10-13 12:40:00+05:30,82196.96875,82234.6796875,82184.65625,82231.4609375,0.0
2025-10-13 12:45:00+05:30,82238.9375,82254.2421875,82166.4375,82169.046875,0.0
2025-10-13 12:50:00+05:30,82167.8828125,82195.78125,82138.9765625,82185.8125,0.0
2025-10-13 12:55:00+05:30,82186.2578125,82257.03125,82181.15625,82257.03125,0.0
2025-10-13 13:00:00+05:30,82258.3828125,82262.859375,82136.78125,82145.5078125,0.0
2025-10-13 13:05:00+05:30,82145.5078125,82195.71875,82145.046875,82184.2109375,0.0
2025-10-13 13:10:00+05:30,82183.5078125,82257.5390625,82181.03125,82257.5390625,0.0
2025-10-13 13:15:00+05:30,82256.0390625,82312.109375,82212.390625,82214.1796875,0.0
2025-10-13 13:20:00+05:30,82215.2421875,82215.2421875,82153.3984375,82153.3984375,0.0
2025-10-13 13:25:00+05:30,82153.2265625,82207.359375,82144.921875,82190.4765625,0.0
2025-10-13 13:30:00+05:30,82189.390625,82234.75,82181.3125,82200.15625,0.0
2025-10-13 13:35:00+05:30,82200.8125,82210.9375,82181.3125,82203.3125,0.0
2025-10-13 13:40:00+05:30,82202.5625,82232.3671875,82202.5625,82221.0078125,0.0
2025-10-13 13:45:00+05:30,82220.84375,82271.5625,82211.2578125,82271.5625,0.0
2025-10-13 13:50:00+05:30,82269.4765625,82272.59375,82189.109375,82204.8984375,0.0
2025-10-13 13:55:00+05:30,82205.359375,82225.5703125,82156.71875,82166.5390625,0.0
2025-10-13 14:00:00+05:30,82171.96875,82283.15625,82171.96875,82283.1484375,0.0
2025-10-13 14:05:00+05:30,82283.7421875,82311.84375,82272.6328125,82289.3671875,0.0
2025-10-13 14:10:00+05:30,82289.953125,82302.7578125,82261.671875,82261.671875,0.0
2025-10-13 14:15:00+05:30,82264.3984375,82285.1015625,82227.40625,82229.2734375,0.0
2025-10-13 14:20:00+05:30,82224.7890625,82341.9921875,82217.9375,82330.3828125,0.0
2025-10-13 14:25:00+05:30,82330.59375,82437.359375,82315.703125,82416.0703125,0.0
2025-10-13 14:30:00+05:30,82416.1328125,82432.421875,82396.078125,82401.5625,0.0
2025-10-13 14:35:00+05:30,82399.0,82420.40625,82395.4375,82402.6875,0.0
2025-10-13 14:40:00+05:30,82403.390625,82403.390625,82321.15625,82384.7890625,0.0
2025-10-13 14:45:00+05:30,82385.1171875,82404.296875,82332.890625,82344.2265625,0.0
2025-10-13 14:50:00+05:30,82344.203125,82432.15625,82339.1328125,82410.03125,0.0
2025-10-13 14:55:00+05:30,82410.671875,82419.0703125,82367.1484375,82398.03125,0.0
2025-10-13 15:00:00+05:30,82398.3671875,82398.71875,82283.1171875,82288.953125,0.0
2025-10-13 15:05:00+05:30,82289.0,82308.4375,82278.609375,82303.390625,0.0
2025-10-13 15:10:00+05:30,82304.0390625,82304.0390625,82273.03125,82292.0,0.0
2025-10-13 15:15:00+05:30,82289.1484375,82321.59375,82289.1484375,82320.4765625,0.0
2025-10-13 15:20:00+05:30,82320.4765625,82324.796875,82319.7890625,82324.796875,0.0
2025-10-13 15:25:00+05:30,82324.78125,82327.4765625,82324.78125,82326.9375,0.0
2025-10-14 09:15:00+05:30,82421.609375,82568.4375,82421.609375,82519.609375,0.0
2025-10-14 09:20:00+05:30,82517.5078125,82569.7578125,82496.9375,82544.9296875,0.0
2025-10-14 09:25:00+05:30,82544.171875,82558.2265625,82499.296875,82545.4375,0.0
2025-10-14 09:30:00+05:30,82546.03125,82559.8671875,82459.4296875,82459.9765625,0.0
2025-10-14 09:35:00+05:30,82468.0390625,82515.3828125,82379.796875,82379.796875,0.0
2025-10-14 09:40:00+05:30,82377.078125,82425.78125,82320.109375,82331.546875,0.0
2025-10-14 09:45:00+05:30,82327.9296875,82366.8984375,82265.1171875,82305.2109375,0.0
2025-10-14 09:50:00+05:30,82305.2109375,82340.15625,82254.421875,82260.0390625,0.0
2025-10-14 09:55:00+05:30,82262.3203125,82286.4375,82200.578125,82211.640625,0.0
2025-10-14 10:00:00+05:30,82212.5625,82305.421875,82139.90625,82171.6484375,0.0
2025-10-14 10:05:00+05:30,82170.8203125,82182.859375,82108.7578125,82165.09375,0.0
2025-10-14 10:10:00+05:30,82164.890625,82226.6328125,82148.0703125,82182.4921875,0.0
2025-10-14 10:15:00+05:30,82179.7578125,82221.8203125,82108.171875,82147.8203125,0.0
2025-10-14 10:20:00+05:30,82148.96875,82163.828125,82083.8828125,82159.8125,0.0
2025-10-14 10:25:00+05:30,82164.53125,82258.2578125,82153.4375,82233.6015625,0.0
2025-10-14 10:30:00+05:30,82243.5625,82286.796875,82211.46875,82268.296875,0.0
2025-10-14 10:35:00+05:30,82268.390625,82279.828125,82229.8203125,82260.546875,0.0
2025-10-14 10:40:00+05:30,82260.109375,82319.7421875,82195.5078125,82258.90625,0.0
2025-10-14 10:45:00+05:30,82258.90625,82350.140625,82258.90625,82267.5390625,0.0
2025-10-14 10:50:00+05:30,82266.203125,82268.3671875,82224.921875,82242.4921875,0.0
2025-10-14 10:55:00+05:30,82241.90625,82261.453125,82215.578125,82236.8515625,0.0
2025-10-14 11:00:00+05:30,82245.6875,82246.6171875,82156.65625,82174.1796875,0.0
2025-10-14 11:05:00+05:30,82175.8203125,82213.2265625,82123.6484375,82158.71875,0.0
2025-10-14 11:10:00+05:30,82162.359375,82168.6328125,82094.203125,82159.171875,0.0
2025-10-14 11:15:00+05:30,82160.1171875,82160.1171875,82020.5390625,82030.6328125,0.0
2025-10-14 11:20:00+05:30,82038.4765625,82063.953125,81996.8125,82006.46875,0.0
2025-10-14 11:25:00+05:30,82004.640625,82043.15625,81954.9765625,82040.3203125,0.0
2025-10-14 11:30:00+05:30,82028.53125,82041.171875,81984.8203125,82026.328125,0.0
2025-10-14 11:35:00+05:30,82029.578125,82073.40625,82008.453125,82048.8515625,0.0
2025-10-14 11:40:00+05:30,82048.703125,82106.40625,82030.7265625,82069.0078125,0.0
2025-10-14 11:45:00+05:30,82069.8125,82069.9296875,82000.390625,82065.5703125,0.0
2025-10-14 11:50:00+05:30,82065.671875,82078.1796875,82032.34375,82078.1796875,0.0
2025-10-14 11:55:00+05:30,82075.6484375,82124.2265625,82040.8671875,82067.5234375,0.0
2025-10-14 12:00:00+05:30,82070.0390625,82144.4609375,82070.0390625,82111.0234375,0.0
2025-10-14 12:05:00+05:30,82107.7265625,82109.0078125,81938.078125,81976.1015625,0.0
2025-10-14 12:10:00+05:30,81976.1484375,81976.1484375,81905.7734375,81956.53125,0.0
2025-10-14 12:15:00+05:30,81958.8828125,81978.09375,81946.328125,81967.15625,0.0
2025-10-14 12:20:00+05:30,81967.5234375,82001.640625,81941.6015625,81983.4375,0.0
2025-10-14 12:25:00+05:30,81983.53125,81984.6015625,81870.828125,81870.828125,0.0
2025-10-14 12:30:00+05:30,81870.0625,81916.1328125,81850.0703125,81916.1328125,0.0
2025-10-14 12:35:00+05:30,81915.03125,81936.2578125,81862.9375,81862.9375,0.0
2025-10-14 12:40:00+05:30,81864.953125,81865.2265625,81782.2734375,81786.9296875,0.0
2025-10-14 12:45:00+05:30,81784.921875,81865.5,81784.3984375,81851.71875,0.0
2025-10-14 12:50:00+05:30,81852.6484375,81897.890625,81846.5703125,81873.296875,0.0
2025-10-14 12:55:00+05:30,81873.0078125,81905.6484375,81863.6875,81899.46875,0.0
2025-10-14 13:00:00+05:30,81899.46875,81922.1484375,81840.9296875,81858.6796875,0.0
2025-10-14 13:05:00+05:30,81857.3203125,81907.6328125,81797.9765625,81802.8984375,0.0
2025-10-14 13:10:00+05:30,81803.6875,81868.4375,81797.8125,81830.328125,0.0
2025-10-14 13:15:00+05:30,81830.34375,81854.890625,81830.1171875,81846.8828125,0.0
2025-10-14 13:20:00+05:30,81852.140625,81883.640625,81826.3984375,81870.15625,0.0
2025-10-14 13:25:00+05:30,81868.7109375,81895.890625,81865.390625,81894.2109375,0.0
2025-10-14 13:30:00+05:30,81895.2109375,81989.4609375,81894.078125,81988.9765625,0.0
2025-10-14 13:35:00+05:30,81988.9765625,82030.25,81942.796875,81971.0703125,0.0
2025-10-14 13:40:00+05:30,81975.3515625,82014.2421875,81965.8125,81982.640625,0.0
2025-10-14 13:45:00+05:30,81981.78125,82011.2109375,81895.3515625,81981.0,0.0
2025-10-14 13:50:00+05:30,81980.15625,81993.6328125,81916.46875,81925.0625,0.0
2025-10-14 13:55:00+05:30,81924.078125,81970.953125,81906.8203125,81958.328125,0.0
2025-10-14 14:00:00+05:30,81960.28125,81983.7734375,81947.7578125,81983.7734375,0.0
2025-10-14 14:05:00+05:30,81989.0,82000.640625,81972.390625,81997.578125,0.0
2025-10-14 14:10:00+05:30,81996.7109375,81996.7109375,81892.15625,81959.9765625,0.0
2025-10-14 14:15:00+05:30,81960.2421875,82025.0703125,81900.9921875,81905.5234375,0.0
2025-10-14 14:20:00+05:30,81906.640625,82041.7890625,81906.640625,82040.0625,0.0
2025-10-14 14:25:00+05:30,82040.5,82068.921875,82027.4375,82037.7265625,0.0
2025-10-14 14:30:00+05:30,82038.9609375,82130.2578125,82038.84375,82123.2578125,0.0
2025-10-14 14:35:00+05:30,82124.7109375,82208.75,82112.4296875,82115.6875,0.0
2025-10-14 14:40:00+05:30,82115.5234375,82170.21875,82093.53125,82160.34375,0.0
2025-10-14 14:45:00+05:30,82160.34375,82204.4296875,82030.4765625,82120.421875,0.0
2025-10-14 14:50:00+05:30,82118.9375,82128.8125,82089.0625,82124.46875,0.0
2025-10-14 14:55:00+05:30,82123.78125,82147.453125,82077.3828125,82129.1875,0.0
2025-10-14 15:00:00+05:30,82131.328125,82147.921875,82058.4765625,82068.4921875,0.0
2025-10-14 15:05:00+05:30,82071.2734375,82111.0078125,82037.3203125,82073.046875,0.0
2025-10-14 15:10:00+05:30,82072.1015625,82073.3671875,82006.53125,82041.6015625,0.0
2025-10-14 15:15:00+05:30,82041.7109375,82079.828125,82041.7109375,82067.4296875,0.0
2025-10-14 15:20:00+05:30,82067.4296875,82067.4296875,82047.328125,82047.4921875,0.0
2025-10-14 15:25:00+05:30,82047.4921875,82047.4921875,82029.9765625,82029.9765625,0.0
2025-10-15 09:15:00+05:30,82189.34375,82377.25,82097.0078125,82327.9765625,0.0
2025-10-15 09:20:00+05:30,82329.0234375,82384.046875,82287.328125,82317.40625,0.0
2025-10-15 09:25:00+05:30,82316.2265625,82382.2578125,82302.2109375,82345.96875,0.0
2025-10-15 09:30:00+05:30,82348.796875,82411.75,82337.8515625,82341.75,0.0
2025-10-15 09:35:00+05:30,82340.78125,82366.7109375,82238.4921875,82262.890625,0.0
2025-10-15 09:40:00+05:30,82264.453125,82269.1484375,82206.3125,82228.5390625,0.0
2025-10-15 09:45:00+05:30,82231.1796875,82308.1171875,82222.6171875,82255.21875,0.0
2025-10-15 09:50:00+05:30,82251.828125,82251.828125,82158.4375,82237.90625,0.0
2025-10-15 09:55:00+05:30,82233.7890625,82272.9296875,82200.09375,82205.609375,0.0
2025-10-15 10:00:00+05:30,82204.3828125,82258.3828125,82200.03125,82213.8828125,0.0
2025-10-15 10:05:00+05:30,82213.25,82272.140625,82202.7890625,82272.140625,0.0
2025-10-15 10:10:00+05:30,82271.3125,82341.953125,82254.78125,82334.8515625,0.0
2025-10-15 10:15:00+05:30,82337.5234375,82372.1015625,82326.96875,82332.84375,0.0
2025-10-15 10:20:00+05:30,82332.3828125,82439.3984375,82324.59375,82425.6171875,0.0
2025-10-15 10:25:00+05:30,82428.2421875,82456.9296875,82386.15625,82407.34375,0.0
2025-10-15 10:30:00+05:30,82407.8515625,82466.6796875,82406.46875,82463.921875,0.0
2025-10-15 10:35:00+05:30,82462.0703125,82488.609375,82461.1484375,82472.5078125,0.0
2025-10-15 10:40:00+05:30,82473.2109375,82512.4375,82451.1796875,82458.140625,0.0
2025-10-15 10:45:00+05:30,82457.8671875,82487.96875,82408.953125,82438.9375,0.0
2025-10-15 10:50:00+05:30,82439.9609375,82515.9921875,82399.6015625,82498.359375,0.0
2025-10-15 10:55:00+05:30,82497.3828125,82539.1796875,82483.2890625,82537.296875,0.0
2025-10-15 11:00:00+05:30,82537.9921875,82595.796875,82491.6484375,82516.15625,0.0
2025-10-15 11:05:00+05:30,82517.28125,82517.28125,82439.25,82455.140625,0.0
2025-10-15 11:10:00+05:30,82454.859375,82495.1875,82435.59375,82462.390625,0.0
2025-10-15 11:15:00+05:30,82462.078125,82488.7109375,82462.078125,82480.5,0.0
2025-10-15 11:20:00+05:30,82480.1328125,82521.890625,82468.8984375,82521.890625,0.0
2025-10-15 11:25:00+05:30,82526.03125,82576.5625,82479.28125,82557.7734375,0.0
2025-10-15 11:30:00+05:30,82564.3125,82577.953125,82507.109375,82513.609375,0.0
2025-10-15 11:35:00+05:30,82509.5,82543.828125,82495.28125,82513.6796875,0.0
2025-10-15 11:40:00+05:30,82513.6796875,82548.0078125,82492.40625,82524.421875,0.0
2025-10-15 11:45:00+05:30,82524.421875,82528.90625,82456.0078125,82469.59375,0.0
2025-10-15 11:50:00+05:30,82474.40625,82516.40625,82468.109375,82485.1328125,0.0
2025-10-15 11:55:00+05:30,82484.03125,82547.703125,82484.03125,82504.2734375,0.0
2025-10-15 12:00:00+05:30,82505.09375,82544.9375,82488.25,82488.25,0.0
2025-10-15 12:05:00+05:30,82486.5703125,82532.8515625,82465.0703125,82512.0078125,0.0
2025-10-15 12:10:00+05:30,82513.8125,82516.8828125,82462.671875,82478.578125,0.0
2025-10-15 12:15:00+05:30,82477.7734375,82510.1015625,82449.7578125,82492.8515625,0.0
2025-10-15 12:20:00+05:30,82492.6796875,82492.6796875,82417.9921875,82457.3984375,0.0
2025-10-15 12:25:00+05:30,82460.7734375,82527.0,82459.15625,82522.1484375,0.0
2025-10-15 12:30:00+05:30,82522.1484375,82549.921875,82487.4765625,82507.828125,0.0
2025-10-15 12:35:00+05:30,82507.03125,82538.859375,82493.84375,82516.0390625,0.0
2025-10-15 12:40:00+05:30,82520.9609375,82560.9375,82513.8203125,82558.953125,0.0
2025-10-15 12:45:00+05:30,82560.609375,82578.53125,82526.296875,82526.8828125,0.0
2025-10-15 12:50:00+05:30,82527.0390625,82593.671875,82527.0390625,82588.5234375,0.0
2025-10-15 12:55:00+05:30,82589.3671875,82617.28125,82580.34375,82603.296875,0.0
2025-10-15 13:00:00+05:30,82601.5625,82624.5234375,82600.1171875,82606.5390625,0.0
2025-10-15 13:05:00+05:30,82606.5390625,82649.9296875,82605.9921875,82622.6796875,0.0
2025-10-15 13:10:00+05:30,82621.328125,82623.3828125,82568.9921875,82594.2578125,0.0
2025-10-15 13:15:00+05:30,82589.140625,82671.7421875,82589.140625,82665.6484375,0.0
2025-10-15 13:20:00+05:30,82665.7890625,82691.03125,82654.90625,82656.7265625,0.0
2025-10-15 13:25:00+05:30,82654.15625,82709.03125,82641.6484375,82680.7890625,0.0
2025-10-15 13:30:00+05:30,82680.4375,82698.890625,82666.1484375,82696.703125,0.0
2025-10-15 13:35:00+05:30,82697.6875,82727.0234375,82685.5625,82685.5625,0.0
2025-10-15 13:40:00+05:30,82685.0625,82691.9921875,82674.2421875,82686.078125,0.0
2025-10-15 13:45:00+05:30,82685.8515625,82697.171875,82647.671875,82652.28125,0.0
2025-10-15 13:50:00+05:30,82651.21875,82681.1171875,82647.2734375,82655.0625,0.0
2025-10-15 13:55:00+05:30,82655.0625,82655.0625,82618.96875,82627.84375,0.0
2025-10-15 14:00:00+05:30,82628.109375,82637.0390625,82588.078125,82590.75,0.0
2025-10-15 14:05:00+05:30,82589.6328125,82620.046875,82558.4765625,82608.109375,0.0
2025-10-15 14:10:00+05:30,82607.9296875,82618.578125,82578.46875,82606.2890625,0.0
2025-10-15 14:15:00+05:30,82606.2890625,82628.5234375,82552.796875,82608.1328125,0.0
2025-10-15 14:20:00+05:30,82605.3515625,82613.1875,82578.1328125,82595.5390625,0.0
2025-10-15 14:25:00+05:30,82593.5,82630.4765625,82584.90625,82619.2734375,0.0
2025-10-15 14:30:00+05:30,82619.2734375,82630.0625,82579.28125,82606.3828125,0.0
2025-10-15 14:35:00+05:30,82612.203125,82629.53125,82592.59375,82594.3828125,0.0
2025-10-15 14:40:00+05:30,82594.671875,82624.078125,82574.5078125,82608.1796875,0.0
2025-10-15 14:45:00+05:30,82607.171875,82619.953125,82508.4609375,82510.6171875,0.0
2025-10-15 14:50:00+05:30,82512.7890625,82552.0234375,82469.421875,82551.8515625,0.0
2025-10-15 14:55:00+05:30,82544.5390625,82565.609375,82533.5703125,82555.8671875,0.0
2025-10-15 15:00:00+05:30,82555.71875,82561.546875,82520.8125,82551.4921875,0.0
2025-10-15 15:05:00+05:30,82552.5625,82573.359375,82546.390625,82560.3515625,0.0
2025-10-15 15:10:00+05:30,82564.4609375,82620.7734375,82551.046875,82614.2734375,0.0
2025-10-15 15:15:00+05:30,82607.8671875,82607.8671875,82570.8671875,82576.96875,0.0
2025-10-15 15:20:00+05:30,82576.96875,82587.7265625,82576.96875,82587.7265625,0.0
2025-10-15 15:25:00+05:30,82587.7265625,82604.7890625,82569.1796875,82604.7890625,0.0
2025-10-16 09:15:00+05:30,82794.7890625,83011.296875,82794.7890625,82947.75,0.0
2025-10-16 09:20:00+05:30,82943.96875,82962.828125,82897.1875,82902.21875,0.0
2025-10-16 09:25:00+05:30,82900.609375,82977.796875,82870.3671875,82949.1171875,0.0
2025-10-16 09:30:00+05:30,82949.90625,83005.1015625,82942.03125,82992.1796875,0.0
2025-10-16 09:35:00+05:30,82993.8203125,83025.421875,82912.703125,82912.703125,0.0
2025-10-16 09:40:00+05:30,82915.6171875,82982.921875,82898.71875,82982.921875,0.0
2025-10-16 09:45:00+05:30,82989.1875,83022.421875,82966.171875,83000.1171875,0.0
2025-10-16 09:50:00+05:30,82999.890625,83052.84375,82959.640625,83035.359375,0.0
2025-10-16 09:55:00+05:30,83030.6875,83060.84375,82969.3125,82973.921875,0.0
2025-10-16 10:00:00+05:30,82974.46875,83035.84375,82959.5,83026.9765625,0.0
2025-10-16 10:05:00+05:30,83026.21875,83034.46875,82990.796875,83005.3984375,0.0
2025-10-16 10:10:00+05:30,83005.2109375,83010.96875,82945.09375,82976.0390625,0.0
2025-10-16 10:15:00+05:30,82977.6484375,83024.46875,82934.8125,82992.59375,0.0
2025-10-16 10:20:00+05:30,82988.8984375,83043.0078125,82981.828125,83040.34375,0.0
2025-10-16 10:25:00+05:30,83040.390625,83075.1015625,83025.7109375,83053.3984375,0.0
2025-10-16 10:30:00+05:30,83053.15625,83089.71875,83032.453125,83049.3125,0.0
2025-10-16 10:35:00+05:30,83050.546875,83082.5703125,83029.390625,83063.8984375,0.0
2025-10-16 10:40:00+05:30,83064.5078125,83088.2578125,83036.7265625,83084.5234375,0.0
2025-10-16 10:45:00+05:30,83085.3984375,83111.2890625,83054.1875,83094.546875,0.0
2025-10-16 10:50:00+05:30,83094.328125,83100.1484375,83047.046875,83068.6328125,0.0
2025-10-16 10:55:00+05:30,83072.1328125,83109.0390625,83050.8203125,83109.0390625,0.0
2025-10-16 11:00:00+05:30,83109.2421875,83127.6171875,83084.46875,83093.7265625,0.0
2025-10-16 11:05:00+05:30,83093.5703125,83116.5625,83065.3515625,83072.828125,0.0
2025-10-16 11:10:00+05:30,83072.1484375,83104.9765625,83055.671875,83061.7734375,0.0
2025-10-16 11:15:00+05:30,83063.7109375,83086.3515625,83053.0078125,83074.953125,0.0
2025-10-16 11:20:00+05:30,83075.3828125,83080.3828125,83043.1875,83048.3515625,0.0
2025-10-16 11:25:00+05:30,83045.4921875,83067.71875,83043.921875,83066.921875,0.0
2025-10-16 11:30:00+05:30,83064.5703125,83091.7109375,83044.5625,83049.53125,0.0
2025-10-16 11:35:00+05:30,83047.1015625,83065.1484375,83028.1796875,83063.671875,0.0
2025-10-16 11:40:00+05:30,83062.6484375,83065.6484375,83001.21875,83006.9609375,0.0
2025-10-16 11:45:00+05:30,83011.390625,83045.6484375,82997.609375,82997.609375,0.0
2025-10-16 11:50:00+05:30,82995.25,83064.09375,82991.0234375,83063.203125,0.0
2025-10-16 11:55:00+05:30,83061.8671875,83062.75,83000.4296875,83006.7265625,0.0
2025-10-16 12:00:00+05:30,83005.0,83071.15625,82994.71875,83031.171875,0.0
2025-10-16 12:05:00+05:30,83035.46875,83067.0625,83011.21875,83042.4375,0.0
2025-10-16 12:10:00+05:30,83042.2890625,83106.859375,83008.6484375,83100.5390625,0.0
2025-10-16 12:15:00+05:30,83100.8125,83138.1171875,83093.34375,83122.6171875,0.0
2025-10-16 12:20:00+05:30,83124.0234375,83163.640625,83098.171875,83143.890625,0.0
2025-10-16 12:25:00+05:30,83142.2890625,83183.578125,83136.71875,83167.421875,0.0
2025-10-16 12:30:00+05:30,83170.8125,83203.1875,83164.53125,83181.8203125,0.0
2025-10-16 12:35:00+05:30,83186.828125,83221.53125,83174.7734375,83221.3515625,0.0
2025-10-16 12:40:00+05:30,83221.5234375,83246.7421875,83195.90625,83217.0625,0.0
2025-10-16 12:45:00+05:30,83217.421875,83219.5078125,83155.5703125,83177.84375,0.0
2025-10-16 12:50:00+05:30,83177.21875,83229.859375,83167.078125,83222.8125,0.0
2025-10-16 12:55:00+05:30,83222.6875,83240.2109375,83181.109375,83186.1796875,0.0
2025-10-16 13:00:00+05:30,83186.53125,83244.109375,83176.1328125,83233.1171875,0.0
2025-10-16 13:05:00+05:30,83231.609375,83234.71875,83201.546875,83209.8203125,0.0
2025-10-16 13:10:00+05:30,83211.1796875,83261.3984375,83205.03125,83249.3125,0.0
2025-10-16 13:15:00+05:30,83249.15625,83257.609375,83187.84375,83195.5390625,0.0
2025-10-16 13:20:00+05:30,83194.453125,83256.8125,83186.71875,83228.9765625,0.0
2025-10-16 13:25:00+05:30,83229.53125,83277.078125,83226.3515625,83265.1484375,0.0
2025-10-16 13:30:00+05:30,83265.703125,83284.1484375,83246.9609375,83281.46875,0.0
2025-10-16 13:35:00+05:30,83278.203125,83289.0234375,83261.890625,83267.953125,0.0
2025-10-16 13:40:00+05:30,83267.359375,83323.03125,83214.21875,83310.578125,0.0
2025-10-16 13:45:00+05:30,83310.9296875,83330.0703125,83292.2421875,83306.8828125,0.0
2025-10-16 13:50:00+05:30,83307.84375,83318.8984375,83272.2265625,83280.390625,0.0
2025-10-16 13:55:00+05:30,83276.96875,83309.828125,83260.3125,83309.25,0.0
2025-10-16 14:00:00+05:30,83312.140625,83384.4921875,83304.109375,83383.0625,0.0
2025-10-16 14:05:00+05:30,83380.4921875,83441.203125,83350.671875,83416.3671875,0.0
2025-10-16 14:10:00+05:30,83415.5703125,83430.796875,83367.2265625,83371.8203125,0.0
2025-10-16 14:15:00+05:30,83373.7421875,83403.171875,83362.578125,83385.8125,0.0
2025-10-16 14:20:00+05:30,83389.109375,83486.359375,83372.03125,83477.3828125,0.0
2025-10-16 14:25:00+05:30,83468.6015625,83481.53125,83423.5703125,83465.421875,0.0
2025-10-16 14:30:00+05:30,83464.703125,83522.6328125,83451.421875,83522.6328125,0.0
2025-10-16 14:35:00+05:30,83520.796875,83571.7890625,83504.1328125,83521.4765625,0.0
2025-10-16 14:40:00+05:30,83522.203125,83541.7265625,83511.53125,83531.4375,0.0
2025-10-16 14:45:00+05:30,83535.7578125,83582.71875,83474.140625,83498.09375,0.0
2025-10-16 14:50:00+05:30,83500.1484375,83557.953125,83467.0390625,83544.3515625,0.0
2025-10-16 14:55:00+05:30,83537.453125,83613.0,83500.3828125,83609.296875,0.0
2025-10-16 15:00:00+05:30,83613.5078125,83613.5078125,83450.5078125,83524.609375,0.0
2025-10-16 15:05:00+05:30,83520.7734375,83520.7734375,83402.859375,83446.546875,0.0
2025-10-16 15:10:00+05:30,83449.9765625,83503.1484375,83363.078125,83373.171875,0.0
2025-10-16 15:15:00+05:30,83488.359375,83488.359375,83478.5,83478.5,0.0
2025-10-16 15:20:00+05:30,83478.5,83478.5,83472.0390625,83472.0390625,0.0
2025-10-16 15:25:00+05:30,83472.0390625,83472.0390625,83468.6875,83468.6875,0.0
2025-10-17 09:15:00+05:30,83334.328125,83408.8828125,83255.703125,83360.0,0.0
2025-10-17 09:20:00+05:30,83359.34375,83408.6796875,83308.0625,83373.296875,0.0
2025-10-17 09:25:00+05:30,83367.9921875,83548.6015625,83345.4609375,83529.3671875,0.0
2025-10-17 09:30:00+05:30,83536.328125,83598.8125,83509.390625,83594.3515625,0.0
2025-10-17 09:35:00+05:30,83590.8203125,83621.7734375,83553.796875,83590.7890625,0.0
2025-10-17 09:40:00+05:30,83592.703125,83628.1796875,83540.3671875,83612.59375,0.0
2025-10-17 09:45:00+05:30,83609.8125,83618.921875,83475.5390625,83478.03125,0.0
2025-10-17 09:50:00+05:30,83473.359375,83531.21875,83417.4296875,83527.4921875,0.0
2025-10-17 09:55:00+05:30,83527.1875,83582.296875,83521.328125,83550.09375,0.0
2025-10-17 10:00:00+05:30,83551.796875,83632.34375,83550.15625,83604.390625,0.0
2025-10-17 10:05:00+05:30,83608.8125,83760.6171875,83599.328125,83758.140625,0.0
2025-10-17 10:10:00+05:30,83759.9609375,83812.609375,83731.7265625,83799.0625,0.0
2025-10-17 10:15:00+05:30,83799.34375,83840.4765625,83771.3984375,83801.3828125,0.0
2025-10-17 10:20:00+05:30,83805.09375,83816.28125,83769.6328125,83791.8828125,0.0
2025-10-17 10:25:00+05:30,83792.34375,83827.4609375,83783.078125,83796.5703125,0.0
2025-10-17 10:30:00+05:30,83805.4921875,83866.6875,83788.90625,83860.1015625,0.0
2025-10-17 10:35:00+05:30,83864.40625,83887.2421875,83804.4765625,83845.609375,0.0
2025-10-17 10:40:00+05:30,83847.3828125,83862.6875,83816.4375,83856.65625,0.0
2025-10-17 10:45:00+05:30,83856.9375,83882.609375,83844.6875,83860.390625,0.0
2025-10-17 10:50:00+05:30,83859.8515625,83934.828125,83833.8515625,83893.4609375,0.0
2025-10-17 10:55:00+05:30,83892.8203125,84008.0703125,83892.4765625,84008.0703125,0.0
2025-10-17 11:00:00+05:30,84009.5234375,84071.3671875,83978.5234375,84038.1875,0.0
2025-10-17 11:05:00+05:30,84036.1328125,84050.0,84006.0390625,84046.2109375,0.0
2025-10-17 11:10:00+05:30,84046.8203125,84097.359375,84019.9765625,84078.2578125,0.0
2025-10-17 11:15:00+05:30,84069.9609375,84107.171875,84061.0703125,84084.3203125,0.0
2025-10-17 11:20:00+05:30,84083.90625,84091.5390625,84040.9296875,84085.6875,0.0
2025-10-17 11:25:00+05:30,84080.0390625,84132.5625,84065.46875,84115.1875,0.0
2025-10-17 11:30:00+05:30,84120.71875,84146.5234375,84095.078125,84140.7421875,0.0
2025-10-17 11:35:00+05:30,84140.2421875,84162.2265625,84104.6171875,84114.3125,0.0
2025-10-17 11:40:00+05:30,84110.4609375,84122.0234375,84005.59375,84027.703125,0.0
2025-10-17 11:45:00+05:30,84033.2421875,84094.25,84000.71875,84092.6796875,0.0
2025-10-17 11:50:00+05:30,84092.6796875,84092.6796875,83934.40625,84017.359375,0.0
2025-10-17 11:55:00+05:30,84012.796875,84072.5703125,84000.4765625,84065.0234375,0.0
2025-10-17 12:00:00+05:30,84066.59375,84092.3203125,84049.09375,84089.2421875,0.0
2025-10-17 12:05:00+05:30,84089.390625,84093.2578125,84062.5,84088.15625,0.0
2025-10-17 12:10:00+05:30,84087.3125,84125.5390625,84083.6484375,84105.703125,0.0
2025-10-17 12:15:00+05:30,84106.046875,84116.421875,84021.2421875,84110.09375,0.0
2025-10-17 12:20:00+05:30,84111.6796875,84146.3203125,84095.09375,84135.2890625,0.0
2025-10-17 12:25:00+05:30,84136.3828125,84172.2421875,84135.84375,84162.3515625,0.0
2025-10-17 12:30:00+05:30,84163.203125,84167.25,84141.21875,84148.953125,0.0
2025-10-17 12:35:00+05:30,84148.859375,84158.4765625,84114.9296875,84114.9296875,0.0
2025-10-17 12:40:00+05:30,84115.28125,84118.453125,84073.1328125,84094.140625,0.0
2025-10-17 12:45:00+05:30,84094.390625,84136.3515625,83986.84375,84027.359375,0.0
2025-10-17 12:50:00+05:30,84025.5390625,84025.5390625,83862.0234375,83893.1171875,0.0
2025-10-17 12:55:00+05:30,83892.8984375,83920.53125,83851.96875,83914.78125,0.0
2025-10-17 13:00:00+05:30,83913.1015625,83959.5390625,83815.0625,83815.0625,0.0
2025-10-17 13:05:00+05:30,83815.4765625,83840.3125,83754.2265625,83785.65625,0.0
2025-10-17 13:10:00+05:30,83786.640625,83856.8671875,83768.0625,83793.3984375,0.0
2025-10-17 13:15:00+05:30,83793.578125,83858.5390625,83778.1796875,83823.5390625,0.0
2025-10-17 13:20:00+05:30,83822.46875,83903.1875,83821.7265625,83876.1328125,0.0
2025-10-17 13:25:00+05:30,83874.796875,83948.171875,83831.21875,83857.09375,0.0
2025-10-17 13:30:00+05:30,83860.8828125,83872.6171875,83744.859375,83761.7421875,0.0
2025-10-17 13:35:00+05:30,83762.109375,83764.0,83621.578125,83722.5390625,0.0
2025-10-17 13:40:00+05:30,83721.96875,83835.2734375,83717.1484375,83798.3203125,0.0
2025-10-17 13:45:00+05:30,83797.7734375,83804.5625,83722.109375,83758.46875,0.0
2025-10-17 13:50:00+05:30,83760.21875,83782.96875,83685.7265625,83737.96875,0.0
2025-10-17 13:55:00+05:30,83738.3828125,83831.828125,83702.84375,83821.5,0.0
2025-10-17 14:00:00+05:30,83823.671875,83857.25,83816.2109375,83831.75,0.0
2025-10-17 14:05:00+05:30,83832.8125,83899.5234375,83824.8984375,83885.8828125,0.0
2025-10-17 14:10:00+05:30,83881.2578125,83971.96875,83838.7890625,83851.6328125,0.0
2025-10-17 14:15:00+05:30,83850.9921875,83967.7421875,83797.453125,83918.6875,0.0
2025-10-17 14:20:00+05:30,83919.2109375,83970.8515625,83888.5078125,83948.59375,0.0
2025-10-17 14:25:00+05:30,83942.578125,83989.90625,83820.2734375,83820.2734375,0.0
2025-10-17 14:30:00+05:30,83820.546875,83942.9609375,83806.5078125,83938.390625,0.0
2025-10-17 14:35:00+05:30,83938.796875,84026.84375,83920.828125,84017.3984375,0.0
2025-10-17 14:40:00+05:30,84020.53125,84051.28125,83985.9375,84019.0078125,0.0
2025-10-17 14:45:00+05:30,84018.109375,84095.03125,84003.96875,84008.953125,0.0
2025-10-17 14:50:00+05:30,84009.4375,84026.28125,83943.5703125,84018.75,0.0
2025-10-17 14:55:00+05:30,84017.84375,84035.953125,83996.0,84009.2734375,0.0
2025-10-17 15:00:00+05:30,84009.96875,84011.0625,83939.796875,83958.71875,0.0
2025-10-17 15:05:00+05:30,83964.5078125,83999.5,83950.6796875,83956.2265625,0.0
2025-10-17 15:10:00+05:30,83952.40625,83953.1484375,83914.0,83937.65625,0.0
2025-10-17 15:15:00+05:30,83959.65625,83963.1171875,83959.65625,83962.65625,0.0
2025-10-17 15:20:00+05:30,83962.59375,83963.2421875,83958.3515625,83958.5390625,0.0
2025-10-17 15:25:00+05:30,83958.5390625,83958.609375,83952.15625,83952.53125,0.0
2025-10-20 09:15:00+05:30,84302.9765625,84637.6015625,84302.9765625,84594.6796875,0.0
2025-10-20 09:20:00+05:30,84592.28125,84653.6015625,84481.4765625,84490.5078125,0.0
2025-10-20 09:25:00+05:30,84475.53125,84508.96875,84356.9765625,84505.6875,0.0
2025-10-20 09:30:00+05:30,84501.796875,84557.1328125,84463.6015625,84508.078125,0.0
2025-10-20 09:35:00+05:30,84505.8125,84534.4765625,84414.2265625,84419.90625,0.0
2025-10-20 09:40:00+05:30,84420.5234375,84483.03125,84366.890625,84397.1171875,0.0
2025-10-20 09:45:00+05:30,84398.9921875,84409.3515625,84240.359375,84346.8984375,0.0
2025-10-20 09:50:00+05:30,84344.921875,84344.921875,84255.65625,84288.0390625,0.0
2025-10-20 09:55:00+05:30,84285.8515625,84367.3984375,84240.25,84302.3828125,0.0
2025-10-20 10:00:00+05:30,84299.90625,84397.5234375,84269.59375,84388.25,0.0
2025-10-20 10:05:00+05:30,84387.7890625,84442.796875,84352.4375,84388.3125,0.0
2025-10-20 10:10:00+05:30,84390.6015625,84463.109375,84382.5625,84460.203125,0.0
2025-10-20 10:15:00+05:30,84462.0078125,84474.15625,84393.03125,84418.921875,0.0
2025-10-20 10:20:00+05:30,84414.0625,84431.4296875,84362.9765625,84423.40625,0.0
2025-10-20 10:25:00+05:30,84424.5234375,84439.7421875,84360.0703125,84374.1328125,0.0
2025-10-20 10:30:00+05:30,84374.8671875,84387.6015625,84340.859375,84386.75,0.0
2025-10-20 10:35:00+05:30,84391.0,84475.46875,84373.0078125,84470.671875,0.0
2025-10-20 10:40:00+05:30,84471.203125,84499.8203125,84437.5,84485.03125,0.0
2025-10-20 10:45:00+05:30,84491.09375,84546.75,84484.0625,84532.5625,0.0
2025-10-20 10:50:00+05:30,84533.7578125,84556.5,84524.8671875,84525.0390625,0.0
2025-10-20 10:55:00+05:30,84526.3671875,84534.5703125,84464.5390625,84525.6328125,0.0
2025-10-20 11:00:00+05:30,84526.6875,84549.2890625,84484.0390625,84514.1875,0.0
2025-10-20 11:05:00+05:30,84513.953125,84513.953125,84473.640625,84495.25,0.0
2025-10-20 11:10:00+05:30,84495.546875,84503.671875,84460.1328125,84473.4921875,0.0
2025-10-20 11:15:00+05:30,84482.5390625,84504.65625,84376.109375,84392.5234375,0.0
2025-10-20 11:20:00+05:30,84392.5234375,84434.2890625,84373.34375,84408.4765625,0.0
2025-10-20 11:25:00+05:30,84410.859375,84442.828125,84369.7734375,84440.2421875,0.0
2025-10-20 11:30:00+05:30,84442.171875,84473.6796875,84363.2734375,84399.4609375,0.0
2025-10-20 11:35:00+05:30,84399.6015625,84420.09375,84387.046875,84415.9375,0.0
2025-10-20 11:40:00+05:30,84415.0,84425.0703125,84333.71875,84401.0625,0.0
2025-10-20 11:45:00+05:30,84397.1796875,84403.7109375,84349.3125,84397.71875,0.0
2025-10-20 11:50:00+05:30,84396.078125,84409.34375,84362.8828125,84388.921875,0.0
2025-10-20 11:55:00+05:30,84390.2890625,84405.0390625,84368.5703125,84395.859375,0.0
2025-10-20 12:00:00+05:30,84396.0390625,84420.2890625,84375.2734375,84399.46875,0.0
2025-10-20 12:05:00+05:30,84400.546875,84409.6484375,84366.46875,84403.2109375,0.0
2025-10-20 12:10:00+05:30,84403.2109375,84430.671875,84394.203125,84414.6796875,0.0
2025-10-20 12:15:00+05:30,84413.28125,84440.1171875,84401.28125,84406.2421875,0.0
2025-10-20 12:20:00+05:30,84406.4375,84411.140625,84367.1875,84377.2421875,0.0
2025-10-20 12:25:00+05:30,84377.546875,84408.859375,84343.6015625,84371.75,0.0
2025-10-20 12:30:00+05:30,84380.7265625,84413.1796875,84359.75,84412.9609375,0.0
2025-10-20 12:35:00+05:30,84416.15625,84431.0078125,84388.453125,84399.6328125,0.0
2025-10-20 12:40:00+05:30,84397.359375,84452.0078125,84391.453125,84434.1484375,0.0
2025-10-20 12:45:00+05:30,84435.2265625,84446.0625,84419.421875,84430.75,0.0
2025-10-20 12:50:00+05:30,84431.7890625,84481.21875,84431.4765625,84471.5078125,0.0
2025-10-20 12:55:00+05:30,84473.203125,84505.6171875,84460.1796875,84494.2734375,0.0
2025-10-20 13:00:00+05:30,84494.2734375,84557.328125,84493.046875,84551.4765625,0.0
2025-10-20 13:05:00+05:30,84550.7578125,84575.2421875,84525.3203125,84528.28125,0.0
2025-10-20 13:10:00+05:30,84526.078125,84562.15625,84515.78125,84556.4296875,0.0
2025-10-20 13:15:00+05:30,84554.7734375,84558.5,84479.8984375,84503.8671875,0.0
2025-10-20 13:20:00+05:30,84503.5234375,84525.21875,84494.90625,84514.453125,0.0
2025-10-20 13:25:00+05:30,84514.6484375,84536.546875,84466.3828125,84496.46875,0.0
2025-10-20 13:30:00+05:30,84499.46875,84529.6875,84488.640625,84492.7265625,0.0
2025-10-20 13:35:00+05:30,84491.9765625,84502.796875,84459.8515625,84493.09375,0.0
2025-10-20 13:40:00+05:30,84498.28125,84509.78125,84457.6875,84470.1328125,0.0
2025-10-20 13:45:00+05:30,84475.84375,84489.390625,84399.6484375,84399.9921875,0.0
2025-10-20 13:50:00+05:30,84398.296875,84433.953125,84348.8515625,84405.921875,0.0
2025-10-20 13:55:00+05:30,84405.1328125,84424.453125,84376.9375,84404.609375,0.0
2025-10-20 14:00:00+05:30,84406.1015625,84416.5390625,84377.25,84388.0625,0.0
2025-10-20 14:05:00+05:30,84386.84375,84416.4609375,84362.796875,84373.953125,0.0
2025-10-20 14:10:00+05:30,84381.1796875,84410.7578125,84351.1171875,84410.7578125,0.0
2025-10-20 14:15:00+05:30,84404.8671875,84487.1484375,84348.6015625,84361.0234375,0.0
2025-10-20 14:20:00+05:30,84361.0234375,84381.640625,84302.3828125,84321.890625,0.0
2025-10-20 14:25:00+05:30,84319.90625,84354.53125,84246.1328125,84265.5,0.0
2025-10-20 14:30:00+05:30,84263.140625,84324.296875,84233.15625,84312.1328125,0.0
2025-10-20 14:35:00+05:30,84309.9921875,84342.3828125,84230.078125,84244.296875,0.0
2025-10-20 14:40:00+05:30,84241.078125,84295.2734375,84240.78125,84258.3203125,0.0
2025-10-20 14:45:00+05:30,84256.21875,84310.1171875,84197.2890625,84302.953125,0.0
2025-10-20 14:50:00+05:30,84304.4375,84322.5390625,84231.9765625,84250.40625,0.0
2025-10-20 14:55:00+05:30,84251.3984375,84333.9921875,84240.3984375,84278.5703125,0.0
2025-10-20 15:00:00+05:30,84278.5703125,84316.578125,84256.5390625,84268.7265625,0.0
2025-10-20 15:05:00+05:30,84269.5,84358.6875,84266.921875,84352.5625,0.0
2025-10-20 15:10:00+05:30,84353.96875,84418.2734375,84344.34375,84362.15625,0.0
2025-10-20 15:15:00+05:30,84348.09375,84348.09375,84334.7421875,84345.71875,0.0
2025-10-20 15:20:00+05:30,84345.71875,84363.203125,84345.71875,84363.203125,0.0
2025-10-20 15:25:00+05:30,84363.203125,84364.8984375,84361.59375,84363.3671875,0.0
2025-10-21 13:35:00+05:30,84484.671875,84484.671875,84484.671875,84484.671875,0.0
2025-10-21 13:40:00+05:30,84484.671875,84484.671875,84484.671875,84484.671875,0.0
2025-10-21 13:45:00+05:30,84525.453125,84660.453125,84525.453125,84538.1328125,0.0
2025-10-21 13:50:00+05:30,84546.171875,84581.3984375,84436.671875,84544.9296875,0.0
2025-10-21 13:55:00+05:30,84541.84375,84576.3203125,84492.2109375,84500.1171875,0.0
2025-10-21 14:00:00+05:30,84501.203125,84539.3671875,84450.0390625,84524.6796875,0.0
2025-10-21 14:05:00+05:30,84525.328125,84534.0390625,84493.8828125,84525.8125,0.0
2025-10-21 14:10:00+05:30,84526.140625,84550.921875,84498.078125,84543.1171875,0.0
2025-10-21 14:15:00+05:30,84542.3125,84574.8125,84507.5625,84520.34375,0.0
2025-10-21 14:20:00+05:30,84521.2734375,84545.1796875,84482.2265625,84501.890625,0.0
2025-10-21 14:25:00+05:30,84497.9375,84501.3671875,84449.5625,84453.203125,0.0
2025-10-21 14:30:00+05:30,84456.75,84456.75,84365.1015625,84417.8671875,0.0
2025-10-21 14:35:00+05:30,84414.7265625,84432.65625,84332.1484375,84338.3515625,0.0
2025-10-21 14:40:00+05:30,84338.5390625,84347.421875,84289.5078125,84308.03125,0.0
2025-10-21 14:45:00+05:30,84310.453125,84426.34375,84310.453125,84426.34375,0.0
2025-10-23 09:15:00+05:30,85126.9375,85126.9375,84869.7734375,84947.953125,0.0
2025-10-23 09:20:00+05:30,84943.25,85027.0703125,84896.5,85005.7578125,0.0
2025-10-23 09:25:00+05:30,85007.53125,85097.5625,85004.9609375,85084.0390625,0.0
2025-10-23 09:30:00+05:30,85088.59375,85182.5625,85085.203125,85158.546875,0.0
2025-10-23 09:35:00+05:30,85158.21875,85218.2734375,85151.5390625,85179.0078125,0.0
2025-10-23 09:40:00+05:30,85181.9765625,85199.1796875,85133.09375,85156.671875,0.0
2025-10-23 09:45:00+05:30,85156.71875,85200.3828125,85146.671875,85165.46875,0.0
2025-10-23 09:50:00+05:30,85163.3671875,85186.46875,85064.09375,85119.0390625,0.0
2025-10-23 09:55:00+05:30,85121.5078125,85121.5078125,85033.4921875,85102.90625,0.0
2025-10-23 10:00:00+05:30,85102.9921875,85178.5,85099.53125,85169.828125,0.0
2025-10-23 10:05:00+05:30,85168.296875,85231.8828125,85161.4921875,85201.3125,0.0
2025-10-23 10:10:00+05:30,85217.25,85271.671875,85195.7890625,85267.2109375,0.0
2025-10-23 10:15:00+05:30,85268.140625,85268.140625,85202.9375,85217.21875,0.0
2025-10-23 10:20:00+05:30,85215.78125,85221.5078125,85161.546875,85166.5625,0.0
2025-10-23 10:25:00+05:30,85163.421875,85204.921875,85148.46875,85148.46875,0.0
2025-10-23 10:30:00+05:30,85150.6171875,85160.65625,85120.3671875,85135.359375,0.0
2025-10-23 10:35:00+05:30,85133.609375,85191.359375,85105.1015625,85179.328125,0.0
2025-10-23 10:40:00+05:30,85178.1015625,85198.8828125,85114.953125,85145.90625,0.0
2025-10-23 10:45:00+05:30,85144.703125,85145.3203125,85070.2890625,85075.2890625,0.0
2025-10-23 10:50:00+05:30,85069.640625,85107.1015625,85058.9375,85079.6484375,0.0
2025-10-23 10:55:00+05:30,85078.75,85121.359375,85054.15625,85117.046875,0.0
2025-10-23 11:00:00+05:30,85114.84375,85171.28125,85113.28125,85114.828125,0.0
2025-10-23 11:05:00+05:30,85113.328125,85128.78125,85058.3828125,85067.1328125,0.0
2025-10-23 11:10:00+05:30,85067.25,85107.2890625,85035.4765625,85080.46875,0.0
2025-10-23 11:15:00+05:30,85081.34375,85102.109375,85051.796875,85073.5390625,0.0
2025-10-23 11:20:00+05:30,85069.8515625,85117.640625,85062.21875,85077.7265625,0.0
2025-10-23 11:25:00+05:30,85086.21875,85123.6796875,85052.0234375,85055.9609375,0.0
2025-10-23 11:30:00+05:30,85062.9296875,85080.1328125,85044.7265625,85064.1171875,0.0
2025-10-23 11:35:00+05:30,85063.7265625,85079.78125,85048.953125,85057.859375,0.0
2025-10-23 11:40:00+05:30,85061.7890625,85109.6875,85050.0078125,85090.4765625,0.0
2025-10-23 11:45:00+05:30,85089.9375,85140.90625,85089.6875,85119.9921875,0.0
2025-10-23 11:50:00+05:30,85129.34375,85162.703125,85114.046875,85160.5234375,0.0
2025-10-23 11:55:00+05:30,85164.8203125,85193.7109375,85138.453125,85192.75,0.0
2025-10-23 12:00:00+05:30,85192.6875,85199.671875,85149.6015625,85154.59375,0.0
2025-10-23 12:05:00+05:30,85154.59375,85165.421875,85119.890625,85157.5,0.0
2025-10-23 12:10:00+05:30,85158.9609375,85193.0,85152.84375,85178.0625,0.0
2025-10-23 12:15:00+05:30,85175.9609375,85192.7734375,85153.2578125,85162.3671875,0.0
2025-10-23 12:20:00+05:30,85161.5,85227.703125,85140.03125,85183.953125,0.0
2025-10-23 12:25:00+05:30,85184.46875,85231.046875,85163.21875,85206.9375,0.0
2025-10-23 12:30:00+05:30,85206.5234375,85248.84375,85181.390625,85229.7734375,0.0
2025-10-23 12:35:00+05:30,85234.8828125,85247.65625,85180.7265625,85225.0234375,0.0
2025-10-23 12:40:00+05:30,85224.28125,85254.84375,85183.0078125,85206.4375,0.0
2025-10-23 12:45:00+05:30,85204.2734375,85288.09375,85145.3203125,85188.390625,0.0
2025-10-23 12:50:00+05:30,85187.9609375,85232.7109375,85164.1015625,85173.0390625,0.0
2025-10-23 12:55:00+05:30,85173.4609375,85186.25,85112.703125,85115.953125,0.0
2025-10-23 13:00:00+05:30,85111.0390625,85117.2578125,85067.3828125,85072.1796875,0.0
2025-10-23 13:05:00+05:30,85079.6875,85118.1015625,85051.0078125,85093.859375,0.0
2025-10-23 13:10:00+05:30,85092.0234375,85154.09375,85036.9921875,85104.578125,0.0
2025-10-23 13:15:00+05:30,85104.6015625,85186.796875,85104.6015625,85186.796875,0.0
2025-10-23 13:20:00+05:30,85188.6015625,85195.9765625,85075.28125,85105.25,0.0
2025-10-23 13:25:00+05:30,85105.1015625,85105.1015625,85052.1328125,85074.890625,0.0
2025-10-23 13:30:00+05:30,85071.8828125,85095.09375,84969.8203125,84970.4921875,0.0
2025-10-23 13:35:00+05:30,84972.6015625,85027.8125,84914.0,84997.65625,0.0
2025-10-23 13:40:00+05:30,84998.2578125,85056.2578125,84970.21875,85005.796875,0.0
2025-10-23 13:45:00+05:30,85005.84375,85028.3671875,84987.09375,85022.21875,0.0
2025-10-23 13:50:00+05:30,85017.2109375,85057.3984375,84959.7421875,84971.34375,0.0
2025-10-23 13:55:00+05:30,84971.4296875,84999.03125,84884.9609375,84908.40625,0.0
2025-10-23 14:00:00+05:30,84902.2734375,84906.703125,84819.1484375,84880.8515625,0.0
2025-10-23 14:05:00+05:30,84880.28125,84880.28125,84818.671875,84843.8203125,0.0
2025-10-23 14:10:00+05:30,84845.5234375,84850.8984375,84739.859375,84767.5625,0.0
2025-10-23 14:15:00+05:30,84767.2734375,84800.8125,84744.640625,84758.859375,0.0
2025-10-23 14:20:00+05:30,84761.046875,84764.2109375,84697.6796875,84719.3671875,0.0
2025-10-23 14:25:00+05:30,84719.0625,84752.4765625,84660.2421875,84700.6875,0.0
2025-10-23 14:30:00+05:30,84700.28125,84719.15625,84661.453125,84697.8828125,0.0
2025-10-23 14:35:00+05:30,84697.1015625,84759.71875,84683.7109375,84743.703125,0.0
2025-10-23 14:40:00+05:30,84743.4921875,84884.6875,84718.1328125,84858.171875,0.0
2025-10-23 14:45:00+05:30,84858.296875,84900.25,84823.6015625,84875.71875,0.0
2025-10-23 14:50:00+05:30,84876.3125,84876.921875,84778.15625,84808.7109375,0.0
2025-10-23 14:55:00+05:30,84806.4921875,84819.421875,84742.390625,84770.953125,0.0
2025-10-23 15:00:00+05:30,84771.4375,84777.15625,84573.7890625,84593.1171875,0.0
2025-10-23 15:05:00+05:30,84586.203125,84690.53125,84506.921875,84534.7109375,0.0
2025-10-23 15:10:00+05:30,84539.28125,84566.453125,84446.2421875,84474.8671875,0.0
2025-10-23 15:15:00+05:30,84469.34375,84566.53125,84469.34375,84557.8828125,0.0
2025-10-23 15:20:00+05:30,84557.8828125,84559.71875,84557.8828125,84559.15625,0.0
2025-10-23 15:25:00+05:30,84559.15625,84559.15625,84556.3984375,84556.3984375,0.0
2025-10-24 09:15:00+05:30,84666.78125,84673.5703125,84401.0234375,84408.46875,0.0
2025-10-24 09:20:00+05:30,84405.390625,84554.6015625,84394.1875,84523.53125,0.0
2025-10-24 09:25:00+05:30,84518.8828125,84550.2421875,84430.2734375,84521.9921875,0.0
2025-10-24 09:30:00+05:30,84516.3125,84526.90625,84439.90625,84479.5390625,0.0
2025-10-24 09:35:00+05:30,84476.5,84601.2109375,84429.0703125,84596.8125,0.0
2025-10-24 09:40:00+05:30,84596.09375,84600.5390625,84516.6328125,84557.203125,0.0
2025-10-24 09:45:00+05:30,84557.203125,84567.3203125,84492.359375,84494.28125,0.0
2025-10-24 09:50:00+05:30,84490.5078125,84498.3515625,84432.78125,84443.6171875,0.0
2025-10-24 09:55:00+05:30,84443.3203125,84541.28125,84435.578125,84536.359375,0.0
2025-10-24 10:00:00+05:30,84535.546875,84561.7109375,84517.078125,84520.8515625,0.0
2025-10-24 10:05:00+05:30,84522.09375,84576.1796875,84510.6796875,84566.5,0.0
2025-10-24 10:10:00+05:30,84569.8984375,84572.3828125,84489.421875,84491.609375,0.0
2025-10-24 10:15:00+05:30,84489.84375,84494.2421875,84366.953125,84367.6796875,0.0
2025-10-24 10:20:00+05:30,84368.921875,84391.671875,84338.9765625,84355.0234375,0.0
2025-10-24 10:25:00+05:30,84355.0234375,84377.9375,84316.28125,84324.953125,0.0
2025-10-24 10:30:00+05:30,84324.5234375,84345.96875,84295.59375,84329.7578125,0.0
2025-10-24 10:35:00+05:30,84336.7421875,84367.5703125,84333.1171875,84340.5625,0.0
2025-10-24 10:40:00+05:30,84345.2578125,84345.2578125,84277.328125,84300.109375,0.0
2025-10-24 10:45:00+05:30,84294.46875,84322.921875,84280.7421875,84321.9921875,0.0
2025-10-24 10:50:00+05:30,84321.3203125,84341.828125,84304.2421875,84320.3203125,0.0
2025-10-24 10:55:00+05:30,84318.890625,84321.921875,84280.6015625,84321.921875,0.0
2025-10-24 11:00:00+05:30,84321.921875,84351.65625,84296.3671875,84318.8984375,0.0
2025-10-24 11:05:00+05:30,84316.7890625,84354.328125,84245.6875,84304.1796875,0.0
2025-10-24 11:10:00+05:30,84300.578125,84361.40625,84256.9921875,84342.0234375,0.0
2025-10-24 11:15:00+05:30,84341.7421875,84347.2578125,84290.0703125,84306.109375,0.0
2025-10-24 11:20:00+05:30,84306.109375,84357.2734375,84291.0,84356.6484375,0.0
2025-10-24 11:25:00+05:30,84354.109375,84356.25,84273.328125,84275.3671875,0.0
2025-10-24 11:30:00+05:30,84275.3671875,84322.828125,84202.0,84311.5,0.0
2025-10-24 11:35:00+05:30,84315.0625,84352.171875,84279.7421875,84318.0,0.0
2025-10-24 11:40:00+05:30,84318.9921875,84398.6015625,84311.5703125,84382.8828125,0.0
2025-10-24 11:45:00+05:30,84378.546875,84424.65625,84374.703125,84387.109375,0.0
2025-10-24 11:50:00+05:30,84385.3671875,84407.921875,84363.796875,84363.8203125,0.0
2025-10-24 11:55:00+05:30,84363.96875,84387.1171875,84328.8203125,84333.703125,0.0
2025-10-24 12:00:00+05:30,84333.3125,84339.3984375,84303.703125,84324.0,0.0
2025-10-24 12:05:00+05:30,84322.0703125,84420.3828125,84319.59375,84420.3828125,0.0
2025-10-24 12:10:00+05:30,84420.0,84440.171875,84400.90625,84432.5078125,0.0
2025-10-24 12:15:00+05:30,84432.109375,84433.84375,84382.5234375,84382.7890625,0.0
2025-10-24 12:20:00+05:30,84382.7890625,84484.6875,84374.0234375,84484.6875,0.0
2025-10-24 12:25:00+05:30,84488.390625,84492.2421875,84380.6171875,84380.6171875,0.0
2025-10-24 12:30:00+05:30,84380.3671875,84415.453125,84347.6875,84359.28125,0.0
2025-10-24 12:35:00+05:30,84361.1328125,84424.1796875,84357.828125,84424.1796875,0.0
2025-10-24 12:40:00+05:30,84424.9375,84428.65625,84317.90625,84380.09375,0.0
2025-10-24 12:45:00+05:30,84379.8984375,84392.859375,84355.4296875,84361.203125,0.0
2025-10-24 12:50:00+05:30,84362.109375,84362.109375,84274.6875,84296.5078125,0.0
2025-10-24 12:55:00+05:30,84297.40625,84306.2734375,84254.40625,84270.453125,0.0
2025-10-24 13:00:00+05:30,84270.15625,84328.078125,84270.15625,84328.078125,0.0
2025-10-24 13:05:00+05:30,84328.9765625,84345.359375,84267.328125,84305.53125,0.0
2025-10-24 13:10:00+05:30,84305.6015625,84333.203125,84281.953125,84330.5625,0.0
2025-10-24 13:15:00+05:30,84328.5390625,84347.1328125,84259.3125,84271.1328125,0.0
2025-10-24 13:20:00+05:30,84276.2265625,84295.25,84213.5078125,84237.453125,0.0
2025-10-24 13:25:00+05:30,84239.8125,84252.09375,84135.9296875,84136.421875,0.0
2025-10-24 13:30:00+05:30,84137.3984375,84208.25,84084.1328125,84084.1328125,0.0
2025-10-24 13:35:00+05:30,84086.0234375,84141.4765625,84001.7421875,84010.671875,0.0
2025-10-24 13:40:00+05:30,84012.75,84047.3828125,83968.25,83972.921875,0.0
2025-10-24 13:45:00+05:30,83973.59375,84012.6875,83961.6484375,84006.1328125,0.0
2025-10-24 13:50:00+05:30,84005.2734375,84047.078125,83959.1015625,84038.03125,0.0
2025-10-24 13:55:00+05:30,84039.21875,84070.921875,84020.859375,84054.5390625,0.0
2025-10-24 14:00:00+05:30,84053.453125,84069.359375,84037.9296875,84065.453125,0.0
2025-10-24 14:05:00+05:30,84069.53125,84092.1484375,84046.203125,84069.9609375,0.0
2025-10-24 14:10:00+05:30,84069.9609375,84157.75,84069.0390625,84106.7890625,0.0
2025-10-24 14:15:00+05:30,84106.7421875,84163.5234375,84088.8515625,84111.7578125,0.0
2025-10-24 14:20:00+05:30,84115.796875,84156.2578125,84069.859375,84110.1015625,0.0
2025-10-24 14:25:00+05:30,84110.34375,84163.71875,84100.3203125,84160.15625,0.0
2025-10-24 14:30:00+05:30,84159.4609375,84196.5390625,84104.171875,84108.7109375,0.0
2025-10-24 14:35:00+05:30,84103.046875,84145.9375,84067.2578125,84067.2578125,0.0
2025-10-24 14:40:00+05:30,84066.15625,84108.75,84061.0078125,84093.46875,0.0
2025-10-24 14:45:00+05:30,84093.46875,84111.0,84045.71875,84068.4375,0.0
2025-10-24 14:50:00+05:30,84067.7890625,84084.0390625,84028.453125,84082.8125,0.0
2025-10-24 14:55:00+05:30,84083.0078125,84083.140625,84036.84375,84040.21875,0.0
2025-10-24 15:00:00+05:30,84050.109375,84252.6015625,84050.109375,84232.296875,0.0
2025-10-24 15:05:00+05:30,84231.140625,84276.046875,84228.1015625,84261.9375,0.0
2025-10-24 15:10:00+05:30,84261.4921875,84267.3984375,84191.21875,84243.78125,0.0
2025-10-24 15:15:00+05:30,84242.890625,84242.890625,84194.3125,84203.9609375,0.0
2025-10-24 15:20:00+05:30,84203.9765625,84211.0,84203.9765625,84210.796875,0.0
2025-10-24 15:25:00+05:30,84211.25,84212.9609375,84209.9921875,84212.078125,0.0
2025-10-27 09:15:00+05:30,84297.390625,84464.46875,84296.328125,84409.25,0.0
2025-10-27 09:20:00+05:30,84408.7578125,84483.75,84408.7578125,84472.9765625,0.0
2025-10-27 09:25:00+05:30,84472.9765625,84531.2734375,84456.5,84510.546875,0.0
2025-10-27 09:30:00+05:30,84511.296875,84565.7421875,84502.7265625,84564.15625,0.0
2025-10-27 09:35:00+05:30,84559.59375,84636.5625,84554.7890625,84634.3515625,0.0
2025-10-27 09:40:00+05:30,84634.15625,84715.390625,84622.1015625,84686.609375,0.0
2025-10-27 09:45:00+05:30,84687.609375,84699.6875,84650.5703125,84686.0625,0.0
2025-10-27 09:50:00+05:30,84684.6875,84700.9296875,84655.671875,84700.9296875,0.0
2025-10-27 09:55:00+05:30,84701.28125,84706.2578125,84651.5390625,84677.796875,0.0
2025-10-27 10:00:00+05:30,84678.6796875,84691.0,84625.640625,84656.1328125,0.0
2025-10-27 10:05:00+05:30,84655.453125,84787.46875,84645.25,84785.1171875,0.0
2025-10-27 10:10:00+05:30,84787.921875,84809.453125,84764.84375,84774.15625,0.0
2025-10-27 10:15:00+05:30,84775.5703125,84803.3828125,84765.1484375,84798.46875,0.0
2025-10-27 10:20:00+05:30,84797.2890625,84831.2578125,84791.84375,84823.5625,0.0
2025-10-27 10:25:00+05:30,84822.453125,84838.5625,84784.8515625,84799.25,0.0
2025-10-27 10:30:00+05:30,84804.890625,84811.3984375,84771.890625,84800.59375,0.0
2025-10-27 10:35:00+05:30,84800.6015625,84801.3828125,84735.46875,84758.21875,0.0
2025-10-27 10:40:00+05:30,84760.3125,84802.546875,84757.46875,84789.8515625,0.0
2025-10-27 10:45:00+05:30,84793.1875,84801.6796875,84770.65625,84771.140625,0.0
2025-10-27 10:50:00+05:30,84771.9921875,84790.53125,84743.4609375,84762.7109375,0.0
2025-10-27 10:55:00+05:30,84763.5078125,84805.71875,84752.65625,84799.3125,0.0
2025-10-27 11:00:00+05:30,84797.6328125,84847.9609375,84789.359375,84804.296875,0.0
2025-10-27 11:05:00+05:30,84804.9375,84835.7265625,84783.609375,84825.1171875,0.0
2025-10-27 11:10:00+05:30,84819.03125,84849.75,84817.3984375,84834.546875,0.0
2025-10-27 11:15:00+05:30,84834.6875,84856.1796875,84799.828125,84816.3984375,0.0
2025-10-27 11:20:00+05:30,84811.0390625,84854.6875,84808.0078125,84848.3671875,0.0
2025-10-27 11:25:00+05:30,84846.7734375,84872.296875,84823.7109375,84842.7109375,0.0
2025-10-27 11:30:00+05:30,84842.3828125,84843.2109375,84808.546875,84823.2421875,0.0
2025-10-27 11:35:00+05:30,84822.25,84835.453125,84806.296875,84817.53125,0.0
2025-10-27 11:40:00+05:30,84820.2421875,84821.4375,84767.890625,84772.5390625,0.0
2025-10-27 11:45:00+05:30,84768.6171875,84779.7265625,84719.109375,84776.03125,0.0
2025-10-27 11:50:00+05:30,84775.328125,84814.2265625,84767.7265625,84804.34375,0.0
2025-10-27 11:55:00+05:30,84803.796875,84886.0703125,84801.609375,84886.0703125,0.0
2025-10-27 12:00:00+05:30,84886.2734375,84915.7265625,84886.2734375,84897.2734375,0.0
2025-10-27 12:05:00+05:30,84897.4375,84932.078125,84875.8203125,84881.171875,0.0
2025-10-27 12:10:00+05:30,84881.171875,84903.0625,84877.6015625,84886.34375,0.0
2025-10-27 12:15:00+05:30,84885.53125,84915.6015625,84867.75,84872.703125,0.0
2025-10-27 12:20:00+05:30,84879.09375,84882.4921875,84850.5625,84865.0078125,0.0
2025-10-27 12:25:00+05:30,84865.96875,84891.09375,84795.4609375,84807.390625,0.0
2025-10-27 12:30:00+05:30,84807.78125,84832.2734375,84776.46875,84820.15625,0.0
2025-10-27 12:35:00+05:30,84820.1328125,84838.3125,84798.3125,84819.53125,0.0
2025-10-27 12:40:00+05:30,84818.3203125,84832.0,84803.9375,84811.328125,0.0
2025-10-27 12:45:00+05:30,84811.328125,84840.78125,84782.703125,84790.171875,0.0
2025-10-27 12:50:00+05:30,84788.65625,84806.28125,84766.453125,84806.28125,0.0
2025-10-27 12:55:00+05:30,84807.171875,84815.671875,84794.8671875,84799.9921875,0.0
2025-10-27 13:00:00+05:30,84800.8671875,84814.3203125,84773.84375,84787.921875,0.0
2025-10-27 13:05:00+05:30,84787.3203125,84787.3203125,84763.3515625,84773.78125,0.0
2025-10-27 13:10:00+05:30,84769.5234375,84777.921875,84739.671875,84776.6484375,0.0
2025-10-27 13:15:00+05:30,84776.6484375,84778.28125,84676.171875,84686.1796875,0.0
2025-10-27 13:20:00+05:30,84686.1796875,84689.0625,84604.8515625,84677.921875,0.0
2025-10-27 13:25:00+05:30,84679.203125,84700.0,84661.109375,84689.90625,0.0
2025-10-27 13:30:00+05:30,84689.2890625,84689.2890625,84626.78125,84626.8125,0.0
2025-10-27 13:35:00+05:30,84625.640625,84688.2421875,84612.96875,84678.640625,0.0
2025-10-27 13:40:00+05:30,84678.640625,84687.671875,84662.34375,84682.8125,0.0
2025-10-27 13:45:00+05:30,84682.0390625,84711.0,84667.890625,84709.2109375,0.0
2025-10-27 13:50:00+05:30,84709.53125,84771.859375,84708.6796875,84751.953125,0.0
2025-10-27 13:55:00+05:30,84751.15625,84755.1328125,84718.9375,84737.5625,0.0
2025-10-27 14:00:00+05:30,84737.2734375,84749.40625,84718.109375,84726.828125,0.0
2025-10-27 14:05:00+05:30,84726.90625,84765.0234375,84718.046875,84728.4296875,0.0
2025-10-27 14:10:00+05:30,84728.8984375,84733.0390625,84664.8828125,84667.1796875,0.0
2025-10-27 14:15:00+05:30,84658.5,84838.671875,84658.5,84838.671875,0.0
2025-10-27 14:20:00+05:30,84836.6875,84837.0078125,84739.59375,84790.609375,0.0
2025-10-27 14:25:00+05:30,84798.3203125,84831.6796875,84783.609375,84797.3203125,0.0
2025-10-27 14:30:00+05:30,84798.0625,84849.7578125,84790.6875,84821.8515625,0.0
2025-10-27 14:35:00+05:30,84821.7734375,84847.609375,84772.4375,84772.703125,0.0
2025-10-27 14:40:00+05:30,84772.34375,84800.9375,84750.7734375,84776.609375,0.0
2025-10-27 14:45:00+05:30,84784.6171875,84805.109375,84641.3828125,84642.671875,0.0
2025-10-27 14:50:00+05:30,84644.3203125,84749.6484375,84635.328125,84719.3828125,0.0
2025-10-27 14:55:00+05:30,84722.4296875,84762.296875,84695.5234375,84762.296875,0.0
2025-10-27 15:00:00+05:30,84763.578125,84799.2734375,84710.09375,84716.859375,0.0
2025-10-27 15:05:00+05:30,84714.1015625,84788.71875,84698.5078125,84788.4296875,0.0
2025-10-27 15:10:00+05:30,84787.828125,84803.71875,84746.34375,84764.03125,0.0
2025-10-27 15:15:00+05:30,84764.3828125,84764.7421875,84756.828125,84764.7421875,0.0
2025-10-27 15:20:00+05:30,84764.7421875,84769.1796875,84763.2265625,84767.3125,0.0
2025-10-27 15:25:00+05:30,84767.3125,84778.96875,84767.2734375,84778.953125,0.0
2025-10-28 09:15:00+05:30,84661.5,84901.1171875,84661.5,84788.84375,0.0
2025-10-28 09:20:00+05:30,84792.4375,84871.59375,84738.1328125,84802.6015625,0.0
2025-10-28 09:25:00+05:30,84802.6015625,84839.25,84759.2734375,84825.8984375,0.0
2025-10-28 09:30:00+05:30,84826.5625,84972.328125,84808.359375,84956.1484375,0.0
2025-10-28 09:35:00+05:30,84957.9609375,84986.9375,84942.1875,84953.3671875,0.0
2025-10-28 09:40:00+05:30,84951.21875,84981.296875,84893.859375,84917.4296875,0.0
2025-10-28 09:45:00+05:30,84920.9609375,84954.6171875,84859.1875,84890.171875,0.0
2025-10-28 09:50:00+05:30,84890.8671875,84890.8671875,84701.0625,84742.5078125,0.0
2025-10-28 09:55:00+05:30,84744.0703125,84779.09375,84715.796875,84737.328125,0.0
2025-10-28 10:00:00+05:30,84732.828125,84734.6484375,84597.171875,84605.390625,0.0
2025-10-28 10:05:00+05:30,84605.296875,84620.421875,84492.0625,84548.1875,0.0
2025-10-28 10:10:00+05:30,84547.8828125,84569.5703125,84473.2421875,84562.3671875,0.0
2025-10-28 10:15:00+05:30,84562.953125,84567.6328125,84496.2421875,84539.2265625,0.0
2025-10-28 10:20:00+05:30,84538.609375,84550.84375,84465.8984375,84516.3125,0.0
2025-10-28 10:25:00+05:30,84513.390625,84544.2109375,84483.78125,84536.53125,0.0
2025-10-28 10:30:00+05:30,84535.1796875,84541.34375,84422.6015625,84442.03125,0.0
2025-10-28 10:35:00+05:30,84444.2109375,84471.7421875,84408.96875,84417.640625,0.0
2025-10-28 10:40:00+05:30,84417.203125,84497.34375,84395.828125,84484.4296875,0.0
2025-10-28 10:45:00+05:30,84485.2421875,84532.7734375,84469.3828125,84495.4921875,0.0
2025-10-28 10:50:00+05:30,84493.78125,84493.78125,84375.7578125,84376.71875,0.0
2025-10-28 10:55:00+05:30,84376.5625,84417.7734375,84366.578125,84404.6328125,0.0
2025-10-28 11:00:00+05:30,84404.203125,84407.0625,84316.4296875,84323.171875,0.0
2025-10-28 11:05:00+05:30,84322.6015625,84356.2265625,84297.90625,84351.109375,0.0
2025-10-28 11:10:00+05:30,84348.8671875,84367.2890625,84343.4921875,84353.1328125,0.0
2025-10-28 11:15:00+05:30,84352.8203125,84392.8828125,84317.140625,84375.2890625,0.0
2025-10-28 11:20:00+05:30,84375.2890625,84439.21875,84351.7109375,84425.3515625,0.0
2025-10-28 11:25:00+05:30,84425.9375,84485.03125,84423.828125,84443.2421875,0.0
2025-10-28 11:30:00+05:30,84442.390625,84482.6328125,84429.671875,84429.671875,0.0
2025-10-28 11:35:00+05:30,84427.890625,84431.4296875,84401.890625,84431.2265625,0.0
2025-10-28 11:40:00+05:30,84428.5703125,84478.8203125,84406.328125,84406.8828125,0.0
2025-10-28 11:45:00+05:30,84407.2265625,84453.9921875,84371.0703125,84452.546875,0.0
2025-10-28 11:50:00+05:30,84452.84375,84483.2890625,84425.46875,84426.7109375,0.0
2025-10-28 11:55:00+05:30,84426.7109375,84429.296875,84328.15625,84328.15625,0.0
2025-10-28 12:00:00+05:30,84315.8515625,84340.5625,84297.71875,84307.171875,0.0
2025-10-28 12:05:00+05:30,84306.78125,84317.7578125,84227.8515625,84269.59375,0.0
2025-10-28 12:10:00+05:30,84268.1328125,84330.640625,84228.7734375,84324.9765625,0.0
2025-10-28 12:15:00+05:30,84319.5625,84353.9921875,84273.4765625,84328.140625,0.0
2025-10-28 12:20:00+05:30,84324.828125,84390.640625,84324.828125,84385.328125,0.0
2025-10-28 12:25:00+05:30,84386.953125,84411.703125,84372.40625,84393.1328125,0.0
2025-10-28 12:30:00+05:30,84392.03125,84418.171875,84356.8515625,84412.671875,0.0
2025-10-28 12:35:00+05:30,84412.6171875,84510.3671875,84411.046875,84496.34375,0.0
2025-10-28 12:40:00+05:30,84496.34375,84591.9375,84482.6171875,84568.078125,0.0
2025-10-28 12:45:00+05:30,84567.8828125,84629.8203125,84521.7734375,84543.953125,0.0
2025-10-28 12:50:00+05:30,84546.2421875,84646.59375,84543.21875,84601.3828125,0.0
2025-10-28 12:55:00+05:30,84605.9609375,84651.5390625,84549.3671875,84598.1796875,0.0
2025-10-28 13:00:00+05:30,84598.046875,84650.4765625,84556.4765625,84556.671875,0.0
2025-10-28 13:05:00+05:30,84548.921875,84645.5234375,84510.4296875,84645.390625,0.0
2025-10-28 13:10:00+05:30,84648.3984375,84648.3984375,84566.5078125,84597.78125,0.0
2025-10-28 13:15:00+05:30,84597.90625,84628.9921875,84493.9765625,84573.3203125,0.0
2025-10-28 13:20:00+05:30,84575.4375,84619.71875,84554.1796875,84604.25,0.0
2025-10-28 13:25:00+05:30,84606.7734375,84694.2734375,84603.7578125,84632.71875,0.0
2025-10-28 13:30:00+05:30,84631.5078125,84680.1015625,84623.2734375,84623.2734375,0.0
2025-10-28 13:35:00+05:30,84619.09375,84644.9296875,84559.140625,84592.078125,0.0
2025-10-28 13:40:00+05:30,84592.03125,84596.5625,84450.9375,84461.1796875,0.0
2025-10-28 13:45:00+05:30,84452.296875,84478.6484375,84405.7421875,84452.8203125,0.0
2025-10-28 13:50:00+05:30,84458.546875,84463.2734375,84405.65625,84412.2734375,0.0
2025-10-28 13:55:00+05:30,84412.3125,84470.4609375,84353.1796875,84457.96875,0.0
2025-10-28 14:00:00+05:30,84459.53125,84502.4921875,84373.3671875,84387.71875,0.0
2025-10-28 14:05:00+05:30,84385.109375,84407.9296875,84335.921875,84401.2109375,0.0
2025-10-28 14:10:00+05:30,84398.4765625,84423.8515625,84325.328125,84415.34375,0.0
2025-10-28 14:15:00+05:30,84416.4375,84424.109375,84333.9765625,84346.7734375,0.0
2025-10-28 14:20:00+05:30,84347.21875,84367.796875,84323.2734375,84345.09375,0.0
2025-10-28 14:25:00+05:30,84344.2109375,84350.8125,84219.6328125,84278.3203125,0.0
2025-10-28 14:30:00+05:30,84279.6015625,84284.796875,84244.2265625,84251.71875,0.0
2025-10-28 14:35:00+05:30,84252.4609375,84341.578125,84232.140625,84283.8984375,0.0
2025-10-28 14:40:00+05:30,84285.9609375,84319.328125,84266.4765625,84271.75,0.0
2025-10-28 14:45:00+05:30,84272.6015625,84365.2890625,84251.3984375,84255.703125,0.0
2025-10-28 14:50:00+05:30,84256.84375,84336.0390625,84237.9765625,84307.828125,0.0
2025-10-28 14:55:00+05:30,84305.953125,84402.03125,84298.75,84361.0,0.0
2025-10-28 15:00:00+05:30,84359.5390625,84567.3203125,84359.5390625,84559.53125,0.0
2025-10-28 15:05:00+05:30,84557.953125,84637.2109375,84530.2265625,84554.921875,0.0
2025-10-28 15:10:00+05:30,84558.3828125,84663.921875,84545.7265625,84655.0625,0.0
2025-10-28 15:15:00+05:30,84655.0625,84655.0625,84567.453125,84598.6171875,0.0
2025-10-28 15:20:00+05:30,84598.8984375,84610.859375,84598.8984375,84610.859375,0.0
2025-10-28 15:25:00+05:30,84611.1875,84627.9765625,84611.1875,84627.9765625,0.0
2025-10-29 09:15:00+05:30,84714.2734375,84914.140625,84688.5703125,84722.9921875,0.0
2025-10-29 09:20:00+05:30,84727.0078125,84789.1875,84701.4375,84787.96875,0.0
2025-10-29 09:25:00+05:30,84785.34375,84876.7421875,84778.7578125,84829.28125,0.0
2025-10-29 09:30:00+05:30,84830.0,84890.6875,84766.84375,84775.953125,0.0
2025-10-29 09:35:00+05:30,84777.1484375,84777.1484375,84655.046875,84661.640625,0.0
2025-10-29 09:40:00+05:30,84658.0234375,84710.4921875,84639.2109375,84675.5078125,0.0
2025-10-29 09:45:00+05:30,84674.0390625,84770.421875,84652.046875,84686.4296875,0.0
2025-10-29 09:50:00+05:30,84685.7578125,84753.390625,84660.7890625,84750.1875,0.0
2025-10-29 09:55:00+05:30,84748.296875,84777.0078125,84703.6875,84719.9609375,0.0
2025-10-29 10:00:00+05:30,84718.390625,84804.1015625,84716.5390625,84773.203125,0.0
2025-10-29 10:05:00+05:30,84764.9609375,84770.53125,84720.96875,84761.4609375,0.0
2025-10-29 10:10:00+05:30,84770.9375,84837.8203125,84748.890625,84779.6171875,0.0
2025-10-29 10:15:00+05:30,84778.7421875,84791.0234375,84740.2421875,84745.328125,0.0
2025-10-29 10:20:00+05:30,84747.9921875,84847.0703125,84747.03125,84819.25,0.0
2025-10-29 10:25:00+05:30,84819.4375,84946.046875,84813.390625,84942.75,0.0
2025-10-29 10:30:00+05:30,84943.203125,85001.9609375,84905.8671875,84972.96875,0.0
2025-10-29 10:35:00+05:30,84970.9765625,84989.0390625,84928.5390625,84942.4375,0.0
2025-10-29 10:40:00+05:30,84942.8203125,84955.8984375,84904.3203125,84929.9375,0.0
2025-10-29 10:45:00+05:30,84934.5703125,84949.4921875,84876.546875,84876.546875,0.0
2025-10-29 10:50:00+05:30,84882.6015625,84916.140625,84831.7734375,84863.2265625,0.0
2025-10-29 10:55:00+05:30,84861.03125,84938.140625,84825.640625,84911.7109375,0.0
2025-10-29 11:00:00+05:30,84911.6015625,84927.6484375,84876.6875,84891.2109375,0.0
2025-10-29 11:05:00+05:30,84884.296875,84910.8125,84857.9765625,84893.3671875,0.0
2025-10-29 11:10:00+05:30,84897.078125,84938.546875,84832.296875,84853.2734375,0.0
2025-10-29 11:15:00+05:30,84852.7421875,84885.5625,84802.96875,84827.1484375,0.0
2025-10-29 11:20:00+05:30,84823.4296875,84914.8203125,84804.2109375,84884.46875,0.0
2025-10-29 11:25:00+05:30,84884.1328125,84952.0078125,84881.1796875,84909.171875,0.0
2025-10-29 11:30:00+05:30,84905.1015625,84926.3515625,84875.0703125,84899.8671875,0.0
2025-10-29 11:35:00+05:30,84904.4375,84932.6875,84855.0390625,84903.6328125,0.0
2025-10-29 11:40:00+05:30,84901.25,84973.2109375,84885.15625,84936.6484375,0.0
2025-10-29 11:45:00+05:30,84937.046875,84974.1484375,84891.71875,84899.3515625,0.0
2025-10-29 11:50:00+05:30,84902.9765625,84922.453125,84883.109375,84887.4921875,0.0
2025-10-29 11:55:00+05:30,84887.6328125,84895.7734375,84850.5703125,84881.7890625,0.0
2025-10-29 12:00:00+05:30,84881.6015625,84926.5,84851.109375,84924.3515625,0.0
2025-10-29 12:05:00+05:30,84925.328125,84986.921875,84920.046875,84970.65625,0.0
2025-10-29 12:10:00+05:30,84971.9375,84996.7890625,84943.4765625,84976.328125,0.0
2025-10-29 12:15:00+05:30,84974.3125,84987.6328125,84940.2890625,84963.8203125,0.0
2025-10-29 12:20:00+05:30,84968.046875,84974.9296875,84927.5625,84927.5625,0.0
2025-10-29 12:25:00+05:30,84929.078125,84992.9375,84928.4765625,84981.203125,0.0
2025-10-29 12:30:00+05:30,84979.8984375,85022.078125,84963.2109375,84963.2109375,0.0
2025-10-29 12:35:00+05:30,84963.1796875,84991.703125,84959.328125,84975.4296875,0.0
2025-10-29 12:40:00+05:30,84977.3125,85025.171875,84969.4921875,85010.3515625,0.0
2025-10-29 12:45:00+05:30,85010.3515625,85041.859375,85000.3125,85037.2578125,0.0
2025-10-29 12:50:00+05:30,85035.6796875,85037.28125,84990.78125,85011.3828125,0.0
2025-10-29 12:55:00+05:30,85009.1171875,85018.03125,84990.1875,85014.828125,0.0
2025-10-29 13:00:00+05:30,85014.0234375,85031.3515625,84961.9765625,84962.6484375,0.0
2025-10-29 13:05:00+05:30,84962.0234375,85023.8125,84956.296875,85021.0625,0.0
2025-10-29 13:10:00+05:30,85024.1796875,85047.0078125,85010.59375,85037.3125,0.0
2025-10-29 13:15:00+05:30,85035.8203125,85055.421875,85026.2109375,85039.359375,0.0
2025-10-29 13:20:00+05:30,85042.2109375,85054.828125,85010.078125,85038.8203125,0.0
2025-10-29 13:25:00+05:30,85037.9375,85044.359375,84998.7734375,85004.828125,0.0
2025-10-29 13:30:00+05:30,85000.4375,85086.7421875,84991.296875,85082.3828125,0.0
2025-10-29 13:35:00+05:30,85083.6171875,85096.6328125,85068.2734375,85094.7265625,0.0
2025-10-29 13:40:00+05:30,85094.203125,85102.078125,85030.953125,85034.6171875,0.0
2025-10-29 13:45:00+05:30,85033.71875,85072.8125,85016.796875,85030.2421875,0.0
2025-10-29 13:50:00+05:30,85030.2421875,85065.96875,85028.671875,85064.34375,0.0
2025-10-29 13:55:00+05:30,85065.5,85074.328125,85009.640625,85009.6875,0.0
2025-10-29 14:00:00+05:30,85006.2421875,85016.890625,84949.2265625,84969.6328125,0.0
2025-10-29 14:05:00+05:30,84971.7421875,84997.171875,84943.7421875,84953.4609375,0.0
2025-10-29 14:10:00+05:30,84952.046875,84989.0,84947.4375,84978.890625,0.0
2025-10-29 14:15:00+05:30,84978.3984375,85077.3125,84978.3984375,85068.15625,0.0
2025-10-29 14:20:00+05:30,85071.59375,85071.59375,84965.59375,84979.4921875,0.0
2025-10-29 14:25:00+05:30,84978.796875,85005.4609375,84964.671875,84999.8515625,0.0
2025-10-29 14:30:00+05:30,84998.828125,85025.9296875,84996.75,84996.75,0.0
2025-10-29 14:35:00+05:30,84996.8515625,85015.0703125,84971.7890625,85010.640625,0.0
2025-10-29 14:40:00+05:30,85012.171875,85026.7578125,84982.1484375,84995.71875,0.0
2025-10-29 14:45:00+05:30,84996.8203125,85008.25,84896.0078125,84896.2109375,0.0
2025-10-29 14:50:00+05:30,84896.6484375,84973.4375,84873.6328125,84950.546875,0.0
2025-10-29 14:55:00+05:30,84949.09375,84979.3828125,84946.8828125,84971.2890625,0.0
2025-10-29 15:00:00+05:30,84971.109375,84982.46875,84940.953125,84946.8515625,0.0
2025-10-29 15:05:00+05:30,84946.546875,84980.5390625,84939.5625,84939.5625,0.0
2025-10-29 15:10:00+05:30,84939.109375,84965.6328125,84939.0078125,84959.8515625,0.0
2025-10-29 15:15:00+05:30,84963.46875,84965.1328125,84960.890625,84965.1328125,0.0
2025-10-29 15:20:00+05:30,84965.1328125,84983.0703125,84965.1328125,84983.0703125,0.0
2025-10-29 15:25:00+05:30,84983.0703125,84997.2265625,84983.0703125,84997.1328125,0.0
2025-10-30 09:15:00+05:30,84772.7578125,84906.59375,84714.921875,84778.328125,0.0
2025-10-30 09:20:00+05:30,84769.4921875,84797.6484375,84701.578125,84757.8671875,0.0
2025-10-30 09:25:00+05:30,84748.703125,84787.2265625,84713.796875,84735.0390625,0.0
2025-10-30 09:30:00+05:30,84734.15625,84741.7578125,84624.28125,84627.8125,0.0
2025-10-30 09:35:00+05:30,84625.15625,84679.703125,84604.2109375,84628.8828125,0.0
2025-10-30 09:40:00+05:30,84627.953125,84642.3515625,84548.21875,84578.2265625,0.0
2025-10-30 09:45:00+05:30,84578.8828125,84598.078125,84541.0625,84598.078125,0.0
2025-10-30 09:50:00+05:30,84601.15625,84655.84375,84514.453125,84514.453125,0.0
2025-10-30 09:55:00+05:30,84511.890625,84564.0,84467.2890625,84530.21875,0.0
2025-10-30 10:00:00+05:30,84532.8203125,84577.4609375,84499.5,84575.4765625,0.0
2025-10-30 10:05:00+05:30,84576.90625,84686.1171875,84576.90625,84654.0390625,0.0
2025-10-30 10:10:00+05:30,84647.6171875,84726.3125,84633.359375,84723.5,0.0
2025-10-30 10:15:00+05:30,84723.1875,84728.546875,84622.1015625,84622.1015625,0.0
2025-10-30 10:20:00+05:30,84623.1484375,84716.640625,84610.578125,84699.640625,0.0
2025-10-30 10:25:00+05:30,84699.453125,84703.7109375,84637.0,84637.2421875,0.0
2025-10-30 10:30:00+05:30,84634.1015625,84645.109375,84563.140625,84563.140625,0.0
2025-10-30 10:35:00+05:30,84561.8984375,84637.25,84561.1171875,84600.7578125,0.0
2025-10-30 10:40:00+05:30,84602.59375,84605.8828125,84532.7109375,84563.9765625,0.0
2025-10-30 10:45:00+05:30,84570.2265625,84585.453125,84528.7734375,84542.15625,0.0
2025-10-30 10:50:00+05:30,84541.40625,84610.59375,84539.671875,84563.8125,0.0
2025-10-30 10:55:00+05:30,84565.0078125,84609.7734375,84532.46875,84535.390625,0.0
2025-10-30 11:00:00+05:30,84538.890625,84597.1328125,84523.0,84585.1015625,0.0
2025-10-30 11:05:00+05:30,84585.7265625,84653.140625,84579.71875,84619.0078125,0.0
2025-10-30 11:10:00+05:30,84619.59375,84672.421875,84607.796875,84667.0390625,0.0
2025-10-30 11:15:00+05:30,84669.953125,84688.4296875,84637.1328125,84668.6875,0.0
2025-10-30 11:20:00+05:30,84671.2734375,84749.390625,84654.2265625,84710.5390625,0.0
2025-10-30 11:25:00+05:30,84713.953125,84742.6875,84676.40625,84688.03125,0.0
2025-10-30 11:30:00+05:30,84687.90625,84689.90625,84609.203125,84609.6328125,0.0
2025-10-30 11:35:00+05:30,84608.7109375,84628.609375,84581.8828125,84603.2578125,0.0
2025-10-30 11:40:00+05:30,84602.15625,84617.421875,84581.2734375,84602.21875,0.0
2025-10-30 11:45:00+05:30,84602.21875,84628.8203125,84585.8515625,84626.6796875,0.0
2025-10-30 11:50:00+05:30,84626.6015625,84640.7890625,84520.6796875,84545.6875,0.0
2025-10-30 11:55:00+05:30,84547.0,84550.890625,84492.5703125,84503.5703125,0.0
2025-10-30 12:00:00+05:30,84507.390625,84559.9765625,84506.21875,84538.7890625,0.0
2025-10-30 12:05:00+05:30,84537.71875,84566.9765625,84505.3828125,84538.7109375,0.0
2025-10-30 12:10:00+05:30,84538.78125,84563.2734375,84521.078125,84552.0078125,0.0
2025-10-30 12:15:00+05:30,84551.09375,84564.3125,84486.0390625,84489.5703125,0.0
2025-10-30 12:20:00+05:30,84491.9609375,84562.140625,84477.0,84557.7734375,0.0
2025-10-30 12:25:00+05:30,84557.359375,84592.1796875,84551.796875,84573.8515625,0.0
2025-10-30 12:30:00+05:30,84574.0234375,84576.796875,84481.328125,84520.359375,0.0
2025-10-30 12:35:00+05:30,84521.9765625,84569.0703125,84514.34375,84544.8515625,0.0
2025-10-30 12:40:00+05:30,84545.1796875,84563.7734375,84529.796875,84548.3125,0.0
2025-10-30 12:45:00+05:30,84547.953125,84568.546875,84543.9765625,84550.890625,0.0
2025-10-30 12:50:00+05:30,84550.890625,84565.8125,84519.8984375,84525.15625,0.0
2025-10-30 12:55:00+05:30,84530.53125,84546.921875,84507.5625,84507.5625,0.0
2025-10-30 13:00:00+05:30,84507.5625,84534.1796875,84494.2578125,84534.1796875,0.0
2025-10-30 13:05:00+05:30,84533.0625,84563.8671875,84514.359375,84529.1796875,0.0
2025-10-30 13:10:00+05:30,84531.1015625,84567.171875,84530.2578125,84566.9296875,0.0
2025-10-30 13:15:00+05:30,84567.15625,84617.21875,84542.53125,84582.8203125,0.0
2025-10-30 13:20:00+05:30,84581.7578125,84605.6484375,84523.59375,84523.59375,0.0
2025-10-30 13:25:00+05:30,84523.59375,84546.6015625,84478.3828125,84499.0234375,0.0
2025-10-30 13:30:00+05:30,84497.9921875,84508.21875,84413.4921875,84429.65625,0.0
2025-10-30 13:35:00+05:30,84430.203125,84448.109375,84384.390625,84416.359375,0.0
2025-10-30 13:40:00+05:30,84416.5625,84454.890625,84408.2265625,84438.671875,0.0
2025-10-30 13:45:00+05:30,84432.296875,84437.390625,84409.0390625,84413.96875,0.0
2025-10-30 13:50:00+05:30,84411.109375,84470.703125,84408.390625,84446.7890625,0.0
2025-10-30 13:55:00+05:30,84450.8515625,84477.8515625,84403.4921875,84472.15625,0.0
2025-10-30 14:00:00+05:30,84472.1171875,84476.453125,84423.4375,84446.1015625,0.0
2025-10-30 14:05:00+05:30,84446.1015625,84459.578125,84419.1171875,84434.0625,0.0
2025-10-30 14:10:00+05:30,84432.1328125,84471.109375,84395.2109375,84470.7578125,0.0
2025-10-30 14:15:00+05:30,84470.2109375,84470.2109375,84410.1015625,84445.2421875,0.0
2025-10-30 14:20:00+05:30,84441.203125,84535.7109375,84434.8125,84493.1328125,0.0
2025-10-30 14:25:00+05:30,84498.8984375,84506.1875,84478.7734375,84498.8203125,0.0
2025-10-30 14:30:00+05:30,84494.4296875,84525.796875,84418.7109375,84426.8828125,0.0
2025-10-30 14:35:00+05:30,84426.1796875,84522.59375,84426.1796875,84441.25,0.0
2025-10-30 14:40:00+05:30,84442.4765625,84506.03125,84439.5,84498.75,0.0
2025-10-30 14:45:00+05:30,84498.75,84516.6875,84421.796875,84421.921875,0.0
2025-10-30 14:50:00+05:30,84421.5703125,84436.390625,84378.609375,84381.1328125,0.0
2025-10-30 14:55:00+05:30,84371.7734375,84389.7578125,84312.6484375,84373.140625,0.0
2025-10-30 15:00:00+05:30,84380.9296875,84450.0703125,84346.0,84354.390625,0.0
2025-10-30 15:05:00+05:30,84352.0625,84448.09375,84345.546875,84372.75,0.0
2025-10-30 15:10:00+05:30,84375.0078125,84447.9765625,84321.2890625,84371.5625,0.0
2025-10-30 15:15:00+05:30,84372.859375,84394.0703125,84372.859375,84394.0703125,0.0
2025-10-30 15:20:00+05:30,84394.0703125,84402.0078125,84394.0703125,84401.953125,0.0
2025-10-30 15:25:00+05:30,84401.953125,84404.4609375,84401.953125,84404.4609375,0.0
2025-10-31 09:15:00+05:30,84383.8828125,84406.046875,84259.078125,84387.5,0.0
2025-10-31 09:20:00+05:30,84389.5625,84493.65625,84342.3671875,84493.65625,0.0
2025-10-31 09:25:00+05:30,84495.078125,84600.4296875,84490.953125,84581.34375,0.0
2025-10-31 09:30:00+05:30,84580.71875,84684.90625,84578.890625,84684.90625,0.0
2025-10-31 09:35:00+05:30,84682.0390625,84711.109375,84655.828125,84655.828125,0.0
2025-10-31 09:40:00+05:30,84659.328125,84665.9296875,84566.8203125,84589.8984375,0.0
2025-10-31 09:45:00+05:30,84591.21875,84624.2421875,84567.859375,84601.3203125,0.0
2025-10-31 09:50:00+05:30,84602.640625,84604.03125,84554.609375,84599.8203125,0.0
2025-10-31 09:55:00+05:30,84599.8203125,84624.78125,84579.21875,84610.828125,0.0
2025-10-31 10:00:00+05:30,84610.828125,84618.1875,84481.9375,84481.9375,0.0
2025-10-31 10:05:00+05:30,84480.1796875,84492.4921875,84393.171875,84421.0078125,0.0
2025-10-31 10:10:00+05:30,84419.3515625,84440.2890625,84394.6171875,84440.2890625,0.0
2025-10-31 10:15:00+05:30,84440.2890625,84440.2890625,84334.7109375,84370.890625,0.0
2025-10-31 10:20:00+05:30,84367.1484375,84367.1484375,84249.2421875,84266.296875,0.0
2025-10-31 10:25:00+05:30,84266.296875,84300.5625,84244.4296875,84293.25,0.0
2025-10-31 10:30:00+05:30,84290.390625,84292.109375,84167.7890625,84193.921875,0.0
2025-10-31 10:35:00+05:30,84193.921875,84199.84375,84119.359375,84146.359375,0.0
2025-10-31 10:40:00+05:30,84146.578125,84217.8984375,84126.203125,84216.9765625,0.0
2025-10-31 10:45:00+05:30,84216.34375,84245.578125,84210.171875,84236.8515625,0.0
2025-10-31 10:50:00+05:30,84237.4375,84237.4375,84186.96875,84190.171875,0.0
2025-10-31 10:55:00+05:30,84186.328125,84189.453125,84148.828125,84166.4375,0.0
2025-10-31 11:00:00+05:30,84165.5703125,84168.921875,84046.2734375,84075.390625,0.0
2025-10-31 11:05:00+05:30,84075.671875,84108.2265625,84068.1796875,84093.9375,0.0
2025-10-31 11:10:00+05:30,84091.4921875,84109.609375,84045.7734375,84080.4765625,0.0
2025-10-31 11:15:00+05:30,84081.6484375,84116.6015625,84060.6484375,84116.3828125,0.0
2025-10-31 11:20:00+05:30,84117.46875,84144.2734375,84103.1328125,84131.390625,0.0
2025-10-31 11:25:00+05:30,84134.3671875,84145.90625,84090.3515625,84095.0703125,0.0
2025-10-31 11:30:00+05:30,84092.1796875,84148.53125,84074.3125,84143.4296875,0.0
2025-10-31 11:35:00+05:30,84143.4296875,84175.09375,84137.953125,84152.296875,0.0
2025-10-31 11:40:00+05:30,84148.4609375,84193.90625,84122.0,84189.4296875,0.0
2025-10-31 11:45:00+05:30,84190.7890625,84198.171875,84147.140625,84147.140625,0.0
2025-10-31 11:50:00+05:30,84153.71875,84239.0390625,84142.640625,84234.5625,0.0
2025-10-31 11:55:00+05:30,84239.6796875,84244.8125,84211.7578125,84230.7734375,0.0
2025-10-31 12:00:00+05:30,84231.40625,84272.328125,84223.03125,84262.7734375,0.0
2025-10-31 12:05:00+05:30,84266.90625,84269.7734375,84226.8125,84246.4609375,0.0
2025-10-31 12:10:00+05:30,84246.4609375,84292.40625,84164.75,84171.1875,0.0
2025-10-31 12:15:00+05:30,84173.328125,84210.21875,84172.5,84207.171875,0.0
2025-10-31 12:20:00+05:30,84208.046875,84208.046875,84136.2421875,84143.15625,0.0
2025-10-31 12:25:00+05:30,84143.15625,84146.4296875,84117.2734375,84129.4375,0.0
2025-10-31 12:30:00+05:30,84129.359375,84142.3515625,84110.2578125,84141.4296875,0.0
2025-10-31 12:35:00+05:30,84142.1875,84171.46875,84119.0390625,84162.78125,0.0
2025-10-31 12:40:00+05:30,84162.421875,84197.8984375,84135.7578125,84143.0078125,0.0
2025-10-31 12:45:00+05:30,84144.921875,84155.90625,84123.2890625,84139.609375,0.0
2025-10-31 12:50:00+05:30,84144.7265625,84169.65625,84134.171875,84158.5390625,0.0
2025-10-31 12:55:00+05:30,84159.21875,84189.8203125,84147.4609375,84156.3828125,0.0
2025-10-31 13:00:00+05:30,84158.5390625,84214.921875,84146.4609375,84212.8515625,0.0
2025-10-31 13:05:00+05:30,84213.859375,84234.1015625,84208.6484375,84224.1484375,0.0
2025-10-31 13:10:00+05:30,84223.53125,84223.96875,84181.921875,84189.453125,0.0
2025-10-31 13:15:00+05:30,84189.5234375,84216.140625,84172.8203125,84212.0234375,0.0
2025-10-31 13:20:00+05:30,84210.703125,84211.0,84159.046875,84161.0625,0.0
2025-10-31 13:25:00+05:30,84159.28125,84162.671875,84096.9296875,84110.6484375,0.0
2025-10-31 13:30:00+05:30,84110.84375,84129.84375,84087.0390625,84122.6796875,0.0
2025-10-31 13:35:00+05:30,84118.84375,84124.2578125,84041.6171875,84050.359375,0.0
2025-10-31 13:40:00+05:30,84049.9609375,84087.90625,84044.53125,84053.9609375,0.0
2025-10-31 13:45:00+05:30,84053.1484375,84077.6328125,84022.6484375,84042.25,0.0
2025-10-31 13:50:00+05:30,84042.7421875,84069.546875,84040.5703125,84068.7890625,0.0
2025-10-31 13:55:00+05:30,84069.1875,84122.078125,84057.21875,84098.5625,0.0
2025-10-31 14:00:00+05:30,84100.15625,84145.03125,84072.359375,84117.40625,0.0
2025-10-31 14:05:00+05:30,84117.40625,84122.8671875,84061.5625,84097.2890625,0.0
2025-10-31 14:10:00+05:30,84099.7890625,84121.6796875,84077.25,84102.25,0.0
2025-10-31 14:15:00+05:30,84101.546875,84105.7890625,84011.8203125,84058.21875,0.0
2025-10-31 14:20:00+05:30,84058.59375,84062.7734375,84031.03125,84055.21875,0.0
2025-10-31 14:25:00+05:30,84055.3828125,84128.546875,84048.546875,84128.2890625,0.0
2025-10-31 14:30:00+05:30,84128.3671875,84137.9296875,84095.5390625,84099.0,0.0
2025-10-31 14:35:00+05:30,84100.9765625,84101.53125,84030.0078125,84068.5234375,0.0
2025-10-31 14:40:00+05:30,84068.46875,84098.9765625,84054.1796875,84066.21875,0.0
2025-10-31 14:45:00+05:30,84066.0625,84076.78125,84038.7265625,84056.9765625,0.0
2025-10-31 14:50:00+05:30,84055.1875,84068.96875,83994.3828125,83995.3828125,0.0
2025-10-31 14:55:00+05:30,83995.71875,84050.1875,83995.71875,84035.1015625,0.0
2025-10-31 15:00:00+05:30,84035.296875,84035.296875,83932.3984375,83940.7265625,0.0
2025-10-31 15:05:00+05:30,83940.4375,83962.4765625,83920.59375,83929.796875,0.0
2025-10-31 15:10:00+05:30,83931.3671875,83945.6328125,83905.7890625,83917.7421875,0.0
2025-10-31 15:15:00+05:30,83917.3671875,83947.3125,83917.3671875,83942.453125,0.0
2025-10-31 15:20:00+05:30,83941.421875,83941.421875,83936.2578125,83937.3984375,0.0
2025-10-31 15:25:00+05:30,83937.3984375,83938.796875,83937.359375,83938.0703125,0.0
2025-11-03 09:15:00+05:30,83829.140625,83946.84375,83678.71875,83754.3515625,0.0
2025-11-03 09:20:00+05:30,83747.78125,83811.8984375,83687.9375,83708.5,0.0
2025-11-03 09:25:00+05:30,83719.5390625,83750.0234375,83677.78125,83708.859375,0.0
2025-11-03 09:30:00+05:30,83708.078125,83708.078125,83612.203125,83669.65625,0.0
2025-11-03 09:35:00+05:30,83670.953125,83827.3125,83664.8515625,83827.3125,0.0
2025-11-03 09:40:00+05:30,83828.046875,83921.0,83824.71875,83877.421875,0.0
2025-11-03 09:45:00+05:30,83876.75,83983.9375,83875.1484375,83977.359375,0.0
2025-11-03 09:50:00+05:30,83978.640625,83987.2734375,83923.640625,83925.53125,0.0
2025-11-03 09:55:00+05:30,83925.96875,83993.3671875,83925.96875,83993.3671875,0.0
2025-11-03 10:00:00+05:30,83996.7734375,84005.703125,83858.9921875,83875.6015625,0.0
2025-11-03 10:05:00+05:30,83877.5390625,83894.5,83812.78125,83826.1796875,0.0
2025-11-03 10:10:00+05:30,83826.3671875,83865.46875,83813.59375,83828.5703125,0.0
2025-11-03 10:15:00+05:30,83826.6015625,83884.3984375,83772.21875,83834.8828125,0.0
2025-11-03 10:20:00+05:30,83835.2890625,83887.2265625,83807.2109375,83878.9296875,0.0
2025-11-03 10:25:00+05:30,83880.1328125,83891.03125,83846.1328125,83891.03125,0.0
2025-11-03 10:30:00+05:30,83888.1484375,83908.109375,83864.5390625,83907.140625,0.0
2025-11-03 10:35:00+05:30,83905.8671875,84009.71875,83895.96875,83997.34375,0.0
2025-11-03 10:40:00+05:30,83996.4921875,84039.3203125,83977.171875,84037.2265625,0.0
2025-11-03 10:45:00+05:30,84039.796875,84051.8203125,83987.046875,83987.046875,0.0
2025-11-03 10:50:00+05:30,83987.6015625,83989.953125,83940.5078125,83956.7578125,0.0
2025-11-03 10:55:00+05:30,83957.0703125,83986.359375,83936.9765625,83986.2734375,0.0
2025-11-03 11:00:00+05:30,83987.8203125,84009.15625,83957.3125,83980.1015625,0.0
2025-11-03 11:05:00+05:30,83980.1015625,84022.09375,83976.953125,84014.3671875,0.0
2025-11-03 11:10:00+05:30,84010.09375,84017.8828125,83986.84375,83986.84375,0.0
2025-11-03 11:15:00+05:30,83987.9609375,84010.25,83964.28125,84004.1484375,0.0
2025-11-03 11:20:00+05:30,84001.2265625,84015.6875,83979.8828125,84014.9921875,0.0
2025-11-03 11:25:00+05:30,84015.96875,84018.1484375,83956.34375,83984.90625,0.0
2025-11-03 11:30:00+05:30,83988.171875,84007.6171875,83980.1875,83985.8515625,0.0
2025-11-03 11:35:00+05:30,83988.7109375,83995.6484375,83928.5390625,83928.5390625,0.0
2025-11-03 11:40:00+05:30,83928.828125,83936.859375,83880.7421875,83883.0390625,0.0
2025-11-03 11:45:00+05:30,83882.5078125,83900.5234375,83855.5234375,83893.90625,0.0
2025-11-03 11:50:00+05:30,83895.2421875,83916.90625,83841.390625,83888.6484375,0.0
2025-11-03 11:55:00+05:30,83888.6484375,83948.0,83886.6875,83900.3203125,0.0
2025-11-03 12:00:00+05:30,83903.9375,83914.0234375,83859.1796875,83877.328125,0.0
2025-11-03 12:05:00+05:30,83872.5390625,83888.6484375,83835.421875,83836.0234375,0.0
2025-11-03 12:10:00+05:30,83834.7421875,83850.7265625,83804.6328125,83804.671875,0.0
2025-11-03 12:15:00+05:30,83804.3671875,83860.6484375,83798.1875,83860.6484375,0.0
2025-11-03 12:20:00+05:30,83860.359375,83917.7109375,83849.34375,83874.0234375,0.0
2025-11-03 12:25:00+05:30,83873.7265625,83873.7734375,83826.6796875,83828.328125,0.0
2025-11-03 12:30:00+05:30,83829.0234375,83837.6328125,83772.5,83837.6328125,0.0
2025-11-03 12:35:00+05:30,83837.6328125,83846.6875,83791.4921875,83846.34375,0.0
2025-11-03 12:40:00+05:30,83846.34375,83902.3984375,83844.828125,83892.3125,0.0
2025-11-03 12:45:00+05:30,83892.75,83922.4296875,83880.109375,83915.578125,0.0
2025-11-03 12:50:00+05:30,83914.703125,83924.453125,83881.7421875,83898.359375,0.0
2025-11-03 12:55:00+05:30,83898.359375,83957.28125,83897.921875,83944.96875,0.0
2025-11-03 13:00:00+05:30,83946.0625,83965.3671875,83919.9765625,83924.0390625,0.0
2025-11-03 13:05:00+05:30,83924.390625,83963.5703125,83903.1796875,83958.640625,0.0
2025-11-03 13:10:00+05:30,83958.640625,83961.8671875,83931.0,83938.6875,0.0
2025-11-03 13:15:00+05:30,83937.3515625,83987.4765625,83936.3671875,83973.890625,0.0
2025-11-03 13:20:00+05:30,83973.4375,83988.921875,83949.7421875,83956.390625,0.0
2025-11-03 13:25:00+05:30,83956.390625,83961.453125,83904.2734375,83959.84375,0.0
2025-11-03 13:30:00+05:30,83959.140625,83995.359375,83948.859375,83989.796875,0.0
2025-11-03 13:35:00+05:30,83990.75,83992.2421875,83950.8671875,83951.15625,0.0
2025-11-03 13:40:00+05:30,83953.3515625,84016.1328125,83953.3515625,83971.453125,0.0
2025-11-03 13:45:00+05:30,83972.40625,83976.9765625,83891.3984375,83902.8203125,0.0
2025-11-03 13:50:00+05:30,83903.2109375,83935.34375,83876.71875,83911.4609375,0.0
2025-11-03 13:55:00+05:30,83910.5234375,84005.7109375,83908.7265625,83993.2265625,0.0
2025-11-03 14:00:00+05:30,83995.171875,84038.0625,83989.5078125,83995.5234375,0.0
2025-11-03 14:05:00+05:30,83995.046875,83998.7578125,83941.2421875,83948.0078125,0.0
2025-11-03 14:10:00+05:30,83948.5390625,84023.03125,83948.5390625,84023.03125,0.0
2025-11-03 14:15:00+05:30,84020.9765625,84105.2109375,84014.53125,84076.78125,0.0
2025-11-03 14:20:00+05:30,84075.453125,84124.390625,84072.390625,84098.453125,0.0
2025-11-03 14:25:00+05:30,84098.7734375,84099.328125,84066.2265625,84070.0703125,0.0
2025-11-03 14:30:00+05:30,84069.5078125,84077.6171875,84013.6484375,84027.8125,0.0
2025-11-03 14:35:00+05:30,84022.6171875,84041.8203125,84012.609375,84029.390625,0.0
2025-11-03 14:40:00+05:30,84027.7890625,84036.2421875,84004.359375,84011.1875,0.0
2025-11-03 14:45:00+05:30,84012.21875,84023.4921875,83917.546875,83927.1328125,0.0
2025-11-03 14:50:00+05:30,83925.2265625,83975.3203125,83885.921875,83969.4375,0.0
2025-11-03 14:55:00+05:30,83968.3828125,83989.09375,83952.3515625,83965.5703125,0.0
2025-11-03 15:00:00+05:30,83956.59375,83966.1328125,83931.90625,83946.8671875,0.0
2025-11-03 15:05:00+05:30,83946.328125,83993.59375,83928.96875,83981.640625,0.0
2025-11-03 15:10:00+05:30,83981.2734375,84008.46875,83967.0078125,83993.1328125,0.0
2025-11-03 15:15:00+05:30,83994.5234375,83994.5234375,83958.296875,83970.84375,0.0
2025-11-03 15:20:00+05:30,83970.84375,83977.6484375,83970.84375,83977.1328125,0.0
2025-11-03 15:25:00+05:30,83977.1171875,83978.9921875,83977.1171875,83978.5,0.0
2025-11-04 09:15:00+05:30,84012.890625,84066.703125,83939.6796875,83991.6015625,0.0
2025-11-04 09:20:00+05:30,83982.953125,84006.78125,83925.1015625,83964.953125,0.0
2025-11-04 09:25:00+05:30,83960.8515625,83974.4296875,83883.6015625,83893.828125,0.0
2025-11-04 09:30:00+05:30,83894.9609375,83894.9609375,83808.0078125,83811.28125,0.0
2025-11-04 09:35:00+05:30,83809.921875,83849.9921875,83783.9296875,83847.671875,0.0
2025-11-04 09:40:00+05:30,83843.2421875,83855.0625,83816.453125,83855.0625,0.0
2025-11-04 09:45:00+05:30,83856.15625,83856.15625,83756.0703125,83772.0234375,0.0
2025-11-04 09:50:00+05:30,83773.3515625,83806.4296875,83753.03125,83798.578125,0.0
2025-11-04 09:55:00+05:30,83800.0234375,83840.4765625,83785.40625,83815.46875,0.0
2025-11-04 10:00:00+05:30,83816.09375,83879.296875,83816.09375,83867.15625,0.0
2025-11-04 10:05:00+05:30,83866.5703125,83866.859375,83810.8828125,83810.8828125,0.0
2025-11-04 10:10:00+05:30,83807.6328125,83818.5078125,83780.7734375,83799.578125,0.0
2025-11-04 10:15:00+05:30,83799.578125,83799.578125,83711.890625,83747.21875,0.0
2025-11-04 10:20:00+05:30,83750.390625,83813.9921875,83737.203125,83810.3671875,0.0
2025-11-04 10:25:00+05:30,83811.421875,83847.3125,83804.4296875,83831.421875,0.0
2025-11-04 10:30:00+05:30,83831.296875,83858.6875,83804.3125,83847.046875,0.0
2025-11-04 10:35:00+05:30,83845.78125,83869.078125,83806.546875,83816.359375,0.0
2025-11-04 10:40:00+05:30,83816.359375,83830.25,83794.8203125,83794.8203125,0.0
2025-11-04 10:45:00+05:30,83797.03125,83810.1015625,83781.5234375,83808.359375,0.0
2025-11-04 10:50:00+05:30,83808.359375,83821.0078125,83779.96875,83802.7421875,0.0
2025-11-04 10:55:00+05:30,83802.7421875,83855.2421875,83793.3984375,83849.2421875,0.0
2025-11-04 11:00:00+05:30,83848.890625,83898.2890625,83816.4765625,83818.0703125,0.0
2025-11-04 11:05:00+05:30,83816.7109375,83818.59375,83769.96875,83773.65625,0.0
2025-11-04 11:10:00+05:30,83772.96875,83776.0703125,83742.84375,83765.7421875,0.0
2025-11-04 11:15:00+05:30,83765.7421875,83769.96875,83748.3203125,83768.796875,0.0
2025-11-04 11:20:00+05:30,83768.9375,83783.546875,83724.5625,83735.1328125,0.0
2025-11-04 11:25:00+05:30,83734.3984375,83754.609375,83678.25,83752.9765625,0.0
2025-11-04 11:30:00+05:30,83753.3671875,83765.40625,83662.0390625,83664.796875,0.0
2025-11-04 11:35:00+05:30,83662.40625,83712.1328125,83661.3984375,83683.5390625,0.0
2025-11-04 11:40:00+05:30,83681.9765625,83684.1328125,83653.65625,83681.109375,0.0
2025-11-04 11:45:00+05:30,83681.109375,83708.203125,83679.328125,83706.4375,0.0
2025-11-04 11:50:00+05:30,83707.203125,83735.828125,83692.96875,83727.9765625,0.0
2025-11-04 11:55:00+05:30,83729.2109375,83733.53125,83701.09375,83704.15625,0.0
2025-11-04 12:00:00+05:30,83704.1328125,83746.0,83698.421875,83736.8984375,0.0
2025-11-04 12:05:00+05:30,83736.59375,83741.359375,83699.578125,83718.2109375,0.0
2025-11-04 12:10:00+05:30,83719.4296875,83746.796875,83715.03125,83742.8984375,0.0
2025-11-04 12:15:00+05:30,83744.1328125,83758.59375,83709.921875,83744.7734375,0.0
2025-11-04 12:20:00+05:30,83744.7734375,83771.1328125,83734.7109375,83744.3671875,0.0
2025-11-04 12:25:00+05:30,83746.0390625,83753.90625,83715.3515625,83722.5078125,0.0
2025-11-04 12:30:00+05:30,83718.578125,83729.0390625,83703.7734375,83720.578125,0.0
2025-11-04 12:35:00+05:30,83721.03125,83737.859375,83706.7109375,83713.9765625,0.0
2025-11-04 12:40:00+05:30,83710.9609375,83743.0234375,83691.328125,83735.2109375,0.0
2025-11-04 12:45:00+05:30,83734.640625,83781.5078125,83727.8125,83748.109375,0.0
2025-11-04 12:50:00+05:30,83744.09375,83744.09375,83663.3984375,83667.7890625,0.0
2025-11-04 12:55:00+05:30,83667.84375,83720.0,83663.953125,83687.6171875,0.0
2025-11-04 13:00:00+05:30,83688.2734375,83716.71875,83658.3828125,83703.546875,0.0
2025-11-04 13:05:00+05:30,83703.1484375,83750.4921875,83703.1484375,83718.0,0.0
2025-11-04 13:10:00+05:30,83714.6328125,83721.953125,83669.5234375,83682.53125,0.0
2025-11-04 13:15:00+05:30,83682.0078125,83691.9765625,83665.0078125,83679.5,0.0
2025-11-04 13:20:00+05:30,83678.8203125,83680.609375,83626.53125,83666.6171875,0.0
2025-11-04 13:25:00+05:30,83667.1171875,83722.71875,83643.2734375,83718.8984375,0.0
2025-11-04 13:30:00+05:30,83720.953125,83733.96875,83659.859375,83681.1015625,0.0
2025-11-04 13:35:00+05:30,83680.71875,83747.9921875,83676.7265625,83742.3515625,0.0
2025-11-04 13:40:00+05:30,83741.5078125,83748.1328125,83707.453125,83728.09375,0.0
2025-11-04 13:45:00+05:30,83723.7890625,83729.890625,83691.703125,83702.3671875,0.0
2025-11-04 13:50:00+05:30,83700.3125,83701.5,83667.6328125,83683.90625,0.0
2025-11-04 13:55:00+05:30,83681.609375,83685.5078125,83657.203125,83675.8203125,0.0
2025-11-04 14:00:00+05:30,83675.8203125,83677.578125,83613.6875,83613.6875,0.0
2025-11-04 14:05:00+05:30,83614.1796875,83639.15625,83611.203125,83638.8125,0.0
2025-11-04 14:10:00+05:30,83638.25,83638.796875,83514.9921875,83529.46875,0.0
2025-11-04 14:15:00+05:30,83529.65625,83553.5,83518.5703125,83537.578125,0.0
2025-11-04 14:20:00+05:30,83538.28125,83565.7578125,83473.75,83518.40625,0.0
2025-11-04 14:25:00+05:30,83518.40625,83549.796875,83507.2734375,83538.2265625,0.0
2025-11-04 14:30:00+05:30,83540.5234375,83554.0,83529.7890625,83553.828125,0.0
2025-11-04 14:35:00+05:30,83550.90625,83599.671875,83542.7578125,83567.859375,0.0
2025-11-04 14:40:00+05:30,83567.203125,83578.4921875,83523.578125,83523.578125,0.0
2025-11-04 14:45:00+05:30,83523.578125,83529.09375,83482.40625,83497.4609375,0.0
2025-11-04 14:50:00+05:30,83495.5078125,83547.40625,83455.1796875,83470.5390625,0.0
2025-11-04 14:55:00+05:30,83470.140625,83526.6875,83470.140625,83526.2265625,0.0
2025-11-04 15:00:00+05:30,83526.390625,83570.0625,83463.7265625,83479.7734375,0.0
2025-11-04 15:05:00+05:30,83480.5,83525.140625,83473.9921875,83487.1171875,0.0
2025-11-04 15:10:00+05:30,83484.859375,83497.03125,83448.109375,83491.671875,0.0
2025-11-04 15:15:00+05:30,83489.78125,83489.78125,83460.421875,83460.7265625,0.0
2025-11-04 15:20:00+05:30,83460.8203125,83462.609375,83460.6875,83462.0625,0.0
2025-11-04 15:25:00+05:30,83462.0625,83462.4375,83459.109375,83459.109375,0.0
2025-11-06 09:15:00+05:30,83555.84375,83814.15625,83555.84375,83807.640625,0.0
2025-11-06 09:20:00+05:30,83808.578125,83844.46875,83759.8828125,83780.6015625,0.0
2025-11-06 09:25:00+05:30,83779.65625,83779.65625,83635.859375,83651.8984375,0.0
2025-11-06 09:30:00+05:30,83652.2265625,83662.921875,83601.1328125,83643.109375,0.0
2025-11-06 09:35:00+05:30,83643.71875,83669.796875,83593.15625,83665.5078125,0.0
2025-11-06 09:40:00+05:30,83666.5625,83666.5625,83562.5390625,83608.953125,0.0
2025-11-06 09:45:00+05:30,83606.140625,83657.2265625,83551.1484375,83551.1484375,0.0
2025-11-06 09:50:00+05:30,83553.6484375,83676.8828125,83537.5234375,83670.6875,0.0
2025-11-06 09:55:00+05:30,83674.8125,83698.921875,83643.3984375,83695.671875,0.0
2025-11-06 10:00:00+05:30,83698.84375,83719.8125,83631.3515625,83635.15625,0.0
2025-11-06 10:05:00+05:30,83632.859375,83640.0078125,83496.09375,83496.09375,0.0
2025-11-06 10:10:00+05:30,83493.296875,83493.296875,83386.0390625,83422.3515625,0.0
2025-11-06 10:15:00+05:30,83420.078125,83427.7265625,83389.1796875,83391.0,0.0
2025-11-06 10:20:00+05:30,83390.5234375,83447.3984375,83389.8203125,83418.4765625,0.0
2025-11-06 10:25:00+05:30,83418.2421875,83436.21875,83399.8984375,83415.7109375,0.0
2025-11-06 10:30:00+05:30,83412.6875,83437.8984375,83394.25,83402.421875,0.0
2025-11-06 10:35:00+05:30,83401.25,83415.1484375,83360.9375,83366.75,0.0
2025-11-06 10:40:00+05:30,83368.1171875,83415.859375,83358.2421875,83412.3203125,0.0
2025-11-06 10:45:00+05:30,83415.3828125,83444.5,83405.421875,83436.53125,0.0
2025-11-06 10:50:00+05:30,83436.953125,83486.2109375,83426.609375,83484.0703125,0.0
2025-11-06 10:55:00+05:30,83484.8125,83512.2578125,83467.2734375,83490.140625,0.0
2025-11-06 11:00:00+05:30,83490.1015625,83522.25,83480.96875,83517.84375,0.0
2025-11-06 11:05:00+05:30,83517.609375,83534.453125,83480.5390625,83480.5390625,0.0
2025-11-06 11:10:00+05:30,83480.5390625,83496.3984375,83444.7734375,83465.2890625,0.0
2025-11-06 11:15:00+05:30,83466.9296875,83476.0703125,83411.7109375,83423.453125,0.0
2025-11-06 11:20:00+05:30,83422.46875,83428.1015625,83398.9296875,83409.578125,0.0
2025-11-06 11:25:00+05:30,83409.578125,83423.890625,83392.1484375,83420.4765625,0.0
2025-11-06 11:30:00+05:30,83421.90625,83432.3515625,83378.7109375,83396.09375,0.0
2025-11-06 11:35:00+05:30,83394.640625,83407.8671875,83374.0234375,83393.0078125,0.0
2025-11-06 11:40:00+05:30,83392.65625,83427.859375,83390.7890625,83410.8515625,0.0
2025-11-06 11:45:00+05:30,83411.09375,83459.921875,83395.8203125,83454.25,0.0
2025-11-06 11:50:00+05:30,83454.34375,83475.2421875,83442.046875,83450.2421875,0.0
2025-11-06 11:55:00+05:30,83447.2265625,83489.0703125,83436.5625,83488.5390625,0.0
2025-11-06 12:00:00+05:30,83487.5,83526.6796875,83486.0625,83504.34375,0.0
2025-11-06 12:05:00+05:30,83508.59375,83525.3125,83458.296875,83462.4296875,0.0
2025-11-06 12:10:00+05:30,83460.7734375,83464.609375,83426.7734375,83448.171875,0.0
2025-11-06 12:15:00+05:30,83445.640625,83478.6015625,83425.0390625,83461.6875,0.0
2025-11-06 12:20:00+05:30,83461.9921875,83503.59375,83380.8203125,83435.7578125,0.0
2025-11-06 12:25:00+05:30,83437.3203125,83463.6015625,83422.7734375,83428.2265625,0.0
2025-11-06 12:30:00+05:30,83429.109375,83490.3515625,83419.796875,83488.796875,0.0
2025-11-06 12:35:00+05:30,83488.2109375,83504.6328125,83464.21875,83504.109375,0.0
2025-11-06 12:40:00+05:30,83502.828125,83527.40625,83477.6484375,83477.6484375,0.0
2025-11-06 12:45:00+05:30,83478.046875,83605.4765625,83462.96875,83602.34375,0.0
2025-11-06 12:50:00+05:30,83598.3125,83614.9375,83579.890625,83600.890625,0.0
2025-11-06 12:55:00+05:30,83602.2265625,83637.6171875,83565.890625,83565.890625,0.0
2025-11-06 13:00:00+05:30,83572.96875,83660.03125,83525.40625,83632.796875,0.0
2025-11-06 13:05:00+05:30,83630.2421875,83630.2421875,83508.921875,83508.921875,0.0
2025-11-06 13:10:00+05:30,83509.2734375,83554.0625,83453.2421875,83554.0625,0.0
2025-11-06 13:15:00+05:30,83554.0625,83599.3671875,83529.8125,83536.203125,0.0
2025-11-06 13:20:00+05:30,83536.203125,83613.6015625,83534.2421875,83593.78125,0.0
2025-11-06 13:25:00+05:30,83593.78125,83608.46875,83548.7734375,83560.6484375,0.0
2025-11-06 13:30:00+05:30,83560.671875,83616.6484375,83538.6171875,83564.0078125,0.0
2025-11-06 13:35:00+05:30,83564.0078125,83596.3828125,83527.671875,83540.0390625,0.0
2025-11-06 13:40:00+05:30,83541.703125,83560.78125,83477.328125,83494.109375,0.0
2025-11-06 13:45:00+05:30,83496.7265625,83534.4921875,83417.25,83422.203125,0.0
2025-11-06 13:50:00+05:30,83422.203125,83426.3984375,83333.609375,83340.28125,0.0
2025-11-06 13:55:00+05:30,83340.8671875,83434.3203125,83331.828125,83431.828125,0.0
2025-11-06 14:00:00+05:30,83425.421875,83428.671875,83374.0390625,83378.171875,0.0
2025-11-06 14:05:00+05:30,83377.4296875,83415.71875,83373.078125,83413.078125,0.0
2025-11-06 14:10:00+05:30,83413.53125,83454.2109375,83399.9921875,83450.25,0.0
2025-11-06 14:15:00+05:30,83451.9296875,83454.28125,83407.2578125,83443.2890625,0.0
2025-11-06 14:20:00+05:30,83443.2890625,83459.5703125,83409.7734375,83416.671875,0.0
2025-11-06 14:25:00+05:30,83414.1484375,83423.171875,83363.2265625,83411.78125,0.0
2025-11-06 14:30:00+05:30,83411.6015625,83458.2578125,83411.6015625,83458.1796875,0.0
2025-11-06 14:35:00+05:30,83459.6015625,83479.0078125,83414.6875,83415.921875,0.0
2025-11-06 14:40:00+05:30,83414.90625,83435.9375,83359.59375,83415.0234375,0.0
2025-11-06 14:45:00+05:30,83413.7734375,83461.15625,83378.890625,83378.890625,0.0
2025-11-06 14:50:00+05:30,83378.171875,83445.8125,83373.1171875,83444.890625,0.0
2025-11-06 14:55:00+05:30,83444.890625,83477.6015625,83400.03125,83448.84375,0.0
2025-11-06 15:00:00+05:30,83452.9609375,83452.9609375,83323.390625,83342.03125,0.0
2025-11-06 15:05:00+05:30,83339.3828125,83368.359375,83255.890625,83329.421875,0.0
2025-11-06 15:10:00+05:30,83327.1171875,83327.1171875,83240.0625,83313.859375,0.0
2025-11-06 15:15:00+05:30,83322.34375,83324.25,83308.2578125,83310.5078125,0.0
2025-11-06 15:20:00+05:30,83310.5078125,83313.6171875,83309.03125,83311.546875,0.0
2025-11-06 15:25:00+05:30,83311.546875,83311.9921875,83310.7265625,83310.96875,0.0
2025-11-07 09:15:00+05:30,83148.7578125,83148.7578125,82792.203125,82854.8515625,0.0
2025-11-07 09:20:00+05:30,82849.7890625,82849.7890625,82681.2265625,82703.3671875,0.0
2025-11-07 09:25:00+05:30,82702.0625,82785.703125,82699.2265625,82769.140625,0.0
2025-11-07 09:30:00+05:30,82768.2421875,82809.390625,82681.0703125,82688.359375,0.0
2025-11-07 09:35:00+05:30,82688.359375,82748.171875,82672.3125,82734.3828125,0.0
2025-11-07 09:40:00+05:30,82736.796875,82805.9609375,82733.6171875,82805.9609375,0.0
2025-11-07 09:45:00+05:30,82804.7578125,82905.8203125,82784.796875,82903.7109375,0.0
2025-11-07 09:50:00+05:30,82900.5234375,82911.5234375,82793.78125,82797.6484375,0.0
2025-11-07 09:55:00+05:30,82794.328125,82794.328125,82737.890625,82743.671875,0.0
2025-11-07 10:00:00+05:30,82744.296875,82800.90625,82681.40625,82755.6171875,0.0
2025-11-07 10:05:00+05:30,82753.5390625,82774.8671875,82717.953125,82717.953125,0.0
2025-11-07 10:10:00+05:30,82719.7578125,82773.78125,82710.2578125,82762.75,0.0
2025-11-07 10:15:00+05:30,82763.5625,82779.6484375,82742.25,82761.5625,0.0
2025-11-07 10:20:00+05:30,82758.6796875,82788.09375,82728.2578125,82786.2734375,0.0
2025-11-07 10:25:00+05:30,82784.6015625,82807.1171875,82748.0390625,82807.1171875,0.0
2025-11-07 10:30:00+05:30,82804.7890625,82810.7734375,82765.921875,82803.4765625,0.0
2025-11-07 10:35:00+05:30,82801.5234375,82838.3515625,82788.9375,82820.3515625,0.0
2025-11-07 10:40:00+05:30,82820.2578125,82876.7109375,82805.6171875,82857.6875,0.0
2025-11-07 10:45:00+05:30,82857.6875,82872.7578125,82835.546875,82836.5078125,0.0
2025-11-07 10:50:00+05:30,82836.546875,82861.9375,82796.2265625,82821.75,0.0
2025-11-07 10:55:00+05:30,82828.6171875,82829.2734375,82775.296875,82778.9609375,0.0
2025-11-07 11:00:00+05:30,82781.09375,82828.3671875,82768.109375,82797.8515625,0.0
2025-11-07 11:05:00+05:30,82798.453125,82824.8828125,82771.7890625,82824.8828125,0.0
2025-11-07 11:10:00+05:30,82825.9375,82965.1796875,82822.40625,82958.9375,0.0
2025-11-07 11:15:00+05:30,82959.421875,82994.9375,82948.4609375,82987.4296875,0.0
2025-11-07 11:20:00+05:30,82987.7734375,83021.359375,82975.0078125,83018.75,0.0
2025-11-07 11:25:00+05:30,83017.6875,83062.03125,83010.4921875,83057.46875,0.0
2025-11-07 11:30:00+05:30,83055.328125,83161.2890625,83052.140625,83141.859375,0.0
2025-11-07 11:35:00+05:30,83141.5,83149.4296875,83091.609375,83091.609375,0.0
2025-11-07 11:40:00+05:30,83091.5703125,83111.859375,83069.78125,83081.2578125,0.0
2025-11-07 11:45:00+05:30,83080.1015625,83107.5390625,83033.6796875,83037.8125,0.0
2025-11-07 11:50:00+05:30,83037.7578125,83056.671875,82999.78125,83034.6796875,0.0
2025-11-07 11:55:00+05:30,83034.4296875,83057.5,83028.75,83044.1015625,0.0
2025-11-07 12:00:00+05:30,83044.4375,83083.1796875,83028.0078125,83081.921875,0.0
2025-11-07 12:05:00+05:30,83081.5703125,83081.5703125,83049.09375,83069.25,0.0
2025-11-07 12:10:00+05:30,83070.25,83107.9921875,83018.78125,83099.578125,0.0
2025-11-07 12:15:00+05:30,83096.7265625,83133.78125,83082.3203125,83108.640625,0.0
2025-11-07 12:20:00+05:30,83108.640625,83141.2734375,83086.5625,83099.328125,0.0
2025-11-07 12:25:00+05:30,83099.71875,83121.546875,83084.46875,83094.5703125,0.0
2025-11-07 12:30:00+05:30,83095.8125,83127.7890625,83095.8125,83109.1484375,0.0
2025-11-07 12:35:00+05:30,83109.1484375,83151.3828125,83097.7109375,83139.8515625,0.0
2025-11-07 12:40:00+05:30,83142.5234375,83181.46875,83141.8125,83167.7109375,0.0
2025-11-07 12:45:00+05:30,83170.296875,83192.40625,83157.1484375,83183.90625,0.0
2025-11-07 12:50:00+05:30,83182.453125,83238.609375,83156.828125,83170.421875,0.0
2025-11-07 12:55:00+05:30,83169.6015625,83202.5703125,83149.890625,83201.0625,0.0
2025-11-07 13:00:00+05:30,83201.3203125,83230.53125,83195.359375,83209.203125,0.0
2025-11-07 13:05:00+05:30,83207.609375,83225.046875,83174.34375,83180.046875,0.0
2025-11-07 13:10:00+05:30,83180.046875,83207.671875,83155.4296875,83184.109375,0.0
2025-11-07 13:15:00+05:30,83182.9375,83212.2109375,83179.890625,83198.6328125,0.0
2025-11-07 13:20:00+05:30,83191.9296875,83210.71875,83181.703125,83202.328125,0.0
2025-11-07 13:25:00+05:30,83202.90625,83360.09375,83192.9375,83336.0625,0.0
2025-11-07 13:30:00+05:30,83337.8203125,83353.8515625,83313.953125,83346.9765625,0.0
2025-11-07 13:35:00+05:30,83346.90625,83366.046875,83342.5078125,83358.9375,0.0
2025-11-07 13:40:00+05:30,83361.0,83382.40625,83354.5234375,83359.0234375,0.0
2025-11-07 13:45:00+05:30,83359.859375,83390.109375,83335.71875,83336.46875,0.0
2025-11-07 13:50:00+05:30,83337.7109375,83340.1875,83306.53125,83318.6328125,0.0
2025-11-07 13:55:00+05:30,83321.3515625,83324.421875,83215.5625,83215.84375,0.0
2025-11-07 14:00:00+05:30,83216.2265625,83228.5703125,83134.59375,83138.8203125,0.0
2025-11-07 14:05:00+05:30,83136.1015625,83157.390625,83069.703125,83146.2421875,0.0
2025-11-07 14:10:00+05:30,83145.9921875,83206.703125,83136.0625,83155.1875,0.0
2025-11-07 14:15:00+05:30,83154.5234375,83185.9296875,83150.3828125,83180.2578125,0.0
2025-11-07 14:20:00+05:30,83180.703125,83298.34375,83180.5234375,83291.609375,0.0
2025-11-07 14:25:00+05:30,83292.1328125,83357.2734375,83286.9375,83354.1171875,0.0
2025-11-07 14:30:00+05:30,83353.4765625,83373.109375,83309.578125,83311.2421875,0.0
2025-11-07 14:35:00+05:30,83307.71875,83318.5625,83272.5625,83275.546875,0.0
2025-11-07 14:40:00+05:30,83273.4765625,83290.4375,83260.8515625,83283.5,0.0
2025-11-07 14:45:00+05:30,83281.25,83281.2890625,83243.8984375,83255.28125,0.0
2025-11-07 14:50:00+05:30,83255.2578125,83260.3125,83222.390625,83226.8125,0.0
2025-11-07 14:55:00+05:30,83227.3828125,83251.8671875,83182.75,83203.0703125,0.0
2025-11-07 15:00:00+05:30,83204.5703125,83223.8203125,83147.7734375,83169.578125,0.0
2025-11-07 15:05:00+05:30,83170.1484375,83195.46875,83144.328125,83170.2578125,0.0
2025-11-07 15:10:00+05:30,83167.5703125,83184.640625,83153.15625,83175.4921875,0.0
2025-11-07 15:15:00+05:30,83183.921875,83202.953125,83177.859375,83202.6484375,0.0
2025-11-07 15:20:00+05:30,83202.6484375,83215.8515625,83202.09375,83215.5625,0.0
2025-11-07 15:25:00+05:30,83215.5625,83217.9921875,83214.25,83216.28125,0.0
2025-11-10 09:15:00+05:30,83251.1328125,83523.1484375,83240.6328125,83408.171875,0.0
2025-11-10 09:20:00+05:30,83410.2578125,83446.296875,83304.203125,83304.5703125,0.0
2025-11-10 09:25:00+05:30,83308.09375,83376.546875,83290.65625,83351.046875,0.0
2025-11-10 09:30:00+05:30,83350.1328125,83440.421875,83350.1328125,83427.828125,0.0
2025-11-10 09:35:00+05:30,83427.2890625,83491.9375,83422.7265625,83472.046875,0.0
2025-11-10 09:40:00+05:30,83471.5390625,83478.2421875,83375.4609375,83400.0078125,0.0
2025-11-10 09:45:00+05:30,83397.109375,83509.4296875,83392.78125,83498.5,0.0
2025-11-10 09:50:00+05:30,83498.7734375,83552.8671875,83485.4609375,83544.0703125,0.0
2025-11-10 09:55:00+05:30,83538.65625,83544.3828125,83438.5703125,83460.4765625,0.0
2025-11-10 10:00:00+05:30,83458.8515625,83470.4609375,83410.9765625,83423.84375,0.0
2025-11-10 10:05:00+05:30,83419.0625,83457.09375,83407.46875,83456.40625,0.0
2025-11-10 10:10:00+05:30,83457.0390625,83508.8984375,83440.9609375,83496.7421875,0.0
2025-11-10 10:15:00+05:30,83498.640625,83584.1796875,83496.1796875,83584.1796875,0.0
2025-11-10 10:20:00+05:30,83584.1796875,83630.9296875,83584.1796875,83624.7109375,0.0
2025-11-10 10:25:00+05:30,83626.7109375,83663.9609375,83617.828125,83632.0078125,0.0
2025-11-10 10:30:00+05:30,83635.28125,83660.21875,83623.8203125,83641.640625,0.0
2025-11-10 10:35:00+05:30,83637.703125,83647.65625,83573.6328125,83573.6328125,0.0
2025-11-10 10:40:00+05:30,83570.4609375,83602.4921875,83568.796875,83582.6015625,0.0
2025-11-10 10:45:00+05:30,83582.6015625,83595.296875,83547.5078125,83575.4609375,0.0
2025-11-10 10:50:00+05:30,83574.1796875,83606.2421875,83537.34375,83600.3515625,0.0
2025-11-10 10:55:00+05:30,83600.3515625,83621.1484375,83590.0234375,83609.4609375,0.0
2025-11-10 11:00:00+05:30,83605.8671875,83673.421875,83604.3984375,83665.9375,0.0
2025-11-10 11:05:00+05:30,83666.4375,83675.359375,83635.7578125,83645.1015625,0.0
2025-11-10 11:10:00+05:30,83643.8984375,83662.8125,83629.3671875,83659.6875,0.0
2025-11-10 11:15:00+05:30,83660.421875,83677.890625,83649.640625,83673.4609375,0.0
2025-11-10 11:20:00+05:30,83673.4609375,83714.5234375,83668.140625,83710.359375,0.0
2025-11-10 11:25:00+05:30,83710.328125,83736.53125,83693.84375,83733.9765625,0.0
2025-11-10 11:30:00+05:30,83728.2734375,83734.6015625,83694.578125,83699.15625,0.0
2025-11-10 11:35:00+05:30,83700.0390625,83719.84375,83692.84375,83697.6171875,0.0
2025-11-10 11:40:00+05:30,83697.3515625,83704.4375,83662.21875,83670.3125,0.0
2025-11-10 11:45:00+05:30,83669.5234375,83706.796875,83660.2734375,83660.2734375,0.0
2025-11-10 11:50:00+05:30,83662.1875,83688.6015625,83657.5078125,83673.6328125,0.0
2025-11-10 11:55:00+05:30,83672.890625,83687.4921875,83637.8671875,83644.4296875,0.0
2025-11-10 12:00:00+05:30,83644.21875,83715.1875,83642.3828125,83676.0390625,0.0
2025-11-10 12:05:00+05:30,83674.5234375,83679.2734375,83618.9765625,83647.953125,0.0
2025-11-10 12:10:00+05:30,83650.6875,83678.7421875,83644.1171875,83652.828125,0.0
2025-11-10 12:15:00+05:30,83652.828125,83673.7890625,83605.703125,83656.6171875,0.0
2025-11-10 12:20:00+05:30,83656.5625,83690.1796875,83643.4609375,83677.8671875,0.0
2025-11-10 12:25:00+05:30,83678.2734375,83702.1875,83676.03125,83682.59375,0.0
2025-11-10 12:30:00+05:30,83682.0234375,83707.4296875,83665.15625,83689.6015625,0.0
2025-11-10 12:35:00+05:30,83685.0234375,83699.40625,83671.65625,83690.53125,0.0
2025-11-10 12:40:00+05:30,83689.9921875,83721.7890625,83688.8203125,83714.9765625,0.0
2025-11-10 12:45:00+05:30,83715.15625,83729.7421875,83708.0234375,83721.6875,0.0
2025-11-10 12:50:00+05:30,83721.6875,83742.9921875,83717.5625,83735.1796875,0.0
2025-11-10 12:55:00+05:30,83738.703125,83745.171875,83717.6484375,83731.1015625,0.0
2025-11-10 13:00:00+05:30,83732.171875,83754.4921875,83709.6015625,83715.8984375,0.0
2025-11-10 13:05:00+05:30,83716.0,83719.8515625,83680.6875,83702.390625,0.0
2025-11-10 13:10:00+05:30,83702.390625,83705.25,83669.34375,83679.6015625,0.0
2025-11-10 13:15:00+05:30,83676.203125,83700.890625,83674.6328125,83692.09375,0.0
2025-11-10 13:20:00+05:30,83692.5078125,83693.53125,83647.9765625,83683.8125,0.0
2025-11-10 13:25:00+05:30,83683.8125,83716.4296875,83676.7890625,83686.890625,0.0
2025-11-10 13:30:00+05:30,83686.890625,83709.28125,83677.1875,83685.4375,0.0
2025-11-10 13:35:00+05:30,83685.4375,83701.0703125,83678.3203125,83685.96875,0.0
2025-11-10 13:40:00+05:30,83685.3671875,83699.28125,83618.9375,83621.03125,0.0
2025-11-10 13:45:00+05:30,83619.4609375,83619.6875,83517.1328125,83612.25,0.0
2025-11-10 13:50:00+05:30,83612.90625,83617.28125,83593.0078125,83600.1015625,0.0
2025-11-10 13:55:00+05:30,83600.9921875,83608.40625,83579.65625,83584.5234375,0.0
2025-11-10 14:00:00+05:30,83583.171875,83637.1875,83573.3671875,83631.359375,0.0
2025-11-10 14:05:00+05:30,83633.828125,83653.859375,83616.7578125,83626.859375,0.0
2025-11-10 14:10:00+05:30,83629.2421875,83644.390625,83618.8828125,83639.640625,0.0
2025-11-10 14:15:00+05:30,83643.0234375,83669.5078125,83642.4921875,83655.1484375,0.0
2025-11-10 14:20:00+05:30,83657.5625,83719.453125,83642.3125,83717.953125,0.0
2025-11-10 14:25:00+05:30,83718.546875,83737.0390625,83687.3203125,83701.15625,0.0
2025-11-10 14:30:00+05:30,83701.0703125,83716.7890625,83651.1796875,83675.2734375,0.0
2025-11-10 14:35:00+05:30,83673.609375,83699.5390625,83658.421875,83675.5234375,0.0
2025-11-10 14:40:00+05:30,83675.2265625,83690.96875,83594.390625,83595.7578125,0.0
2025-11-10 14:45:00+05:30,83595.7578125,83626.2890625,83577.0234375,83607.921875,0.0
2025-11-10 14:50:00+05:30,83605.359375,83635.171875,83592.5390625,83622.3515625,0.0
2025-11-10 14:55:00+05:30,83624.359375,83647.4609375,83611.328125,83619.546875,0.0
2025-11-10 15:00:00+05:30,83619.890625,83628.9609375,83552.6484375,83561.546875,0.0
2025-11-10 15:05:00+05:30,83555.0,83570.7734375,83526.59375,83529.3828125,0.0
2025-11-10 15:10:00+05:30,83528.8125,83538.9609375,83481.40625,83484.796875,0.0
2025-11-10 15:15:00+05:30,83483.578125,83554.7890625,83483.578125,83542.609375,0.0
2025-11-10 15:20:00+05:30,83542.546875,83542.609375,83537.1015625,83537.203125,0.0
2025-11-10 15:25:00+05:30,83537.203125,83537.203125,83534.5234375,83535.3515625,0.0
2025-11-11 09:15:00+05:30,83623.5390625,83715.40625,83432.59375,83432.59375,0.0
2025-11-11 09:20:00+05:30,83422.71875,83423.8671875,83327.1328125,83387.7421875,0.0
2025-11-11 09:25:00+05:30,83384.5625,83388.6328125,83318.421875,83360.0078125,0.0
2025-11-11 09:30:00+05:30,83358.4765625,83363.359375,83281.84375,83291.28125,0.0
2025-11-11 09:35:00+05:30,83293.1875,83317.9296875,83253.546875,83317.9296875,0.0
2025-11-11 09:40:00+05:30,83313.9921875,83391.296875,83313.9296875,83386.5078125,0.0
2025-11-11 09:45:00+05:30,83387.71875,83394.59375,83303.2578125,83303.2578125,0.0
2025-11-11 09:50:00+05:30,83300.1875,83300.1875,83249.7890625,83272.140625,0.0
2025-11-11 09:55:00+05:30,83272.2734375,83345.6796875,83268.9609375,83344.3125,0.0
2025-11-11 10:00:00+05:30,83346.4765625,83374.7578125,83326.890625,83355.2578125,0.0
2025-11-11 10:05:00+05:30,83354.75,83408.953125,83318.3671875,83408.953125,0.0
2025-11-11 10:10:00+05:30,83409.7578125,83410.34375,83301.859375,83301.859375,0.0
2025-11-11 10:15:00+05:30,83299.6171875,83312.28125,83275.53125,83304.609375,0.0
2025-11-11 10:20:00+05:30,83303.2265625,83319.640625,83245.3125,83258.296875,0.0
2025-11-11 10:25:00+05:30,83258.2578125,83287.546875,83251.4765625,83257.6875,0.0
2025-11-11 10:30:00+05:30,83257.3515625,83257.3515625,83170.7734375,83178.4609375,0.0
2025-11-11 10:35:00+05:30,83178.4609375,83185.8984375,83128.0,83139.1171875,0.0
2025-11-11 10:40:00+05:30,83137.9609375,83156.0078125,83124.03125,83149.15625,0.0
2025-11-11 10:45:00+05:30,83150.2734375,83162.1875,83126.328125,83150.671875,0.0
2025-11-11 10:50:00+05:30,83151.4375,83223.3515625,83137.296875,83212.421875,0.0
2025-11-11 10:55:00+05:30,83214.5,83264.859375,83208.34375,83264.7890625,0.0
2025-11-11 11:00:00+05:30,83264.5078125,83271.3515625,83241.140625,83246.75,0.0
2025-11-11 11:05:00+05:30,83241.296875,83262.2734375,83214.40625,83249.1328125,0.0
2025-11-11 11:10:00+05:30,83249.53125,83251.2421875,83215.4765625,83218.921875,0.0
2025-11-11 11:15:00+05:30,83218.8984375,83231.7890625,83199.109375,83203.1875,0.0
2025-11-11 11:20:00+05:30,83203.25,83213.1171875,83175.4375,83177.3203125,0.0
2025-11-11 11:25:00+05:30,83178.3203125,83210.921875,83178.3203125,83206.6875,0.0
2025-11-11 11:30:00+05:30,83207.34375,83221.2265625,83189.59375,83211.53125,0.0
2025-11-11 11:35:00+05:30,83215.8203125,83255.9296875,83199.0625,83253.5078125,0.0
2025-11-11 11:40:00+05:30,83253.5078125,83280.578125,83244.0390625,83279.546875,0.0
2025-11-11 11:45:00+05:30,83276.8515625,83301.546875,83275.0078125,83293.296875,0.0
2025-11-11 11:50:00+05:30,83290.28125,83371.8515625,83273.71875,83369.453125,0.0
2025-11-11 11:55:00+05:30,83371.3515625,83393.796875,83354.78125,83369.4765625,0.0
2025-11-11 12:00:00+05:30,83372.6875,83396.359375,83354.5,83380.09375,0.0
2025-11-11 12:05:00+05:30,83379.15625,83434.578125,83375.546875,83384.578125,0.0
2025-11-11 12:10:00+05:30,83385.7421875,83396.21875,83354.03125,83382.53125,0.0
2025-11-11 12:15:00+05:30,83380.7734375,83422.578125,83374.171875,83420.1796875,0.0
2025-11-11 12:20:00+05:30,83418.8203125,83450.9609375,83418.71875,83435.7578125,0.0
2025-11-11 12:25:00+05:30,83443.0703125,83503.1171875,83424.4609375,83501.0234375,0.0
2025-11-11 12:30:00+05:30,83501.46875,83549.03125,83494.3203125,83537.1796875,0.0
2025-11-11 12:35:00+05:30,83537.3671875,83547.9609375,83482.6328125,83488.7265625,0.0
2025-11-11 12:40:00+05:30,83488.4765625,83504.9609375,83464.0703125,83482.3203125,0.0
2025-11-11 12:45:00+05:30,83482.3203125,83514.09375,83470.8515625,83514.09375,0.0
2025-11-11 12:50:00+05:30,83515.421875,83525.703125,83486.4609375,83490.8828125,0.0
2025-11-11 12:55:00+05:30,83489.1796875,83494.9921875,83450.1328125,83469.4609375,0.0
2025-11-11 13:00:00+05:30,83468.859375,83492.3984375,83465.6875,83478.7421875,0.0
2025-11-11 13:05:00+05:30,83479.9609375,83517.9296875,83472.859375,83489.96875,0.0
2025-11-11 13:10:00+05:30,83490.1484375,83543.671875,83483.859375,83543.203125,0.0
2025-11-11 13:15:00+05:30,83543.796875,83616.8671875,83542.4296875,83606.9765625,0.0
2025-11-11 13:20:00+05:30,83609.25,83635.5,83605.828125,83633.9921875,0.0
2025-11-11 13:25:00+05:30,83632.8828125,83643.2265625,83614.859375,83615.8515625,0.0
2025-11-11 13:30:00+05:30,83614.96875,83657.96875,83609.921875,83649.8828125,0.0
2025-11-11 13:35:00+05:30,83652.34375,83707.0625,83639.046875,83706.0703125,0.0
2025-11-11 13:40:00+05:30,83706.0703125,83733.953125,83656.25,83662.21875,0.0
2025-11-11 13:45:00+05:30,83664.2109375,83786.3203125,83658.421875,83776.8671875,0.0
2025-11-11 13:50:00+05:30,83776.8671875,83803.0234375,83768.4609375,83796.40625,0.0
2025-11-11 13:55:00+05:30,83792.03125,83797.9921875,83648.7109375,83667.453125,0.0
2025-11-11 14:00:00+05:30,83670.046875,83714.328125,83657.46875,83681.6796875,0.0
2025-11-11 14:05:00+05:30,83681.21875,83757.3828125,83681.21875,83745.28125,0.0
2025-11-11 14:10:00+05:30,83745.890625,83748.3203125,83693.1796875,83693.1796875,0.0
2025-11-11 14:15:00+05:30,83691.4921875,83800.9921875,83688.2578125,83792.25,0.0
2025-11-11 14:20:00+05:30,83791.546875,83825.0234375,83779.03125,83824.2734375,0.0
2025-11-11 14:25:00+05:30,83822.8515625,83863.9609375,83819.0,83834.9765625,0.0
2025-11-11 14:30:00+05:30,83837.140625,83877.25,83837.140625,83863.4609375,0.0
2025-11-11 14:35:00+05:30,83865.09375,83868.1015625,83742.21875,83742.75,0.0
2025-11-11 14:40:00+05:30,83740.59375,83787.9375,83729.1328125,83751.7734375,0.0
2025-11-11 14:45:00+05:30,83754.7890625,83776.171875,83748.609375,83770.15625,0.0
2025-11-11 14:50:00+05:30,83771.046875,83841.6875,83769.4609375,83821.5703125,0.0
2025-11-11 14:55:00+05:30,83821.1015625,83825.1171875,83780.7265625,83795.390625,0.0
2025-11-11 15:00:00+05:30,83801.96875,83884.2734375,83801.96875,83853.578125,0.0
2025-11-11 15:05:00+05:30,83852.359375,83883.7890625,83807.5,83807.5,0.0
2025-11-11 15:10:00+05:30,83810.71875,83864.6796875,83788.9296875,83860.4375,0.0
2025-11-11 15:15:00+05:30,83856.640625,83856.640625,83841.2109375,83852.453125,0.0
2025-11-11 15:20:00+05:30,83852.453125,83859.7421875,83852.3828125,83859.6171875,0.0
2025-11-11 15:25:00+05:30,83860.21875,83871.3828125,83860.21875,83871.3203125,0.0
2025-11-12 09:15:00+05:30,84297.7734375,84342.4921875,84239.046875,84264.0,0.0
2025-11-12 09:20:00+05:30,84267.03125,84386.4296875,84254.59375,84361.328125,0.0
2025-11-12 09:25:00+05:30,84358.71875,84369.3828125,84206.4921875,84217.40625,0.0
2025-11-12 09:30:00+05:30,84219.453125,84258.546875,84168.703125,84203.7734375,0.0
2025-11-12 09:35:00+05:30,84200.9375,84219.8203125,84171.2890625,84186.1328125,0.0
2025-11-12 09:40:00+05:30,84185.7421875,84416.703125,84184.4375,84380.6171875,0.0
2025-11-12 09:45:00+05:30,84382.03125,84440.5078125,84382.03125,84411.796875,0.0
2025-11-12 09:50:00+05:30,84416.578125,84441.5078125,84391.8203125,84419.71875,0.0
2025-11-12 09:55:00+05:30,84422.078125,84436.453125,84402.4375,84423.703125,0.0
2025-11-12 10:00:00+05:30,84425.9296875,84462.171875,84388.7734375,84395.921875,0.0
2025-11-12 10:05:00+05:30,84396.03125,84428.359375,84364.1171875,84369.421875,0.0
2025-11-12 10:10:00+05:30,84370.15625,84393.6796875,84337.3828125,84363.71875,0.0
2025-11-12 10:15:00+05:30,84367.078125,84400.453125,84341.609375,84350.03125,0.0
2025-11-12 10:20:00+05:30,84348.4375,84372.109375,84299.2578125,84325.5625,0.0
2025-11-12 10:25:00+05:30,84326.3984375,84357.2890625,84315.75,84347.921875,0.0
2025-11-12 10:30:00+05:30,84346.1015625,84427.6328125,84333.59375,84422.1796875,0.0
2025-11-12 10:35:00+05:30,84423.703125,84457.7578125,84398.6796875,84444.7421875,0.0
2025-11-12 10:40:00+05:30,84443.328125,84484.5390625,84436.7421875,84471.3671875,0.0
2025-11-12 10:45:00+05:30,84469.2890625,84481.578125,84456.2734375,84476.1875,0.0
2025-11-12 10:50:00+05:30,84476.828125,84485.9921875,84452.46875,84482.1484375,0.0
2025-11-12 10:55:00+05:30,84480.2265625,84480.421875,84437.1328125,84447.4765625,0.0
2025-11-12 11:00:00+05:30,84444.5390625,84470.5078125,84429.3125,84441.9296875,0.0
2025-11-12 11:05:00+05:30,84442.1484375,84507.3125,84442.1484375,84499.3203125,0.0
2025-11-12 11:10:00+05:30,84493.4296875,84510.8984375,84472.5,84510.8984375,0.0
2025-11-12 11:15:00+05:30,84512.046875,84513.0234375,84485.8984375,84489.0703125,0.0
2025-11-12 11:20:00+05:30,84494.2265625,84527.3828125,84484.84375,84523.328125,0.0
2025-11-12 11:25:00+05:30,84523.0625,84533.0625,84504.8515625,84517.6328125,0.0
2025-11-12 11:30:00+05:30,84516.953125,84553.296875,84496.5234375,84553.296875,0.0
2025-11-12 11:35:00+05:30,84555.1328125,84567.296875,84531.71875,84544.7890625,0.0
2025-11-12 11:40:00+05:30,84542.59375,84548.109375,84514.1484375,84534.0703125,0.0
2025-11-12 11:45:00+05:30,84533.1875,84560.7734375,84524.8203125,84535.5703125,0.0
2025-11-12 11:50:00+05:30,84536.03125,84553.0,84521.71875,84552.3671875,0.0
2025-11-12 11:55:00+05:30,84552.890625,84574.7109375,84539.8984375,84541.0,0.0
2025-11-12 12:00:00+05:30,84539.78125,84541.3515625,84496.6484375,84513.390625,0.0
2025-11-12 12:05:00+05:30,84514.1015625,84544.1328125,84503.859375,84531.1015625,0.0
2025-11-12 12:10:00+05:30,84531.1015625,84550.9296875,84499.3515625,84504.1875,0.0
2025-11-12 12:15:00+05:30,84504.8203125,84526.3203125,84493.28125,84513.6796875,0.0
2025-11-12 12:20:00+05:30,84515.09375,84523.65625,84507.5234375,84517.8125,0.0
2025-11-12 12:25:00+05:30,84516.1796875,84549.8984375,84507.2265625,84534.6015625,0.0
2025-11-12 12:30:00+05:30,84538.0234375,84572.6875,84536.2890625,84566.4609375,0.0
2025-11-12 12:35:00+05:30,84566.4609375,84612.9921875,84560.1484375,84604.53125,0.0
2025-11-12 12:40:00+05:30,84605.140625,84629.9921875,84598.6796875,84599.328125,0.0
2025-11-12 12:45:00+05:30,84601.5,84622.34375,84592.7578125,84610.90625,0.0
2025-11-12 12:50:00+05:30,84610.640625,84616.09375,84560.546875,84566.171875,0.0
2025-11-12 12:55:00+05:30,84569.6328125,84623.046875,84553.1484375,84612.1171875,0.0
2025-11-12 13:00:00+05:30,84612.96875,84622.6875,84594.3828125,84614.3203125,0.0
2025-11-12 13:05:00+05:30,84622.453125,84624.15625,84589.2890625,84597.046875,0.0
2025-11-12 13:10:00+05:30,84596.140625,84644.2421875,84596.140625,84634.15625,0.0
2025-11-12 13:15:00+05:30,84625.8515625,84639.0234375,84603.90625,84616.65625,0.0
2025-11-12 13:20:00+05:30,84624.0234375,84650.828125,84611.75,84642.53125,0.0
2025-11-12 13:25:00+05:30,84639.9921875,84650.359375,84587.09375,84599.4375,0.0
2025-11-12 13:30:00+05:30,84604.2265625,84604.8515625,84553.3984375,84583.59375,0.0
2025-11-12 13:35:00+05:30,84580.390625,84635.2109375,84558.390625,84622.4765625,0.0
2025-11-12 13:40:00+05:30,84621.2421875,84648.0,84592.1796875,84607.9609375,0.0
2025-11-12 13:45:00+05:30,84606.09375,84642.34375,84600.5703125,84622.7109375,0.0
2025-11-12 13:50:00+05:30,84624.2109375,84635.03125,84605.2890625,84614.1796875,0.0
2025-11-12 13:55:00+05:30,84615.9765625,84621.5,84597.359375,84600.2421875,0.0
2025-11-12 14:00:00+05:30,84596.828125,84626.171875,84567.203125,84572.6875,0.0
2025-11-12 14:05:00+05:30,84572.6875,84585.203125,84495.2109375,84495.2109375,0.0
2025-11-12 14:10:00+05:30,84495.421875,84524.2578125,84474.046875,84517.15625,0.0
2025-11-12 14:15:00+05:30,84517.96875,84537.4375,84507.4296875,84527.3203125,0.0
2025-11-12 14:20:00+05:30,84528.3203125,84531.5390625,84471.046875,84484.578125,0.0
2025-11-12 14:25:00+05:30,84481.5390625,84570.5703125,84479.9609375,84518.921875,0.0
2025-11-12 14:30:00+05:30,84518.796875,84535.796875,84495.8828125,84510.8671875,0.0
2025-11-12 14:35:00+05:30,84511.6875,84535.0234375,84508.9609375,84511.9296875,0.0
2025-11-12 14:40:00+05:30,84510.7109375,84528.7890625,84450.8984375,84496.5234375,0.0
2025-11-12 14:45:00+05:30,84491.1875,84514.3828125,84476.703125,84491.0390625,0.0
2025-11-12 14:50:00+05:30,84489.5390625,84546.5234375,84482.8671875,84539.9921875,0.0
2025-11-12 14:55:00+05:30,84539.3828125,84553.796875,84483.1796875,84545.9375,0.0
2025-11-12 15:00:00+05:30,84547.8125,84548.8828125,84508.3515625,84513.0625,0.0
2025-11-12 15:05:00+05:30,84511.890625,84547.21875,84503.8515625,84537.578125,0.0
2025-11-12 15:10:00+05:30,84543.4296875,84545.5,84487.546875,84504.0,0.0
2025-11-12 15:15:00+05:30,84504.1171875,84533.640625,84504.1171875,84507.5234375,0.0
2025-11-12 15:20:00+05:30,84507.640625,84507.640625,84485.203125,84485.203125,0.0
2025-11-12 15:25:00+05:30,84485.203125,84485.203125,84466.640625,84466.640625,0.0
2025-11-13 09:15:00+05:30,84516.15625,84526.6875,84326.28125,84358.75,0.0
2025-11-13 09:20:00+05:30,84367.203125,84372.546875,84254.3984375,84363.46875,0.0
2025-11-13 09:25:00+05:30,84365.71875,84526.046875,84365.71875,84487.328125,0.0
2025-11-13 09:30:00+05:30,84485.078125,84495.9296875,84363.3828125,84363.3828125,0.0
2025-11-13 09:35:00+05:30,84363.1484375,84410.0,84291.421875,84332.6484375,0.0
2025-11-13 09:40:00+05:30,84331.921875,84388.046875,84331.921875,84383.1875,0.0
2025-11-13 09:45:00+05:30,84385.0390625,84499.65625,84384.6171875,84474.03125,0.0
2025-11-13 09:50:00+05:30,84474.421875,84522.3125,84419.828125,84421.6171875,0.0
2025-11-13 09:55:00+05:30,84423.5703125,84475.0078125,84410.3828125,84463.640625,0.0
2025-11-13 10:00:00+05:30,84465.8125,84502.078125,84456.9921875,84481.34375,0.0
2025-11-13 10:05:00+05:30,84484.640625,84548.5625,84468.7421875,84518.1328125,0.0
2025-11-13 10:10:00+05:30,84519.5,84569.1171875,84512.78125,84551.796875,0.0
2025-11-13 10:15:00+05:30,84552.453125,84583.46875,84538.390625,84570.3515625,0.0
2025-11-13 10:20:00+05:30,84576.1015625,84607.28125,84536.203125,84602.34375,0.0
2025-11-13 10:25:00+05:30,84600.4296875,84602.09375,84550.5,84586.96875,0.0
2025-11-13 10:30:00+05:30,84588.140625,84642.640625,84580.078125,84638.4765625,0.0
2025-11-13 10:35:00+05:30,84637.90625,84640.9296875,84606.328125,84631.25,0.0
2025-11-13 10:40:00+05:30,84631.71875,84653.0390625,84617.6484375,84648.578125,0.0
2025-11-13 10:45:00+05:30,84647.78125,84670.6484375,84624.1875,84665.28125,0.0
2025-11-13 10:50:00+05:30,84660.0078125,84707.359375,84657.1484375,84687.0703125,0.0
2025-11-13 10:55:00+05:30,84687.0625,84707.1171875,84677.546875,84705.453125,0.0
2025-11-13 11:00:00+05:30,84702.6328125,84755.5234375,84691.296875,84743.4765625,0.0
2025-11-13 11:05:00+05:30,84750.3515625,84802.3671875,84746.84375,84782.1328125,0.0
2025-11-13 11:10:00+05:30,84782.796875,84782.796875,84720.828125,84762.046875,0.0
2025-11-13 11:15:00+05:30,84762.2734375,84784.34375,84754.6328125,84763.71875,0.0
2025-11-13 11:20:00+05:30,84766.546875,84785.2890625,84754.1015625,84781.65625,0.0
2025-11-13 11:25:00+05:30,84780.78125,84821.75,84757.28125,84766.0234375,0.0
2025-11-13 11:30:00+05:30,84765.1015625,84779.546875,84731.5390625,84740.390625,0.0
2025-11-13 11:35:00+05:30,84737.9609375,84798.5,84731.609375,84790.40625,0.0
2025-11-13 11:40:00+05:30,84790.40625,84796.9609375,84733.25,84743.1484375,0.0
2025-11-13 11:45:00+05:30,84738.7578125,84787.9921875,84727.8203125,84780.1484375,0.0
2025-11-13 11:50:00+05:30,84780.53125,84794.4609375,84761.0703125,84782.46875,0.0
2025-11-13 11:55:00+05:30,84782.1015625,84801.8828125,84763.9609375,84801.578125,0.0
2025-11-13 12:00:00+05:30,84803.046875,84804.671875,84758.6171875,84775.40625,0.0
2025-11-13 12:05:00+05:30,84776.09375,84825.796875,84765.953125,84815.3515625,0.0
2025-11-13 12:10:00+05:30,84815.2421875,84825.1875,84790.6171875,84793.3515625,0.0
2025-11-13 12:15:00+05:30,84791.671875,84832.34375,84785.3984375,84827.390625,0.0
2025-11-13 12:20:00+05:30,84826.890625,84838.6171875,84808.2421875,84830.8828125,0.0
2025-11-13 12:25:00+05:30,84834.859375,84835.453125,84790.4609375,84799.453125,0.0
2025-11-13 12:30:00+05:30,84794.1015625,84813.2578125,84743.203125,84745.21875,0.0
2025-11-13 12:35:00+05:30,84746.1015625,84772.8984375,84674.4375,84694.359375,0.0
2025-11-13 12:40:00+05:30,84697.0625,84735.96875,84696.8984375,84735.2265625,0.0
2025-11-13 12:45:00+05:30,84740.1328125,84758.390625,84687.2578125,84728.359375,0.0
2025-11-13 12:50:00+05:30,84728.796875,84752.15625,84686.5625,84702.5078125,0.0
2025-11-13 12:55:00+05:30,84701.3125,84782.0078125,84696.453125,84781.7109375,0.0
2025-11-13 13:00:00+05:30,84780.8203125,84838.3203125,84780.8203125,84824.7734375,0.0
2025-11-13 13:05:00+05:30,84825.078125,84836.46875,84799.109375,84804.6171875,0.0
2025-11-13 13:10:00+05:30,84804.21875,84814.5078125,84790.25,84803.21875,0.0
2025-11-13 13:15:00+05:30,84801.4921875,84820.3203125,84781.140625,84785.6484375,0.0
2025-11-13 13:20:00+05:30,84786.3984375,84854.1484375,84786.3984375,84851.15625,0.0
2025-11-13 13:25:00+05:30,84843.5625,84847.9375,84790.796875,84805.3828125,0.0
2025-11-13 13:30:00+05:30,84806.03125,84836.09375,84780.1484375,84783.1484375,0.0
2025-11-13 13:35:00+05:30,84782.359375,84879.03125,84781.453125,84876.96875,0.0
2025-11-13 13:40:00+05:30,84876.890625,84919.4296875,84863.4375,84892.3203125,0.0
2025-11-13 13:45:00+05:30,84889.4296875,84906.6015625,84835.8671875,84841.2578125,0.0
2025-11-13 13:50:00+05:30,84839.59375,84844.859375,84806.7578125,84824.53125,0.0
2025-11-13 13:55:00+05:30,84824.828125,84824.828125,84665.6875,84665.6875,0.0
2025-11-13 14:00:00+05:30,84663.6015625,84671.7265625,84558.7265625,84582.3828125,0.0
2025-11-13 14:05:00+05:30,84583.296875,84620.53125,84516.3671875,84527.0390625,0.0
2025-11-13 14:10:00+05:30,84538.046875,84552.7109375,84461.390625,84533.1875,0.0
2025-11-13 14:15:00+05:30,84533.0625,84623.3203125,84516.4765625,84622.4296875,0.0
2025-11-13 14:20:00+05:30,84624.6875,84624.8984375,84536.8515625,84574.2421875,0.0
2025-11-13 14:25:00+05:30,84572.359375,84644.9296875,84571.90625,84623.328125,0.0
2025-11-13 14:30:00+05:30,84622.9765625,84649.0234375,84605.6796875,84605.890625,0.0
2025-11-13 14:35:00+05:30,84604.7421875,84607.203125,84561.671875,84568.3515625,0.0
2025-11-13 14:40:00+05:30,84568.0703125,84685.3828125,84564.671875,84632.3984375,0.0
2025-11-13 14:45:00+05:30,84632.171875,84653.1875,84593.3515625,84612.8515625,0.0
2025-11-13 14:50:00+05:30,84611.7421875,84659.7890625,84480.1796875,84530.7578125,0.0
2025-11-13 14:55:00+05:30,84530.4609375,84552.796875,84458.3125,84491.703125,0.0
2025-11-13 15:00:00+05:30,84489.671875,84534.0625,84439.8515625,84529.09375,0.0
2025-11-13 15:05:00+05:30,84527.7578125,84541.1171875,84439.3984375,84499.90625,0.0
2025-11-13 15:10:00+05:30,84500.890625,84500.890625,84409.8984375,84491.0234375,0.0
2025-11-13 15:15:00+05:30,84491.6875,84491.6875,84469.609375,84482.453125,0.0
2025-11-13 15:20:00+05:30,84482.453125,84483.453125,84481.671875,84481.953125,0.0
2025-11-13 15:25:00+05:30,84481.953125,84482.0234375,84478.671875,84478.671875,0.0
2025-11-14 09:15:00+05:30,84157.2265625,84315.203125,84113.2578125,84247.359375,0.0
2025-11-14 09:20:00+05:30,84247.2890625,84247.2890625,84166.953125,84178.4765625,0.0
2025-11-14 09:25:00+05:30,84178.6328125,84265.59375,84166.1171875,84265.59375,0.0
2025-11-14 09:30:00+05:30,84266.796875,84452.890625,84264.65625,84452.0625,0.0
2025-11-14 09:35:00+05:30,84451.203125,84464.9375,84330.109375,84333.9375,0.0
2025-11-14 09:40:00+05:30,84333.2421875,84405.7734375,84330.6171875,84384.6328125,0.0
2025-11-14 09:45:00+05:30,84386.6796875,84416.171875,84367.0078125,84375.3984375,0.0
2025-11-14 09:50:00+05:30,84381.1171875,84381.1171875,84189.09375,84194.7578125,0.0
2025-11-14 09:55:00+05:30,84193.8828125,84264.4296875,84179.7734375,84238.84375,0.0
2025-11-14 10:00:00+05:30,84241.796875,84262.890625,84104.328125,84123.0625,0.0
2025-11-14 10:05:00+05:30,84123.328125,84219.0078125,84117.0234375,84192.796875,0.0
2025-11-14 10:10:00+05:30,84192.796875,84192.796875,84124.46875,84158.0,0.0
2025-11-14 10:15:00+05:30,84157.0390625,84213.953125,84129.359375,84195.8984375,0.0
2025-11-14 10:20:00+05:30,84194.46875,84223.5,84173.328125,84179.0,0.0
2025-11-14 10:25:00+05:30,84178.90625,84186.1328125,84154.671875,84163.6484375,0.0
2025-11-14 10:30:00+05:30,84165.5703125,84184.7578125,84119.7890625,84124.671875,0.0
2025-11-14 10:35:00+05:30,84123.671875,84130.0,84099.921875,84116.5625,0.0
2025-11-14 10:40:00+05:30,84115.796875,84138.5625,84060.453125,84110.9765625,0.0
2025-11-14 10:45:00+05:30,84108.4609375,84159.296875,84102.4921875,84155.6796875,0.0
2025-11-14 10:50:00+05:30,84156.1171875,84302.953125,84153.828125,84302.953125,0.0
2025-11-14 10:55:00+05:30,84305.40625,84373.6171875,84279.7734375,84364.5234375,0.0
2025-11-14 11:00:00+05:30,84366.4921875,84404.1171875,84336.921875,84345.8984375,0.0
2025-11-14 11:05:00+05:30,84345.34375,84376.9765625,84337.03125,84373.671875,0.0
2025-11-14 11:10:00+05:30,84373.4921875,84416.296875,84362.359375,84387.6171875,0.0
2025-11-14 11:15:00+05:30,84387.6171875,84406.3984375,84265.2734375,84274.0078125,0.0
2025-11-14 11:20:00+05:30,84275.5078125,84294.140625,84247.203125,84271.671875,0.0
2025-11-14 11:25:00+05:30,84267.203125,84267.203125,84242.6328125,84264.59375,0.0
2025-11-14 11:30:00+05:30,84265.0703125,84267.953125,84213.15625,84238.4296875,0.0
2025-11-14 11:35:00+05:30,84238.8984375,84251.3671875,84203.6328125,84209.7109375,0.0
2025-11-14 11:40:00+05:30,84209.7109375,84223.0078125,84164.5625,84173.71875,0.0
2025-11-14 11:45:00+05:30,84175.0078125,84214.4375,84165.0078125,84207.2421875,0.0
2025-11-14 11:50:00+05:30,84206.4609375,84230.3671875,84197.0234375,84215.1015625,0.0
2025-11-14 11:55:00+05:30,84214.9375,84216.078125,84180.65625,84184.5703125,0.0
2025-11-14 12:00:00+05:30,84186.15625,84211.4296875,84177.046875,84207.6875,0.0
2025-11-14 12:05:00+05:30,84208.671875,84227.2734375,84196.8203125,84210.7109375,0.0
2025-11-14 12:10:00+05:30,84210.5625,84319.0,84201.3515625,84297.96875,0.0
2025-11-14 12:15:00+05:30,84297.96875,84300.890625,84279.0234375,84291.25,0.0
2025-11-14 12:20:00+05:30,84291.25,84335.7890625,84282.7109375,84312.28125,0.0
2025-11-14 12:25:00+05:30,84310.4765625,84344.7734375,84305.5625,84325.703125,0.0
2025-11-14 12:30:00+05:30,84325.703125,84334.28125,84238.5703125,84238.5703125,0.0
2025-11-14 12:35:00+05:30,84240.078125,84270.171875,84220.1875,84227.4921875,0.0
2025-11-14 12:40:00+05:30,84226.6875,84267.78125,84221.65625,84246.2109375,0.0
2025-11-14 12:45:00+05:30,84247.921875,84268.4921875,84195.828125,84265.328125,0.0
2025-11-14 12:50:00+05:30,84262.8125,84263.65625,84222.671875,84231.34375,0.0
2025-11-14 12:55:00+05:30,84231.8203125,84247.0078125,84214.7109375,84229.9765625,0.0
2025-11-14 13:00:00+05:30,84230.09375,84230.09375,84167.6015625,84186.1875,0.0
2025-11-14 13:05:00+05:30,84183.671875,84200.8515625,84164.8515625,84187.0234375,0.0
2025-11-14 13:10:00+05:30,84185.8203125,84223.4375,84162.0078125,84218.359375,0.0
2025-11-14 13:15:00+05:30,84217.671875,84258.4921875,84203.65625,84227.6484375,0.0
2025-11-14 13:20:00+05:30,84227.6484375,84247.2265625,84218.84375,84231.9609375,0.0
2025-11-14 13:25:00+05:30,84231.453125,84270.7578125,84224.0078125,84270.421875,0.0
2025-11-14 13:30:00+05:30,84271.3828125,84271.6875,84212.4296875,84219.15625,0.0
2025-11-14 13:35:00+05:30,84220.5234375,84228.25,84099.25,84111.09375,0.0
2025-11-14 13:40:00+05:30,84110.0234375,84117.28125,84079.75,84081.78125,0.0
2025-11-14 13:45:00+05:30,84081.296875,84106.71875,84045.9296875,84095.2734375,0.0
2025-11-14 13:50:00+05:30,84096.046875,84098.1875,84034.71875,84040.0625,0.0
2025-11-14 13:55:00+05:30,84037.5625,84092.640625,84029.3203125,84084.6796875,0.0
2025-11-14 14:00:00+05:30,84084.5,84112.8828125,84083.2421875,84096.40625,0.0
2025-11-14 14:05:00+05:30,84096.40625,84139.1484375,84093.5234375,84118.1328125,0.0
2025-11-14 14:10:00+05:30,84118.8515625,84130.1328125,84081.1015625,84122.453125,0.0
2025-11-14 14:15:00+05:30,84122.328125,84127.9296875,84073.75,84119.1015625,0.0
2025-11-14 14:20:00+05:30,84120.3515625,84123.96875,84073.328125,84105.2109375,0.0
2025-11-14 14:25:00+05:30,84104.5703125,84177.921875,84091.2265625,84169.25,0.0
2025-11-14 14:30:00+05:30,84169.5234375,84210.59375,84130.453125,84160.1484375,0.0
2025-11-14 14:35:00+05:30,84159.75,84207.5,84159.75,84189.5390625,0.0
2025-11-14 14:40:00+05:30,84189.109375,84230.1796875,84173.6015625,84175.90625,0.0
2025-11-14 14:45:00+05:30,84179.046875,84212.78125,84164.1171875,84170.8125,0.0
2025-11-14 14:50:00+05:30,84171.7890625,84182.921875,84098.8515625,84121.59375,0.0
2025-11-14 14:55:00+05:30,84126.1484375,84141.2734375,84091.828125,84117.390625,0.0
2025-11-14 15:00:00+05:30,84112.109375,84541.2734375,84112.109375,84518.3671875,0.0
2025-11-14 15:05:00+05:30,84517.578125,84691.5625,84517.578125,84690.546875,0.0
2025-11-14 15:10:00+05:30,84691.421875,84695.7421875,84606.2109375,84684.0625,0.0
2025-11-14 15:15:00+05:30,84677.96875,84677.96875,84482.1484375,84505.78125,0.0
2025-11-14 15:20:00+05:30,84506.0390625,84536.25,84506.0390625,84536.25,0.0
2025-11-14 15:25:00+05:30,84536.25,84562.6875,84536.25,84562.6875,0.0
2025-11-17 09:15:00+05:30,84700.609375,84753.171875,84583.6796875,84728.3828125,0.0
2025-11-17 09:20:00+05:30,84729.140625,84779.1796875,84705.9921875,84710.1015625,0.0
2025-11-17 09:25:00+05:30,84709.921875,84813.15625,84699.71875,84784.3671875,0.0
2025-11-17 09:30:00+05:30,84786.078125,84833.2578125,84785.3828125,84785.8203125,0.0
2025-11-17 09:35:00+05:30,84785.09375,84799.5,84762.3125,84769.109375,0.0
2025-11-17 09:40:00+05:30,84769.2890625,84809.2734375,84748.0390625,84808.09375,0.0
2025-11-17 09:45:00+05:30,84807.0703125,84825.109375,84750.9921875,84776.921875,0.0
2025-11-17 09:50:00+05:30,84777.578125,84808.65625,84764.0078125,84808.25,0.0
2025-11-17 09:55:00+05:30,84807.7734375,84844.6875,84788.4296875,84810.0078125,0.0
2025-11-17 10:00:00+05:30,84811.40625,84815.53125,84725.5078125,84752.0703125,0.0
2025-11-17 10:05:00+05:30,84746.828125,84769.546875,84729.6875,84734.8515625,0.0
2025-11-17 10:10:00+05:30,84738.0390625,84752.21875,84706.46875,84730.71875,0.0
2025-11-17 10:15:00+05:30,84730.6015625,84788.9296875,84724.9765625,84783.78125,0.0
2025-11-17 10:20:00+05:30,84782.6484375,84812.2734375,84782.6484375,84798.40625,0.0
2025-11-17 10:25:00+05:30,84791.53125,84802.9375,84694.421875,84710.3125,0.0
2025-11-17 10:30:00+05:30,84710.5703125,84736.7109375,84708.453125,84731.8828125,0.0
2025-11-17 10:35:00+05:30,84734.1484375,84742.8671875,84679.0234375,84689.3125,0.0
2025-11-17 10:40:00+05:30,84686.28125,84696.640625,84656.4765625,84692.2265625,0.0
2025-11-17 10:45:00+05:30,84690.3828125,84733.453125,84677.890625,84711.9609375,0.0
2025-11-17 10:50:00+05:30,84709.21875,84709.25,84685.703125,84705.859375,0.0
2025-11-17 10:55:00+05:30,84706.25,84725.5234375,84700.5390625,84711.421875,0.0
2025-11-17 11:00:00+05:30,84709.46875,84752.15625,84709.46875,84740.671875,0.0
2025-11-17 11:05:00+05:30,84740.671875,84741.953125,84690.2109375,84737.8984375,0.0
2025-11-17 11:10:00+05:30,84737.8984375,84741.21875,84719.140625,84738.2265625,0.0
2025-11-17 11:15:00+05:30,84738.2265625,84749.0,84722.0078125,84724.9375,0.0
2025-11-17 11:20:00+05:30,84725.359375,84727.796875,84691.890625,84723.90625,0.0
2025-11-17 11:25:00+05:30,84723.359375,84727.671875,84652.359375,84676.2421875,0.0
2025-11-17 11:30:00+05:30,84674.296875,84690.46875,84639.671875,84686.1484375,0.0
2025-11-17 11:35:00+05:30,84686.2421875,84721.75,84683.75,84694.5703125,0.0
2025-11-17 11:40:00+05:30,84693.6796875,84713.9765625,84671.1875,84703.328125,0.0
2025-11-17 11:45:00+05:30,84705.2109375,84727.8671875,84692.4296875,84723.078125,0.0
2025-11-17 11:50:00+05:30,84725.1171875,84770.59375,84717.7421875,84763.03125,0.0
2025-11-17 11:55:00+05:30,84768.90625,84805.671875,84761.328125,84796.78125,0.0
2025-11-17 12:00:00+05:30,84796.2109375,84806.8515625,84746.953125,84749.703125,0.0
2025-11-17 12:05:00+05:30,84747.1015625,84817.671875,84739.5390625,84808.6796875,0.0
2025-11-17 12:10:00+05:30,84810.0625,84821.640625,84800.4921875,84806.3125,0.0
2025-11-17 12:15:00+05:30,84806.1328125,84836.1328125,84800.34375,84833.59375,0.0
2025-11-17 12:20:00+05:30,84830.546875,84834.8984375,84801.7109375,84818.4609375,0.0
2025-11-17 12:25:00+05:30,84817.703125,84822.6328125,84797.40625,84805.203125,0.0
2025-11-17 12:30:00+05:30,84805.90625,84829.15625,84788.4609375,84828.3828125,0.0
2025-11-17 12:35:00+05:30,84827.5390625,84860.609375,84826.203125,84852.203125,0.0
2025-11-17 12:40:00+05:30,84852.171875,84871.1484375,84839.078125,84861.7421875,0.0
2025-11-17 12:45:00+05:30,84861.9609375,84883.296875,84849.65625,84868.9921875,0.0
2025-11-17 12:50:00+05:30,84868.8671875,84874.46875,84835.8125,84861.796875,0.0
2025-11-17 12:55:00+05:30,84860.59375,84885.7421875,84860.59375,84885.609375,0.0
2025-11-17 13:00:00+05:30,84886.3828125,84889.65625,84861.0234375,84861.7734375,0.0
2025-11-17 13:05:00+05:30,84862.0234375,84862.890625,84818.046875,84826.7421875,0.0
2025-11-17 13:10:00+05:30,84826.9296875,84852.0390625,84825.171875,84846.9765625,0.0
2025-11-17 13:15:00+05:30,84847.0703125,84853.6171875,84833.359375,84843.28125,0.0
2025-11-17 13:20:00+05:30,84843.1015625,84848.3203125,84807.78125,84810.5703125,0.0
2025-11-17 13:25:00+05:30,84810.4765625,84836.65625,84803.2421875,84832.21875,0.0
2025-11-17 13:30:00+05:30,84832.15625,84833.28125,84785.671875,84830.7109375,0.0
2025-11-17 13:35:00+05:30,84830.4375,84887.1875,84827.2734375,84857.4765625,0.0
2025-11-17 13:40:00+05:30,84857.4765625,84878.890625,84835.53125,84877.28125,0.0
2025-11-17 13:45:00+05:30,84876.859375,84896.65625,84871.21875,84884.2421875,0.0
2025-11-17 13:50:00+05:30,84884.59375,84908.5078125,84860.1484375,84871.2265625,0.0
2025-11-17 13:55:00+05:30,84871.1875,84899.3671875,84869.296875,84893.359375,0.0
2025-11-17 14:00:00+05:30,84892.8828125,84963.9921875,84892.8828125,84962.3828125,0.0
2025-11-17 14:05:00+05:30,84966.78125,84976.921875,84938.0625,84938.0625,0.0
2025-11-17 14:10:00+05:30,84937.8515625,84960.859375,84933.8671875,84939.3984375,0.0
2025-11-17 14:15:00+05:30,84939.5625,84946.671875,84850.0703125,84850.171875,0.0
2025-11-17 14:20:00+05:30,84850.0703125,84889.203125,84835.5625,84876.9375,0.0
2025-11-17 14:25:00+05:30,84876.21875,84898.7421875,84871.0390625,84887.7421875,0.0
2025-11-17 14:30:00+05:30,84885.5390625,84919.96875,84859.703125,84915.3671875,0.0
2025-11-17 14:35:00+05:30,84913.5703125,84913.5703125,84882.5,84898.8671875,0.0
2025-11-17 14:40:00+05:30,84901.75,84917.2109375,84845.3828125,84845.3828125,0.0
2025-11-17 14:45:00+05:30,84845.203125,84868.40625,84822.65625,84862.796875,0.0
2025-11-17 14:50:00+05:30,84863.5625,84883.453125,84852.96875,84873.8125,0.0
2025-11-17 14:55:00+05:30,84868.859375,84901.9921875,84864.0390625,84885.5078125,0.0
2025-11-17 15:00:00+05:30,84890.9921875,84954.171875,84880.28125,84946.328125,0.0
2025-11-17 15:05:00+05:30,84947.6015625,84958.0,84928.0625,84948.5234375,0.0
2025-11-17 15:10:00+05:30,84947.890625,84967.7578125,84939.7890625,84959.2421875,0.0
2025-11-17 15:15:00+05:30,84957.6875,84957.6875,84941.7734375,84944.703125,0.0
2025-11-17 15:20:00+05:30,84944.703125,84949.546875,84944.703125,84949.546875,0.0
2025-11-17 15:25:00+05:30,84949.546875,84953.21875,84949.546875,84951.1171875,0.0
2025-11-18 09:15:00+05:30,85042.3671875,85042.3671875,84658.640625,84732.9765625,0.0
2025-11-18 09:20:00+05:30,84736.421875,84793.9609375,84719.71875,84776.296875,0.0
2025-11-18 09:25:00+05:30,84777.4609375,84826.2734375,84763.2109375,84808.21875,0.0
2025-11-18 09:30:00+05:30,84807.859375,84829.7421875,84756.75,84788.953125,0.0
2025-11-18 09:35:00+05:30,84788.5078125,84809.546875,84746.6171875,84746.6171875,0.0
2025-11-18 09:40:00+05:30,84746.3515625,84773.7109375,84728.921875,84770.1171875,0.0
2025-11-18 09:45:00+05:30,84761.9609375,84796.7890625,84707.4921875,84707.4921875,0.0
2025-11-18 09:50:00+05:30,84705.0703125,84709.2734375,84656.9921875,84667.8203125,0.0
2025-11-18 09:55:00+05:30,84667.640625,84673.6484375,84625.8671875,84625.8671875,0.0
2025-11-18 10:00:00+05:30,84624.421875,84656.171875,84565.953125,84649.0703125,0.0
2025-11-18 10:05:00+05:30,84647.59375,84669.8515625,84615.25,84631.5,0.0
2025-11-18 10:10:00+05:30,84631.21875,84632.46875,84604.0234375,84613.7890625,0.0
2025-11-18 10:15:00+05:30,84616.6328125,84668.296875,84600.8984375,84668.2421875,0.0
2025-11-18 10:20:00+05:30,84669.859375,84701.46875,84661.0390625,84686.703125,0.0
2025-11-18 10:25:00+05:30,84686.6328125,84690.203125,84632.59375,84632.59375,0.0
2025-11-18 10:30:00+05:30,84631.1484375,84651.7734375,84569.890625,84576.96875,0.0
2025-11-18 10:35:00+05:30,84577.8671875,84601.5234375,84558.5703125,84597.21875,0.0
2025-11-18 10:40:00+05:30,84598.2734375,84618.1328125,84583.4375,84598.359375,0.0
2025-11-18 10:45:00+05:30,84599.078125,84691.03125,84598.9609375,84678.2265625,0.0
2025-11-18 10:50:00+05:30,84678.3984375,84691.5078125,84652.2265625,84657.890625,0.0
2025-11-18 10:55:00+05:30,84658.15625,84737.890625,84653.8671875,84711.2265625,0.0
2025-11-18 11:00:00+05:30,84711.1796875,84758.296875,84709.578125,84735.890625,0.0
2025-11-18 11:05:00+05:30,84735.890625,84745.9296875,84712.8203125,84743.8828125,0.0
2025-11-18 11:10:00+05:30,84743.1796875,84751.0703125,84723.0703125,84748.609375,0.0
2025-11-18 11:15:00+05:30,84747.0234375,84780.1796875,84736.1796875,84778.7734375,0.0
2025-11-18 11:20:00+05:30,84779.2109375,84792.703125,84767.2421875,84776.328125,0.0
2025-11-18 11:25:00+05:30,84772.828125,84784.78125,84727.9765625,84728.7109375,0.0
2025-11-18 11:30:00+05:30,84726.9921875,84765.34375,84702.2890625,84758.5625,0.0
2025-11-18 11:35:00+05:30,84756.2578125,84783.2890625,84750.28125,84776.5078125,0.0
2025-11-18 11:40:00+05:30,84770.1328125,84822.078125,84768.046875,84817.46875,0.0
2025-11-18 11:45:00+05:30,84818.2421875,84879.546875,84812.890625,84870.0703125,0.0
2025-11-18 11:50:00+05:30,84873.9375,84894.0625,84839.703125,84881.546875,0.0
2025-11-18 11:55:00+05:30,84881.5625,84888.5078125,84861.4609375,84875.828125,0.0
2025-11-18 12:00:00+05:30,84876.03125,84895.953125,84861.0703125,84865.1484375,0.0
2025-11-18 12:05:00+05:30,84865.34375,84867.2890625,84845.4921875,84856.96875,0.0
2025-11-18 12:10:00+05:30,84854.84375,84858.1328125,84834.0390625,84838.2265625,0.0
2025-11-18 12:15:00+05:30,84839.109375,84843.109375,84807.65625,84812.8125,0.0
2025-11-18 12:20:00+05:30,84812.8125,84818.6484375,84782.671875,84789.078125,0.0
2025-11-18 12:25:00+05:30,84789.078125,84821.1328125,84780.171875,84801.296875,0.0
2025-11-18 12:30:00+05:30,84802.703125,84818.1171875,84789.90625,84789.90625,0.0
2025-11-18 12:35:00+05:30,84794.2578125,84809.5625,84737.2421875,84774.1875,0.0
2025-11-18 12:40:00+05:30,84775.203125,84779.71875,84757.9375,84762.4765625,0.0
2025-11-18 12:45:00+05:30,84762.4765625,84788.4765625,84743.0234375,84743.0234375,0.0
2025-11-18 12:50:00+05:30,84743.0234375,84786.34375,84728.7421875,84785.953125,0.0
2025-11-18 12:55:00+05:30,84786.1796875,84813.0625,84764.53125,84777.2421875,0.0
2025-11-18 13:00:00+05:30,84777.2421875,84840.34375,84777.0625,84823.4765625,0.0
2025-11-18 13:05:00+05:30,84822.6875,84843.4375,84811.7421875,84842.109375,0.0
2025-11-18 13:10:00+05:30,84840.4765625,84851.7734375,84820.7578125,84823.6484375,0.0
2025-11-18 13:15:00+05:30,84823.6484375,84872.4609375,84817.4765625,84857.921875,0.0
2025-11-18 13:20:00+05:30,84858.2109375,84891.859375,84857.203125,84871.6171875,0.0
2025-11-18 13:25:00+05:30,84875.296875,84884.96875,84854.0625,84875.140625,0.0
2025-11-18 13:30:00+05:30,84875.140625,84891.2890625,84864.34375,84887.8671875,0.0
2025-11-18 13:35:00+05:30,84887.59375,84925.28125,84886.8671875,84924.75,0.0
2025-11-18 13:40:00+05:30,84924.6796875,84924.6796875,84836.921875,84897.578125,0.0
2025-11-18 13:45:00+05:30,84898.21875,84908.953125,84857.203125,84884.5390625,0.0
2025-11-18 13:50:00+05:30,84884.359375,84905.1015625,84871.328125,84873.7734375,0.0
2025-11-18 13:55:00+05:30,84875.203125,84883.4296875,84854.4375,84863.9375,0.0
2025-11-18 14:00:00+05:30,84868.0625,84926.953125,84868.0625,84926.953125,0.0
2025-11-18 14:05:00+05:30,84926.953125,84957.65625,84886.859375,84888.34375,0.0
2025-11-18 14:10:00+05:30,84894.9765625,84927.53125,84879.6796875,84927.53125,0.0
2025-11-18 14:15:00+05:30,84926.640625,84941.140625,84877.703125,84881.0703125,0.0
2025-11-18 14:20:00+05:30,84881.0703125,84903.796875,84859.34375,84891.2421875,0.0
2025-11-18 14:25:00+05:30,84890.421875,84916.7109375,84856.2265625,84861.0,0.0
2025-11-18 14:30:00+05:30,84862.3515625,84871.8515625,84819.1015625,84837.71875,0.0
2025-11-18 14:35:00+05:30,84837.703125,84872.7109375,84837.390625,84872.7109375,0.0
2025-11-18 14:40:00+05:30,84869.4296875,84887.9921875,84829.25,84840.2265625,0.0
2025-11-18 14:45:00+05:30,84838.953125,84849.84375,84813.1484375,84813.1484375,0.0
2025-11-18 14:50:00+05:30,84814.6875,84832.28125,84785.21875,84789.7890625,0.0
2025-11-18 14:55:00+05:30,84789.8515625,84810.453125,84774.2265625,84793.3515625,0.0
2025-11-18 15:00:00+05:30,84793.03125,84810.1484375,84728.328125,84755.5078125,0.0
2025-11-18 15:05:00+05:30,84753.921875,84763.3125,84663.2265625,84682.796875,0.0
2025-11-18 15:10:00+05:30,84683.1875,84753.953125,84660.3203125,84664.1796875,0.0
2025-11-18 15:15:00+05:30,84656.75,84724.0234375,84656.75,84710.78125,0.0
2025-11-18 15:20:00+05:30,84710.78125,84710.78125,84688.6875,84688.6875,0.0
2025-11-18 15:25:00+05:30,84688.6875,84688.6875,84673.0625,84673.0625,0.0
2025-11-19 09:15:00+05:30,84704.828125,84704.828125,84546.6875,84546.6875,0.0
2025-11-19 09:20:00+05:30,84545.796875,84687.578125,84528.96875,84671.8515625,0.0
2025-11-19 09:25:00+05:30,84670.828125,84719.1328125,84669.1171875,84698.2421875,0.0
2025-11-19 09:30:00+05:30,84701.7890625,84726.9296875,84625.6171875,84625.6171875,0.0
2025-11-19 09:35:00+05:30,84627.03125,84707.2265625,84619.7578125,84695.6328125,0.0
2025-11-19 09:40:00+05:30,84695.6328125,84719.3203125,84681.2578125,84699.671875,0.0
2025-11-19 09:45:00+05:30,84700.5625,84719.4296875,84657.21875,84657.2578125,0.0
2025-11-19 09:50:00+05:30,84658.5703125,84708.9296875,84629.21875,84708.9296875,0.0
2025-11-19 09:55:00+05:30,84710.2421875,84757.390625,84705.046875,84744.5390625,0.0
2025-11-19 10:00:00+05:30,84742.40625,84758.7578125,84716.6015625,84755.0625,0.0
2025-11-19 10:05:00+05:30,84757.5234375,84805.28125,84755.5078125,84796.828125,0.0
2025-11-19 10:10:00+05:30,84799.9921875,84859.2734375,84773.2890625,84847.78125,0.0
2025-11-19 10:15:00+05:30,84850.25,84906.296875,84844.8515625,84904.7578125,0.0
2025-11-19 10:20:00+05:30,84905.703125,84920.5234375,84891.84375,84907.7421875,0.0
2025-11-19 10:25:00+05:30,84906.5,84938.1875,84879.0625,84880.5,0.0
2025-11-19 10:30:00+05:30,84880.7109375,84940.5390625,84878.84375,84930.7109375,0.0
2025-11-19 10:35:00+05:30,84931.296875,84959.1796875,84909.0703125,84910.90625,0.0
2025-11-19 10:40:00+05:30,84910.3125,84929.1484375,84891.1171875,84898.15625,0.0
2025-11-19 10:45:00+05:30,84899.109375,84932.0703125,84857.2578125,84864.0,0.0
2025-11-19 10:50:00+05:30,84864.90625,84925.546875,84850.0078125,84913.2109375,0.0
2025-11-19 10:55:00+05:30,84914.1484375,84923.7421875,84866.703125,84866.703125,0.0
2025-11-19 11:00:00+05:30,84866.09375,84882.3828125,84812.8671875,84819.328125,0.0
2025-11-19 11:05:00+05:30,84818.90625,84870.8203125,84808.0703125,84819.8125,0.0
2025-11-19 11:10:00+05:30,84821.8515625,84825.6328125,84765.078125,84765.078125,0.0
2025-11-19 11:15:00+05:30,84767.9609375,84791.328125,84739.7890625,84785.2578125,0.0
2025-11-19 11:20:00+05:30,84785.328125,84825.578125,84785.15625,84811.5390625,0.0
2025-11-19 11:25:00+05:30,84811.96875,84863.703125,84806.5625,84856.53125,0.0
2025-11-19 11:30:00+05:30,84856.03125,84871.2734375,84831.140625,84852.78125,0.0
2025-11-19 11:35:00+05:30,84852.21875,84871.5,84830.5,84839.1015625,0.0
2025-11-19 11:40:00+05:30,84839.453125,84922.796875,84829.8125,84892.859375,0.0
2025-11-19 11:45:00+05:30,84890.578125,84938.65625,84890.4375,84909.9296875,0.0
2025-11-19 11:50:00+05:30,84909.3515625,84923.0078125,84905.671875,84915.0703125,0.0
2025-11-19 11:55:00+05:30,84912.1875,84925.5,84888.453125,84916.1875,0.0
2025-11-19 12:00:00+05:30,84916.1875,84972.5,84914.296875,84965.4296875,0.0
2025-11-19 12:05:00+05:30,84965.4296875,84990.9375,84961.1015625,84961.71875,0.0
2025-11-19 12:10:00+05:30,84962.3203125,84984.796875,84951.15625,84966.3828125,0.0
2025-11-19 12:15:00+05:30,84967.203125,85011.609375,84967.203125,84982.703125,0.0
2025-11-19 12:20:00+05:30,84983.046875,85010.6015625,84962.9921875,84978.640625,0.0
2025-11-19 12:25:00+05:30,84980.6015625,85034.828125,84980.6015625,85024.2265625,0.0
2025-11-19 12:30:00+05:30,85024.2265625,85072.578125,85018.7734375,85066.8984375,0.0
2025-11-19 12:35:00+05:30,85069.4375,85079.6875,85022.296875,85029.9375,0.0
2025-11-19 12:40:00+05:30,85027.3828125,85048.1484375,85023.9375,85035.0390625,0.0
2025-11-19 12:45:00+05:30,85033.921875,85056.84375,85017.546875,85056.8125,0.0
2025-11-19 12:50:00+05:30,85057.9609375,85079.453125,85033.8671875,85051.359375,0.0
2025-11-19 12:55:00+05:30,85048.75,85065.46875,85029.078125,85032.5,0.0
2025-11-19 13:00:00+05:30,85032.5,85067.90625,85030.453125,85061.7421875,0.0
2025-11-19 13:05:00+05:30,85063.0078125,85096.4609375,85045.296875,85046.078125,0.0
2025-11-19 13:10:00+05:30,85045.96875,85073.671875,85037.34375,85073.140625,0.0
2025-11-19 13:15:00+05:30,85073.046875,85075.2421875,85037.03125,85041.7109375,0.0
2025-11-19 13:20:00+05:30,85041.7109375,85049.65625,85033.046875,85035.6796875,0.0
2025-11-19 13:25:00+05:30,85039.1328125,85043.2734375,84998.75,85003.3125,0.0
2025-11-19 13:30:00+05:30,85001.6171875,85016.0,84986.078125,84987.9296875,0.0
2025-11-19 13:35:00+05:30,84987.59375,84990.21875,84963.90625,84974.2578125,0.0
2025-11-19 13:40:00+05:30,84974.2578125,84996.6484375,84941.328125,84991.296875,0.0
2025-11-19 13:45:00+05:30,84998.3984375,85019.4921875,84990.25,85019.4921875,0.0
2025-11-19 13:50:00+05:30,85019.9609375,85042.25,85016.1796875,85029.421875,0.0
2025-11-19 13:55:00+05:30,85026.9375,85049.7109375,85025.3828125,85029.453125,0.0
2025-11-19 14:00:00+05:30,85029.6328125,85036.7890625,84988.8671875,85033.78125,0.0
2025-11-19 14:05:00+05:30,85034.3671875,85057.640625,85033.7109375,85042.25,0.0
2025-11-19 14:10:00+05:30,85042.25,85103.796875,85023.4609375,85094.2109375,0.0
2025-11-19 14:15:00+05:30,85092.140625,85147.296875,85092.140625,85124.953125,0.0
2025-11-19 14:20:00+05:30,85124.953125,85140.15625,85114.21875,85137.1875,0.0
2025-11-19 14:25:00+05:30,85137.890625,85154.328125,85125.7734375,85154.328125,0.0
2025-11-19 14:30:00+05:30,85153.640625,85168.0390625,85130.4375,85136.4765625,0.0
2025-11-19 14:35:00+05:30,85137.34375,85163.203125,85129.8828125,85162.6796875,0.0
2025-11-19 14:40:00+05:30,85162.6796875,85236.7734375,85148.78125,85199.953125,0.0
2025-11-19 14:45:00+05:30,85199.9765625,85210.15625,85182.453125,85206.8125,0.0
2025-11-19 14:50:00+05:30,85206.140625,85223.8984375,85190.1015625,85205.84375,0.0
2025-11-19 14:55:00+05:30,85203.1328125,85224.171875,85188.7265625,85197.8671875,0.0
2025-11-19 15:00:00+05:30,85202.890625,85221.71875,85181.5,85184.03125,0.0
2025-11-19 15:05:00+05:30,85182.4921875,85190.078125,85158.15625,85179.546875,0.0
2025-11-19 15:10:00+05:30,85179.15625,85211.453125,85170.2109375,85190.3203125,0.0
2025-11-19 15:15:00+05:30,85198.2578125,85198.2578125,85192.5390625,85192.546875,0.0
2025-11-19 15:20:00+05:30,85192.546875,85192.546875,85187.8984375,85188.0625,0.0
2025-11-19 15:25:00+05:30,85188.0625,85190.7421875,85186.09375,85186.453125,0.0
2025-11-20 09:15:00+05:30,85387.953125,85417.921875,85280.9375,85354.90625,0.0
2025-11-20 09:20:00+05:30,85352.34375,85403.90625,85288.5234375,85329.7578125,0.0
2025-11-20 09:25:00+05:30,85330.0,85360.6484375,85290.15625,85359.90625,0.0
2025-11-20 09:30:00+05:30,85363.2734375,85385.0390625,85324.546875,85353.796875,0.0
2025-11-20 09:35:00+05:30,85353.703125,85380.7265625,85335.2578125,85336.0625,0.0
2025-11-20 09:40:00+05:30,85336.3203125,85342.71875,85201.9765625,85270.609375,0.0
2025-11-20 09:45:00+05:30,85271.0390625,85304.5703125,85216.09375,85285.3671875,0.0
2025-11-20 09:50:00+05:30,85284.828125,85321.15625,85276.859375,85286.1171875,0.0
2025-11-20 09:55:00+05:30,85287.796875,85310.0078125,85255.8984375,85255.8984375,0.0
2025-11-20 10:00:00+05:30,85262.171875,85292.9921875,85250.0390625,85275.4921875,0.0
2025-11-20 10:05:00+05:30,85280.6484375,85340.3125,85274.859375,85332.8125,0.0
2025-11-20 10:10:00+05:30,85330.3125,85339.578125,85289.359375,85333.9765625,0.0
2025-11-20 10:15:00+05:30,85335.4609375,85364.6796875,85317.7734375,85338.1328125,0.0
2025-11-20 10:20:00+05:30,85339.8125,85359.9296875,85309.53125,85321.3984375,0.0
2025-11-20 10:25:00+05:30,85318.5625,85367.15625,85316.6796875,85361.390625,0.0
2025-11-20 10:30:00+05:30,85363.5078125,85408.7265625,85356.9921875,85395.96875,0.0
2025-11-20 10:35:00+05:30,85394.71875,85399.59375,85354.03125,85368.6875,0.0
2025-11-20 10:40:00+05:30,85368.390625,85430.7421875,85360.2734375,85424.0390625,0.0
2025-11-20 10:45:00+05:30,85425.296875,85466.3671875,85388.6171875,85463.9375,0.0
2025-11-20 10:50:00+05:30,85463.46875,85481.9765625,85440.4609375,85446.296875,0.0
2025-11-20 10:55:00+05:30,85444.046875,85456.15625,85418.2265625,85421.21875,0.0
2025-11-20 11:00:00+05:30,85421.8203125,85440.34375,85411.9609375,85428.609375,0.0
2025-11-20 11:05:00+05:30,85426.59375,85454.8828125,85422.84375,85444.5625,0.0
2025-11-20 11:10:00+05:30,85447.9609375,85464.390625,85423.5078125,85423.5078125,0.0
2025-11-20 11:15:00+05:30,85428.3828125,85437.0703125,85393.7421875,85397.1328125,0.0
2025-11-20 11:20:00+05:30,85395.890625,85437.1484375,85395.53125,85431.109375,0.0
2025-11-20 11:25:00+05:30,85431.2109375,85449.7265625,85408.2578125,85433.5390625,0.0
2025-11-20 11:30:00+05:30,85433.5390625,85488.7265625,85405.8125,85458.84375,0.0
2025-11-20 11:35:00+05:30,85456.6875,85484.2890625,85440.6484375,85455.3828125,0.0
2025-11-20 11:40:00+05:30,85454.546875,85477.1796875,85441.796875,85476.4375,0.0
2025-11-20 11:45:00+05:30,85476.4375,85479.8984375,85415.3828125,85417.5234375,0.0
2025-11-20 11:50:00+05:30,85418.9296875,85450.828125,85400.453125,85426.2578125,0.0
2025-11-20 11:55:00+05:30,85426.2578125,85466.71875,85426.2578125,85463.7421875,0.0
2025-11-20 12:00:00+05:30,85463.7421875,85498.7734375,85447.90625,85455.75,0.0
2025-11-20 12:05:00+05:30,85457.40625,85496.1015625,85451.7265625,85466.2890625,0.0
2025-11-20 12:10:00+05:30,85460.59375,85479.4765625,85454.34375,85468.59375,0.0
2025-11-20 12:15:00+05:30,85469.046875,85493.46875,85434.78125,85464.1796875,0.0
2025-11-20 12:20:00+05:30,85464.8984375,85515.1171875,85451.8203125,85504.9765625,0.0
2025-11-20 12:25:00+05:30,85499.9609375,85519.296875,85493.78125,85516.6796875,0.0
2025-11-20 12:30:00+05:30,85522.4765625,85544.078125,85508.09375,85531.453125,0.0
2025-11-20 12:35:00+05:30,85526.2890625,85558.7578125,85525.2265625,85550.2421875,0.0
2025-11-20 12:40:00+05:30,85545.7578125,85570.2421875,85539.2734375,85551.8203125,0.0
2025-11-20 12:45:00+05:30,85556.0234375,85599.84375,85531.5,85562.203125,0.0
2025-11-20 12:50:00+05:30,85552.546875,85570.4921875,85546.28125,85565.1796875,0.0
2025-11-20 12:55:00+05:30,85565.6015625,85568.65625,85547.78125,85560.0390625,0.0
2025-11-20 13:00:00+05:30,85560.1328125,85601.8125,85556.9609375,85586.046875,0.0
2025-11-20 13:05:00+05:30,85586.796875,85597.8203125,85544.546875,85553.1171875,0.0
2025-11-20 13:10:00+05:30,85551.453125,85601.1796875,85550.7421875,85558.7421875,0.0
2025-11-20 13:15:00+05:30,85563.8515625,85609.65625,85563.59375,85608.7578125,0.0
2025-11-20 13:20:00+05:30,85609.9296875,85625.2265625,85574.25,85624.0,0.0
2025-11-20 13:25:00+05:30,85624.046875,85679.2578125,85607.578125,85674.203125,0.0
2025-11-20 13:30:00+05:30,85677.03125,85681.921875,85633.8203125,85648.84375,0.0
2025-11-20 13:35:00+05:30,85647.90625,85696.609375,85641.109375,85694.90625,0.0
2025-11-20 13:40:00+05:30,85694.390625,85699.7265625,85660.6328125,85660.828125,0.0
2025-11-20 13:45:00+05:30,85661.578125,85708.34375,85653.34375,85681.3515625,0.0
2025-11-20 13:50:00+05:30,85681.703125,85755.6015625,85681.0625,85750.8828125,0.0
2025-11-20 13:55:00+05:30,85751.2421875,85751.5625,85696.75,85697.96875,0.0
2025-11-20 14:00:00+05:30,85701.9609375,85727.8671875,85668.7109375,85694.703125,0.0
2025-11-20 14:05:00+05:30,85694.1015625,85752.7890625,85694.1015625,85734.7265625,0.0
2025-11-20 14:10:00+05:30,85734.0703125,85767.7109375,85705.640625,85739.0703125,0.0
2025-11-20 14:15:00+05:30,85738.796875,85800.953125,85724.9765625,85775.4609375,0.0
2025-11-20 14:20:00+05:30,85775.65625,85780.09375,85751.578125,85773.859375,0.0
2025-11-20 14:25:00+05:30,85775.4375,85776.7578125,85636.25,85650.0234375,0.0
2025-11-20 14:30:00+05:30,85649.9296875,85720.6484375,85638.21875,85660.6015625,0.0
2025-11-20 14:35:00+05:30,85659.8671875,85759.1171875,85656.3125,85714.0,0.0
2025-11-20 14:40:00+05:30,85714.0,85734.7578125,85644.5,85652.109375,0.0
2025-11-20 14:45:00+05:30,85649.8515625,85711.9921875,85638.890625,85678.7265625,0.0
2025-11-20 14:50:00+05:30,85684.2734375,85713.421875,85627.8828125,85634.8828125,0.0
2025-11-20 14:55:00+05:30,85631.109375,85701.0234375,85631.109375,85695.5,0.0
2025-11-20 15:00:00+05:30,85694.96875,85724.8515625,85527.03125,85635.2734375,0.0
2025-11-20 15:05:00+05:30,85631.046875,85706.7734375,85540.96875,85652.3515625,0.0
2025-11-20 15:10:00+05:30,85652.8203125,85722.53125,85539.6875,85696.171875,0.0
2025-11-20 15:15:00+05:30,85694.5234375,85694.5234375,85626.34375,85627.3515625,0.0
2025-11-20 15:20:00+05:30,85627.3515625,85631.1015625,85627.0390625,85631.1015625,0.0
2025-11-20 15:25:00+05:30,85631.1015625,85632.9609375,85631.1015625,85632.6484375,0.0
2025-11-21 09:15:00+05:30,85350.40625,85501.5234375,85345.96875,85492.75,0.0
2025-11-21 09:20:00+05:30,85478.34375,85579.7109375,85455.1171875,85567.2734375,0.0
2025-11-21 09:25:00+05:30,85569.1484375,85609.3984375,85555.2890625,85565.296875,0.0
2025-11-21 09:30:00+05:30,85568.5078125,85587.09375,85518.0625,85527.3984375,0.0
2025-11-21 09:35:00+05:30,85528.2734375,85532.328125,85481.0,85514.046875,0.0
2025-11-21 09:40:00+05:30,85508.5,85552.7109375,85452.078125,85455.890625,0.0
2025-11-21 09:45:00+05:30,85452.1171875,85452.1171875,85392.203125,85411.8828125,0.0
2025-11-21 09:50:00+05:30,85411.8828125,85431.6796875,85386.4375,85390.1484375,0.0
2025-11-21 09:55:00+05:30,85394.75,85421.9609375,85336.4921875,85421.1484375,0.0
2025-11-21 10:00:00+05:30,85422.1484375,85423.6796875,85323.7109375,85333.9375,0.0
2025-11-21 10:05:00+05:30,85335.5234375,85344.2265625,85296.59375,85302.203125,0.0
2025-11-21 10:10:00+05:30,85298.96875,85335.4765625,85289.703125,85297.9765625,0.0
2025-11-21 10:15:00+05:30,85297.5078125,85300.3671875,85226.921875,85243.7265625,0.0
2025-11-21 10:20:00+05:30,85241.3828125,85246.59375,85195.0703125,85241.9921875,0.0
2025-11-21 10:25:00+05:30,85240.953125,85256.828125,85215.46875,85240.0,0.0
2025-11-21 10:30:00+05:30,85240.703125,85265.6875,85218.0234375,85249.96875,0.0
2025-11-21 10:35:00+05:30,85247.609375,85281.640625,85219.40625,85265.7421875,0.0
2025-11-21 10:40:00+05:30,85265.7421875,85269.828125,85248.2265625,85255.3671875,0.0
2025-11-21 10:45:00+05:30,85252.2265625,85268.1796875,85234.0390625,85268.1796875,0.0
2025-11-21 10:50:00+05:30,85267.8671875,85270.1015625,85214.140625,85241.328125,0.0
2025-11-21 10:55:00+05:30,85243.90625,85327.171875,85225.7421875,85326.921875,0.0
2025-11-21 11:00:00+05:30,85328.8671875,85329.203125,85285.8671875,85296.5625,0.0
2025-11-21 11:05:00+05:30,85293.140625,85294.1015625,85230.0390625,85285.4765625,0.0
2025-11-21 11:10:00+05:30,85286.7734375,85371.34375,85286.7734375,85369.2890625,0.0
2025-11-21 11:15:00+05:30,85369.0,85371.40625,85335.1796875,85344.15625,0.0
2025-11-21 11:20:00+05:30,85344.15625,85344.15625,85290.03125,85306.5234375,0.0
2025-11-21 11:25:00+05:30,85306.8203125,85353.359375,85281.796875,85353.0234375,0.0
2025-11-21 11:30:00+05:30,85353.0234375,85353.0234375,85270.578125,85281.4375,0.0
2025-11-21 11:35:00+05:30,85281.4375,85321.40625,85274.203125,85304.203125,0.0
2025-11-21 11:40:00+05:30,85308.34375,85308.953125,85237.5703125,85273.6796875,0.0
2025-11-21 11:45:00+05:30,85274.2890625,85299.9765625,85268.0703125,85285.5703125,0.0
2025-11-21 11:50:00+05:30,85285.65625,85319.3984375,85285.65625,85306.078125,0.0
2025-11-21 11:55:00+05:30,85306.9921875,85326.6796875,85298.296875,85307.7578125,0.0
2025-11-21 12:00:00+05:30,85307.7578125,85356.421875,85290.59375,85356.421875,0.0
2025-11-21 12:05:00+05:30,85356.46875,85369.6484375,85339.65625,85347.53125,0.0
2025-11-21 12:10:00+05:30,85347.53125,85416.9375,85346.90625,85413.2890625,0.0
2025-11-21 12:15:00+05:30,85417.21875,85463.15625,85411.0703125,85463.15625,0.0
2025-11-21 12:20:00+05:30,85465.390625,85517.5625,85458.453125,85517.5625,0.0
2025-11-21 12:25:00+05:30,85517.1328125,85523.703125,85479.921875,85479.921875,0.0
2025-11-21 12:30:00+05:30,85477.9921875,85494.7109375,85437.4609375,85456.6875,0.0
2025-11-21 12:35:00+05:30,85459.34375,85467.859375,85437.3515625,85465.71875,0.0
2025-11-21 12:40:00+05:30,85463.78125,85491.2109375,85451.921875,85475.8515625,0.0
2025-11-21 12:45:00+05:30,85475.390625,85532.609375,85474.140625,85531.3671875,0.0
2025-11-21 12:50:00+05:30,85526.390625,85581.96875,85516.2578125,85557.9765625,0.0
2025-11-21 12:55:00+05:30,85559.6796875,85580.7265625,85535.9609375,85536.9765625,0.0
2025-11-21 13:00:00+05:30,85536.9765625,85557.7890625,85521.2890625,85551.671875,0.0
2025-11-21 13:05:00+05:30,85551.671875,85557.53125,85512.7890625,85524.5625,0.0
2025-11-21 13:10:00+05:30,85524.359375,85533.109375,85445.9765625,85446.2578125,0.0
2025-11-21 13:15:00+05:30,85446.609375,85456.6796875,85372.53125,85377.2421875,0.0
2025-11-21 13:20:00+05:30,85377.8828125,85388.34375,85353.5234375,85356.046875,0.0
2025-11-21 13:25:00+05:30,85356.046875,85391.4921875,85345.7890625,85372.546875,0.0
2025-11-21 13:30:00+05:30,85373.15625,85395.7421875,85355.7734375,85395.1484375,0.0
2025-11-21 13:35:00+05:30,85397.078125,85405.5625,85363.9921875,85389.9296875,0.0
2025-11-21 13:40:00+05:30,85389.53125,85390.8515625,85330.953125,85344.6328125,0.0
2025-11-21 13:45:00+05:30,85344.5390625,85374.1484375,85319.2109375,85374.1484375,0.0
2025-11-21 13:50:00+05:30,85373.046875,85419.796875,85370.2578125,85419.796875,0.0
2025-11-21 13:55:00+05:30,85422.0625,85454.59375,85420.0625,85450.046875,0.0
2025-11-21 14:00:00+05:30,85450.7890625,85456.09375,85423.5078125,85430.5625,0.0
2025-11-21 14:05:00+05:30,85430.6015625,85464.7578125,85407.5234375,85460.3515625,0.0
2025-11-21 14:10:00+05:30,85462.9296875,85490.3671875,85462.9296875,85489.03125,0.0
2025-11-21 14:15:00+05:30,85488.9765625,85508.421875,85467.796875,85471.0234375,0.0
2025-11-21 14:20:00+05:30,85471.0234375,85506.1875,85470.2265625,85490.7578125,0.0
2025-11-21 14:25:00+05:30,85491.390625,85507.2578125,85486.1875,85496.1171875,0.0
2025-11-21 14:30:00+05:30,85496.5390625,85511.078125,85486.359375,85495.546875,0.0
2025-11-21 14:35:00+05:30,85498.9921875,85527.796875,85483.3984375,85483.7109375,0.0
2025-11-21 14:40:00+05:30,85486.1328125,85486.1328125,85432.6484375,85432.6484375,0.0
2025-11-21 14:45:00+05:30,85432.609375,85443.953125,85355.2265625,85355.2265625,0.0
2025-11-21 14:50:00+05:30,85359.203125,85370.6875,85316.7734375,85323.2265625,0.0
2025-11-21 14:55:00+05:30,85323.2265625,85324.5,85231.328125,85238.6875,0.0
2025-11-21 15:00:00+05:30,85238.0703125,85284.5,85219.0625,85266.3125,0.0
2025-11-21 15:05:00+05:30,85265.4375,85271.9765625,85229.0,85246.171875,0.0
2025-11-21 15:10:00+05:30,85245.1015625,85252.5078125,85219.640625,85246.921875,0.0
2025-11-21 15:15:00+05:30,85245.96875,85246.7109375,85244.1171875,85245.921875,0.0
2025-11-21 15:20:00+05:30,85245.1875,85245.1875,85235.0234375,85235.0234375,0.0
2025-11-21 15:25:00+05:30,85235.0234375,85235.296875,85231.1484375,85231.921875,0.0
2025-11-24 09:15:00+05:30,85426.390625,85436.890625,85293.3125,85316.140625,0.0
2025-11-24 09:20:00+05:30,85313.03125,85401.78125,85302.9375,85333.1796875,0.0
2025-11-24 09:25:00+05:30,85332.90625,85379.6171875,85332.671875,85356.6484375,0.0
2025-11-24 09:30:00+05:30,85376.1796875,85382.59375,85285.6875,85295.8515625,0.0
2025-11-24 09:35:00+05:30,85295.578125,85296.9296875,85248.96875,85285.5234375,0.0
2025-11-24 09:40:00+05:30,85286.890625,85311.46875,85250.609375,85251.890625,0.0
2025-11-24 09:45:00+05:30,85252.6171875,85310.6328125,85210.9921875,85307.1328125,0.0
2025-11-24 09:50:00+05:30,85307.609375,85353.046875,85285.1171875,85292.0234375,0.0
2025-11-24 09:55:00+05:30,85290.046875,85301.421875,85257.921875,85268.2890625,0.0
2025-11-24 10:00:00+05:30,85267.2421875,85343.59375,85265.953125,85336.1484375,0.0
2025-11-24 10:05:00+05:30,85336.1484375,85372.703125,85328.1328125,85369.7265625,0.0
2025-11-24 10:10:00+05:30,85371.140625,85403.828125,85359.5078125,85400.0703125,0.0
2025-11-24 10:15:00+05:30,85399.71875,85413.421875,85336.2109375,85357.4296875,0.0
2025-11-24 10:20:00+05:30,85357.40625,85400.2734375,85351.671875,85392.1796875,0.0
2025-11-24 10:25:00+05:30,85392.9765625,85413.8671875,85379.1328125,85394.453125,0.0
2025-11-24 10:30:00+05:30,85394.5703125,85422.203125,85370.25,85422.203125,0.0
2025-11-24 10:35:00+05:30,85423.40625,85472.109375,85421.8828125,85453.9921875,0.0
2025-11-24 10:40:00+05:30,85455.703125,85472.796875,85434.6796875,85436.640625,0.0
2025-11-24 10:45:00+05:30,85433.640625,85451.7421875,85417.7734375,85427.078125,0.0
2025-11-24 10:50:00+05:30,85432.328125,85432.46875,85371.21875,85372.8984375,0.0
2025-11-24 10:55:00+05:30,85370.2421875,85379.453125,85346.6328125,85359.3671875,0.0
2025-11-24 11:00:00+05:30,85359.21875,85365.84375,85317.9921875,85352.8828125,0.0
2025-11-24 11:05:00+05:30,85352.03125,85352.03125,85330.5703125,85333.84375,0.0
2025-11-24 11:10:00+05:30,85333.03125,85345.25,85312.7890625,85329.53125,0.0
2025-11-24 11:15:00+05:30,85329.4296875,85329.4296875,85298.578125,85320.2421875,0.0
2025-11-24 11:20:00+05:30,85317.0234375,85332.5234375,85310.96875,85326.5,0.0
2025-11-24 11:25:00+05:30,85327.046875,85415.5078125,85326.1796875,85408.90625,0.0
2025-11-24 11:30:00+05:30,85409.1796875,85425.921875,85402.1015625,85410.546875,0.0
2025-11-24 11:35:00+05:30,85409.953125,85437.1875,85403.7734375,85405.65625,0.0
2025-11-24 11:40:00+05:30,85406.2734375,85419.6796875,85387.4765625,85392.203125,0.0
2025-11-24 11:45:00+05:30,85392.078125,85403.2578125,85318.7265625,85330.15625,0.0
2025-11-24 11:50:00+05:30,85329.9765625,85330.421875,85237.9296875,85253.953125,0.0
2025-11-24 11:55:00+05:30,85253.7421875,85273.4609375,85223.9296875,85272.1328125,0.0
2025-11-24 12:00:00+05:30,85271.4375,85309.578125,85267.78125,85299.3125,0.0
2025-11-24 12:05:00+05:30,85296.9296875,85304.34375,85259.7421875,85262.1796875,0.0
2025-11-24 12:10:00+05:30,85262.34375,85270.2109375,85239.7421875,85248.5234375,0.0
2025-11-24 12:15:00+05:30,85243.4609375,85281.1875,85236.3671875,85255.8203125,0.0
2025-11-24 12:20:00+05:30,85259.953125,85302.8671875,85254.546875,85260.5078125,0.0
2025-11-24 12:25:00+05:30,85260.5078125,85263.6484375,85218.6328125,85237.9296875,0.0
2025-11-24 12:30:00+05:30,85238.5390625,85286.96875,85193.671875,85278.03125,0.0
2025-11-24 12:35:00+05:30,85278.5234375,85298.0625,85261.7890625,85265.6015625,0.0
2025-11-24 12:40:00+05:30,85265.1796875,85289.6328125,85263.96875,85283.90625,0.0
2025-11-24 12:45:00+05:30,85284.7578125,85317.6015625,85275.90625,85316.296875,0.0
2025-11-24 12:50:00+05:30,85315.578125,85336.2734375,85287.9921875,85295.5625,0.0
2025-11-24 12:55:00+05:30,85290.203125,85311.90625,85270.90625,85308.09375,0.0
2025-11-24 13:00:00+05:30,85309.03125,85323.96875,85268.4609375,85279.328125,0.0
2025-11-24 13:05:00+05:30,85279.328125,85323.96875,85236.4296875,85319.6484375,0.0
2025-11-24 13:10:00+05:30,85319.6484375,85336.7421875,85303.6015625,85309.0625,0.0
2025-11-24 13:15:00+05:30,85303.8984375,85342.0234375,85292.4609375,85331.5390625,0.0
2025-11-24 13:20:00+05:30,85331.5390625,85354.0703125,85329.390625,85343.671875,0.0
2025-11-24 13:25:00+05:30,85342.9921875,85352.40625,85296.5,85309.4609375,0.0
2025-11-24 13:30:00+05:30,85309.546875,85309.546875,85285.921875,85304.578125,0.0
2025-11-24 13:35:00+05:30,85304.75,85334.3984375,85271.71875,85271.71875,0.0
2025-11-24 13:40:00+05:30,85266.96875,85324.1328125,85251.6484375,85314.3828125,0.0
2025-11-24 13:45:00+05:30,85318.296875,85333.2578125,85302.9375,85308.40625,0.0
2025-11-24 13:50:00+05:30,85308.40625,85322.7421875,85278.6875,85285.21875,0.0
2025-11-24 13:55:00+05:30,85285.21875,85305.9609375,85265.046875,85265.046875,0.0
2025-11-24 14:00:00+05:30,85262.671875,85274.09375,85196.59375,85196.59375,0.0
2025-11-24 14:05:00+05:30,85196.0,85205.4921875,85154.46875,85154.46875,0.0
2025-11-24 14:10:00+05:30,85154.8515625,85220.7578125,85150.84375,85220.7578125,0.0
2025-11-24 14:15:00+05:30,85221.0703125,85232.78125,85172.4921875,85173.1328125,0.0
2025-11-24 14:20:00+05:30,85173.03125,85174.6796875,85117.3984375,85126.9296875,0.0
2025-11-24 14:25:00+05:30,85123.4921875,85159.2265625,85123.40625,85125.1875,0.0
2025-11-24 14:30:00+05:30,85121.25,85168.3984375,85118.3828125,85135.296875,0.0
2025-11-24 14:35:00+05:30,85130.1015625,85141.15625,85103.3203125,85113.6171875,0.0
2025-11-24 14:40:00+05:30,85115.1484375,85165.0078125,85115.1484375,85134.0625,0.0
2025-11-24 14:45:00+05:30,85135.328125,85177.296875,85130.9609375,85148.0234375,0.0
2025-11-24 14:50:00+05:30,85145.1484375,85174.1796875,85121.328125,85127.0390625,0.0
2025-11-24 14:55:00+05:30,85128.21875,85207.8125,85121.0078125,85198.6328125,0.0
2025-11-24 15:00:00+05:30,85197.78125,85236.5234375,84969.6875,84969.6875,0.0
2025-11-24 15:05:00+05:30,84965.8671875,84966.2421875,84885.6875,84917.4375,0.0
2025-11-24 15:10:00+05:30,84921.7890625,84933.03125,84851.0703125,84879.96875,0.0
2025-11-24 15:15:00+05:30,84872.609375,84969.0390625,84872.609375,84948.328125,0.0
2025-11-24 15:20:00+05:30,84948.328125,84948.328125,84930.0234375,84930.0703125,0.0
2025-11-24 15:25:00+05:30,84930.0703125,84930.0703125,84900.84375,84900.84375,0.0
2025-11-25 09:15:00+05:30,85009.09375,85024.4375,84780.171875,84914.3515625,0.0
2025-11-25 09:20:00+05:30,84912.6484375,84930.09375,84843.3671875,84886.2890625,0.0
2025-11-25 09:25:00+05:30,84882.4609375,84929.1015625,84866.7578125,84875.53125,0.0
2025-11-25 09:30:00+05:30,84875.53125,84974.453125,84875.53125,84972.2421875,0.0
2025-11-25 09:35:00+05:30,84972.2421875,84981.578125,84916.2421875,84929.8125,0.0
2025-11-25 09:40:00+05:30,84931.0390625,84969.6328125,84931.0390625,84933.5234375,0.0
2025-11-25 09:45:00+05:30,84933.6484375,84955.0234375,84912.640625,84912.8125,0.0
2025-11-25 09:50:00+05:30,84909.8203125,84972.6328125,84877.0234375,84959.2734375,0.0
2025-11-25 09:55:00+05:30,84963.71875,85009.546875,84961.0078125,85003.671875,0.0
2025-11-25 10:00:00+05:30,85002.5234375,85049.0703125,84991.8203125,85002.453125,0.0
2025-11-25 10:05:00+05:30,85010.1875,85057.40625,85010.1875,85053.4375,0.0
2025-11-25 10:10:00+05:30,85053.03125,85107.5390625,85044.4921875,85101.03125,0.0
2025-11-25 10:15:00+05:30,85098.8203125,85104.78125,85074.0,85078.0,0.0
2025-11-25 10:20:00+05:30,85072.296875,85080.9375,85018.8203125,85042.9765625,0.0
2025-11-25 10:25:00+05:30,85042.671875,85065.8828125,85029.0703125,85042.7109375,0.0
2025-11-25 10:30:00+05:30,85042.7109375,85068.59375,85012.5234375,85013.6875,0.0
2025-11-25 10:35:00+05:30,85016.1015625,85046.8671875,84982.0,85042.53125,0.0
2025-11-25 10:40:00+05:30,85041.890625,85044.3671875,84979.078125,84979.078125,0.0
2025-11-25 10:45:00+05:30,84979.7109375,84983.34375,84949.40625,84961.8671875,0.0
2025-11-25 10:50:00+05:30,84961.3125,84976.1796875,84923.0703125,84923.0703125,0.0
2025-11-25 10:55:00+05:30,84926.5078125,84935.7109375,84801.7734375,84801.7734375,0.0
2025-11-25 11:00:00+05:30,84801.2109375,84801.2109375,84766.1796875,84796.890625,0.0
2025-11-25 11:05:00+05:30,84797.078125,84798.5234375,84768.59375,84793.3203125,0.0
2025-11-25 11:10:00+05:30,84795.8671875,84824.0703125,84789.859375,84822.7578125,0.0
2025-11-25 11:15:00+05:30,84822.75,84848.3125,84812.8671875,84827.5234375,0.0
2025-11-25 11:20:00+05:30,84828.109375,84846.3125,84810.2734375,84829.578125,0.0
2025-11-25 11:25:00+05:30,84829.578125,84883.6328125,84829.578125,84879.453125,0.0
2025-11-25 11:30:00+05:30,84879.046875,84894.7265625,84866.1875,84892.9765625,0.0
2025-11-25 11:35:00+05:30,84893.1796875,84905.7734375,84883.6015625,84892.53125,0.0
2025-11-25 11:40:00+05:30,84892.53125,84903.6796875,84832.3984375,84834.890625,0.0
2025-11-25 11:45:00+05:30,84834.890625,84877.0,84828.46875,84867.2734375,0.0
2025-11-25 11:50:00+05:30,84866.6875,84919.328125,84866.6796875,84914.0,0.0
2025-11-25 11:55:00+05:30,84914.0,84989.6484375,84914.0,84977.359375,0.0
2025-11-25 12:00:00+05:30,84977.359375,84978.7265625,84924.203125,84928.703125,0.0
2025-11-25 12:05:00+05:30,84928.6015625,84967.3203125,84927.2421875,84964.7421875,0.0
2025-11-25 12:10:00+05:30,84967.2578125,84971.328125,84919.03125,84937.3203125,0.0
2025-11-25 12:15:00+05:30,84938.4765625,84949.671875,84891.109375,84891.109375,0.0
2025-11-25 12:20:00+05:30,84891.5234375,84892.453125,84854.78125,84860.6875,0.0
2025-11-25 12:25:00+05:30,84860.6875,84920.6171875,84840.3984375,84848.59375,0.0
2025-11-25 12:30:00+05:30,84848.59375,84897.6015625,84848.59375,84889.3125,0.0
2025-11-25 12:35:00+05:30,84888.4921875,84932.5703125,84884.9921875,84928.25,0.0
2025-11-25 12:40:00+05:30,84928.25,84977.796875,84920.5703125,84969.2734375,0.0
2025-11-25 12:45:00+05:30,84969.2734375,84989.3828125,84954.7109375,84957.75,0.0
2025-11-25 12:50:00+05:30,84957.75,85004.0234375,84940.7109375,85001.5390625,0.0
2025-11-25 12:55:00+05:30,85006.1015625,85022.0703125,84957.84375,84975.71875,0.0
2025-11-25 13:00:00+05:30,84976.5,84976.5,84917.296875,84940.359375,0.0
2025-11-25 13:05:00+05:30,84939.59375,85018.3125,84928.0390625,85016.4765625,0.0
2025-11-25 13:10:00+05:30,85016.203125,85042.890625,84969.90625,84986.7265625,0.0
2025-11-25 13:15:00+05:30,84983.5703125,85011.328125,84976.2109375,84993.40625,0.0
2025-11-25 13:20:00+05:30,84993.40625,85019.640625,84949.3671875,85007.8828125,0.0
2025-11-25 13:25:00+05:30,85008.328125,85063.578125,85008.328125,85045.03125,0.0
2025-11-25 13:30:00+05:30,85044.828125,85058.3515625,84974.65625,85025.5625,0.0
2025-11-25 13:35:00+05:30,85025.5625,85054.53125,85018.21875,85051.6328125,0.0
2025-11-25 13:40:00+05:30,85051.6328125,85057.3515625,84997.359375,85005.296875,0.0
2025-11-25 13:45:00+05:30,85005.296875,85037.890625,84971.9609375,85014.453125,0.0
2025-11-25 13:50:00+05:30,85014.0625,85039.3671875,85000.203125,85032.4609375,0.0
2025-11-25 13:55:00+05:30,85035.4609375,85041.09375,85015.203125,85031.9921875,0.0
2025-11-25 14:00:00+05:30,85031.9921875,85084.6875,85031.9921875,85082.453125,0.0
2025-11-25 14:05:00+05:30,85082.453125,85104.1015625,85060.2421875,85060.2421875,0.0
2025-11-25 14:10:00+05:30,85061.71875,85089.859375,85054.2421875,85081.7578125,0.0
2025-11-25 14:15:00+05:30,85081.4375,85100.953125,85018.3828125,85019.2578125,0.0
2025-11-25 14:20:00+05:30,85019.2578125,85035.296875,84972.4296875,84974.328125,0.0
2025-11-25 14:25:00+05:30,84969.7734375,84976.296875,84907.6328125,84911.0078125,0.0
2025-11-25 14:30:00+05:30,84911.0078125,84911.0078125,84845.3984375,84849.3984375,0.0
2025-11-25 14:35:00+05:30,84849.171875,84880.09375,84809.8828125,84811.328125,0.0
2025-11-25 14:40:00+05:30,84812.0703125,84872.1484375,84801.6015625,84866.8984375,0.0
2025-11-25 14:45:00+05:30,84864.109375,84877.3125,84831.0078125,84855.4375,0.0
2025-11-25 14:50:00+05:30,84855.5,84866.9375,84732.2734375,84732.2734375,0.0
2025-11-25 14:55:00+05:30,84731.3828125,84761.546875,84665.6796875,84666.7578125,0.0
2025-11-25 15:00:00+05:30,84664.2265625,84718.5,84553.34375,84597.1875,0.0
2025-11-25 15:05:00+05:30,84597.8671875,84670.171875,84581.2578125,84615.890625,0.0
2025-11-25 15:10:00+05:30,84611.46875,84673.9765625,84599.0078125,84618.6484375,0.0
2025-11-25 15:15:00+05:30,84618.8125,84622.2578125,84612.1171875,84612.1171875,0.0
2025-11-25 15:20:00+05:30,84612.1171875,84612.1171875,84594.4765625,84594.4765625,0.0
2025-11-25 15:25:00+05:30,84594.4765625,84594.671875,84587.0078125,84587.0078125,0.0
2025-11-26 09:15:00+05:30,84503.578125,84860.8828125,84503.578125,84851.2109375,0.0
2025-11-26 09:20:00+05:30,84854.5390625,84894.9375,84833.8984375,84847.8828125,0.0
2025-11-26 09:25:00+05:30,84846.9765625,84893.3828125,84838.0234375,84869.421875,0.0
2025-11-26 09:30:00+05:30,84869.421875,84991.953125,84869.421875,84986.65625,0.0
2025-11-26 09:35:00+05:30,84985.1796875,85019.078125,84932.7421875,84955.5234375,0.0
2025-11-26 09:40:00+05:30,84949.2890625,85023.09375,84942.671875,85018.140625,0.0
2025-11-26 09:45:00+05:30,85018.7265625,85099.8125,85017.609375,85099.8125,0.0
2025-11-26 09:50:00+05:30,85098.0703125,85197.9609375,85098.0703125,85171.25,0.0
2025-11-26 09:55:00+05:30,85170.1875,85196.8125,85147.6875,85175.578125,0.0
2025-11-26 10:00:00+05:30,85173.8515625,85246.578125,85173.8515625,85203.78125,0.0
2025-11-26 10:05:00+05:30,85202.25,85266.296875,85201.671875,85227.65625,0.0
2025-11-26 10:10:00+05:30,85231.859375,85242.75,85174.2265625,85239.2265625,0.0
2025-11-26 10:15:00+05:30,85239.5390625,85254.2421875,85194.1328125,85195.0625,0.0
2025-11-26 10:20:00+05:30,85195.6328125,85212.09375,85148.9765625,85201.3671875,0.0
2025-11-26 10:25:00+05:30,85203.5390625,85206.359375,85126.1875,85139.46875,0.0
2025-11-26 10:30:00+05:30,85147.7890625,85220.0390625,85139.59375,85201.703125,0.0
2025-11-26 10:35:00+05:30,85202.0625,85238.4765625,85187.7265625,85238.4765625,0.0
2025-11-26 10:40:00+05:30,85238.4765625,85246.6484375,85222.2734375,85237.5234375,0.0
2025-11-26 10:45:00+05:30,85237.6484375,85376.9765625,85237.6484375,85351.1015625,0.0
2025-11-26 10:50:00+05:30,85350.15625,85364.9296875,85273.109375,85283.78125,0.0
2025-11-26 10:55:00+05:30,85282.7890625,85306.9296875,85276.8671875,85292.3125,0.0
2025-11-26 11:00:00+05:30,85292.3125,85339.6015625,85291.96875,85331.90625,0.0
2025-11-26 11:05:00+05:30,85334.5078125,85346.4296875,85285.890625,85309.21875,0.0
2025-11-26 11:10:00+05:30,85311.09375,85327.6171875,85294.9765625,85295.5390625,0.0
2025-11-26 11:15:00+05:30,85297.671875,85376.9375,85293.5078125,85363.3984375,0.0
2025-11-26 11:20:00+05:30,85350.9921875,85387.1328125,85338.296875,85374.59375,0.0
2025-11-26 11:25:00+05:30,85374.59375,85403.21875,85351.25,85358.5,0.0
2025-11-26 11:30:00+05:30,85358.40625,85399.84375,85358.28125,85395.09375,0.0
2025-11-26 11:35:00+05:30,85393.8671875,85396.2734375,85328.359375,85361.796875,0.0
2025-11-26 11:40:00+05:30,85360.359375,85366.703125,85336.140625,85352.28125,0.0
2025-11-26 11:45:00+05:30,85353.3828125,85367.8828125,85321.21875,85358.4375,0.0
2025-11-26 11:50:00+05:30,85354.3828125,85380.296875,85344.6328125,85346.3671875,0.0
2025-11-26 11:55:00+05:30,85348.2109375,85415.25,85344.09375,85411.09375,0.0
2025-11-26 12:00:00+05:30,85411.171875,85423.359375,85369.7890625,85408.3828125,0.0
2025-11-26 12:05:00+05:30,85408.9375,85459.7890625,85405.28125,85459.0703125,0.0
2025-11-26 12:10:00+05:30,85458.46875,85468.109375,85436.2265625,85444.640625,0.0
2025-11-26 12:15:00+05:30,85442.640625,85451.5390625,85425.6875,85427.390625,0.0
2025-11-26 12:20:00+05:30,85433.203125,85443.890625,85408.2265625,85443.890625,0.0
2025-11-26 12:25:00+05:30,85443.890625,85455.40625,85419.4375,85447.9765625,0.0
2025-11-26 12:30:00+05:30,85448.359375,85467.3984375,85414.3125,85465.5,0.0
2025-11-26 12:35:00+05:30,85466.078125,85501.09375,85460.0703125,85497.0390625,0.0
2025-11-26 12:40:00+05:30,85496.6875,85509.140625,85480.9921875,85504.390625,0.0
2025-11-26 12:45:00+05:30,85503.7421875,85512.5,85472.96875,85478.8203125,0.0
2025-11-26 12:50:00+05:30,85478.8203125,85509.8984375,85475.21875,85481.15625,0.0
2025-11-26 12:55:00+05:30,85481.15625,85500.9609375,85463.4375,85500.9609375,0.0
2025-11-26 13:00:00+05:30,85502.671875,85552.34375,85493.8828125,85552.34375,0.0
2025-11-26 13:05:00+05:30,85552.703125,85563.09375,85535.84375,85563.09375,0.0
2025-11-26 13:10:00+05:30,85564.6875,85582.3984375,85526.0,85545.65625,0.0
2025-11-26 13:15:00+05:30,85547.0390625,85568.28125,85503.2578125,85547.1484375,0.0
2025-11-26 13:20:00+05:30,85540.8828125,85565.46875,85513.828125,85513.828125,0.0
2025-11-26 13:25:00+05:30,85514.0234375,85535.3828125,85441.1484375,85443.1171875,0.0
2025-11-26 13:30:00+05:30,85443.046875,85520.6796875,85443.046875,85503.046875,0.0
2025-11-26 13:35:00+05:30,85503.140625,85521.0078125,85496.2265625,85515.4296875,0.0
2025-11-26 13:40:00+05:30,85515.4296875,85566.3203125,85499.9765625,85501.390625,0.0
2025-11-26 13:45:00+05:30,85502.453125,85526.203125,85481.796875,85525.65625,0.0
2025-11-26 13:50:00+05:30,85527.4375,85538.609375,85455.8203125,85520.578125,0.0
2025-11-26 13:55:00+05:30,85520.578125,85587.0390625,85519.96875,85561.25,0.0
2025-11-26 14:00:00+05:30,85562.390625,85630.3203125,85537.421875,85616.2421875,0.0
2025-11-26 14:05:00+05:30,85617.1015625,85617.1015625,85503.796875,85606.703125,0.0
2025-11-26 14:10:00+05:30,85606.2578125,85618.0078125,85567.203125,85567.203125,0.0
2025-11-26 14:15:00+05:30,85566.3671875,85588.6875,85518.71875,85547.4765625,0.0
2025-11-26 14:20:00+05:30,85548.6875,85585.8125,85537.1796875,85564.5625,0.0
2025-11-26 14:25:00+05:30,85570.078125,85595.890625,85489.3125,85489.3125,0.0
2025-11-26 14:30:00+05:30,85488.796875,85542.203125,85485.65625,85529.15625,0.0
2025-11-26 14:35:00+05:30,85529.0078125,85547.6328125,85506.7265625,85531.9296875,0.0
2025-11-26 14:40:00+05:30,85531.5234375,85589.96875,85510.3515625,85537.609375,0.0
2025-11-26 14:45:00+05:30,85535.953125,85578.2890625,85514.890625,85536.2265625,0.0
2025-11-26 14:50:00+05:30,85536.6796875,85554.1015625,85452.609375,85528.390625,0.0
2025-11-26 14:55:00+05:30,85527.4921875,85596.796875,85525.6484375,85568.921875,0.0
2025-11-26 15:00:00+05:30,85570.7421875,85619.6875,85568.2421875,85592.203125,0.0
2025-11-26 15:05:00+05:30,85591.2578125,85643.703125,85554.8203125,85629.328125,0.0
2025-11-26 15:10:00+05:30,85629.90625,85630.953125,85608.7578125,85623.8984375,0.0
2025-11-26 15:15:00+05:30,85623.28125,85623.28125,85604.5078125,85606.2421875,0.0
2025-11-26 15:20:00+05:30,85606.2421875,85606.84375,85604.3125,85606.15625,0.0
2025-11-26 15:25:00+05:30,85606.15625,85609.7578125,85605.7421875,85609.328125,0.0
2025-11-27 09:15:00+05:30,85756.84375,85786.390625,85662.8203125,85786.390625,0.0
2025-11-27 09:20:00+05:30,85781.921875,85933.109375,85774.6171875,85869.71875,0.0
2025-11-27 09:25:00+05:30,85870.421875,85937.53125,85827.8828125,85920.6484375,0.0
2025-11-27 09:30:00+05:30,85922.0703125,85939.5625,85873.921875,85914.7578125,0.0
2025-11-27 09:35:00+05:30,85914.7578125,85914.7890625,85791.0390625,85791.0390625,0.0
2025-11-27 09:40:00+05:30,85785.1796875,85799.3984375,85716.3515625,85729.3515625,0.0
2025-11-27 09:45:00+05:30,85730.5078125,85812.828125,85711.3515625,85791.65625,0.0
2025-11-27 09:50:00+05:30,85791.71875,85860.609375,85768.9921875,85825.4296875,0.0
2025-11-27 09:55:00+05:30,85826.9921875,85942.71875,85826.9921875,85934.609375,0.0
2025-11-27 10:00:00+05:30,85935.703125,85974.953125,85899.8203125,85950.1328125,0.0
2025-11-27 10:05:00+05:30,85954.3828125,86024.4375,85952.7109375,85963.1796875,0.0
2025-11-27 10:10:00+05:30,85965.78125,85967.9765625,85871.8984375,85915.1171875,0.0
2025-11-27 10:15:00+05:30,85920.1875,85955.578125,85882.9765625,85919.6875,0.0
2025-11-27 10:20:00+05:30,85917.4296875,85960.1796875,85888.6875,85898.140625,0.0
2025-11-27 10:25:00+05:30,85897.109375,85934.828125,85871.0,85927.5078125,0.0
2025-11-27 10:30:00+05:30,85929.15625,85941.0703125,85883.609375,85904.8515625,0.0
2025-11-27 10:35:00+05:30,85904.859375,85961.1484375,85886.3515625,85953.953125,0.0
2025-11-27 10:40:00+05:30,85952.28125,85968.75,85915.0078125,85934.796875,0.0
2025-11-27 10:45:00+05:30,85933.4765625,86010.2109375,85932.96875,86005.90625,0.0
2025-11-27 10:50:00+05:30,86009.359375,86055.609375,85985.4375,85989.5,0.0
2025-11-27 10:55:00+05:30,85991.25,85991.25,85947.203125,85981.046875,0.0
2025-11-27 11:00:00+05:30,85980.25,86025.7578125,85960.46875,86001.3671875,0.0
2025-11-27 11:05:00+05:30,86000.84375,86039.8125,85990.0078125,86032.203125,0.0
2025-11-27 11:10:00+05:30,86031.7421875,86039.3984375,85980.953125,85990.7578125,0.0
2025-11-27 11:15:00+05:30,85997.34375,86032.90625,85939.421875,85959.71875,0.0
2025-11-27 11:20:00+05:30,85953.828125,85978.8125,85919.6015625,85959.1796875,0.0
2025-11-27 11:25:00+05:30,85961.4921875,85982.0390625,85932.3671875,85934.0390625,0.0
2025-11-27 11:30:00+05:30,85933.640625,85951.9921875,85888.7109375,85898.59375,0.0
2025-11-27 11:35:00+05:30,85899.8203125,85941.453125,85883.1875,85883.7578125,0.0
2025-11-27 11:40:00+05:30,85882.546875,85943.671875,85879.7421875,85899.6015625,0.0
2025-11-27 11:45:00+05:30,85897.859375,85931.03125,85791.890625,85806.421875,0.0
2025-11-27 11:50:00+05:30,85801.2578125,85847.0078125,85780.7890625,85800.6171875,0.0
2025-11-27 11:55:00+05:30,85801.5234375,85864.4296875,85795.03125,85814.796875,0.0
2025-11-27 12:00:00+05:30,85814.328125,85893.7734375,85812.8515625,85824.71875,0.0
2025-11-27 12:05:00+05:30,85824.609375,85842.109375,85778.578125,85837.1171875,0.0
2025-11-27 12:10:00+05:30,85840.203125,85840.3515625,85799.796875,85819.328125,0.0
2025-11-27 12:15:00+05:30,85818.1484375,85863.078125,85797.390625,85811.4609375,0.0
2025-11-27 12:20:00+05:30,85810.7578125,85858.7890625,85748.1328125,85748.1328125,0.0
2025-11-27 12:25:00+05:30,85745.1015625,85805.078125,85724.46875,85805.0390625,0.0
2025-11-27 12:30:00+05:30,85809.359375,85822.046875,85745.9765625,85776.921875,0.0
2025-11-27 12:35:00+05:30,85778.453125,85794.0703125,85746.7109375,85774.2109375,0.0
2025-11-27 12:40:00+05:30,85774.2109375,85848.5390625,85764.8125,85840.421875,0.0
2025-11-27 12:45:00+05:30,85840.421875,85866.5390625,85836.703125,85859.5078125,0.0
2025-11-27 12:50:00+05:30,85859.8671875,85894.828125,85791.0390625,85823.21875,0.0
2025-11-27 12:55:00+05:30,85823.5703125,85827.40625,85804.4921875,85813.46875,0.0
2025-11-27 13:00:00+05:30,85812.46875,85821.953125,85780.3125,85782.546875,0.0
2025-11-27 13:05:00+05:30,85782.546875,85786.46875,85740.6328125,85750.859375,0.0
2025-11-27 13:10:00+05:30,85749.9765625,85762.2109375,85581.6015625,85590.25,0.0
2025-11-27 13:15:00+05:30,85591.203125,85650.96875,85554.890625,85629.7109375,0.0
2025-11-27 13:20:00+05:30,85631.0234375,85679.0078125,85524.078125,85535.5,0.0
2025-11-27 13:25:00+05:30,85535.65625,85552.53125,85492.6171875,85541.578125,0.0
2025-11-27 13:30:00+05:30,85541.796875,85596.890625,85491.53125,85588.21875,0.0
2025-11-27 13:35:00+05:30,85574.1015625,85590.15625,85493.6484375,85532.65625,0.0
2025-11-27 13:40:00+05:30,85532.78125,85537.796875,85473.8515625,85506.5234375,0.0
2025-11-27 13:45:00+05:30,85506.9609375,85571.3671875,85485.796875,85564.40625,0.0
2025-11-27 13:50:00+05:30,85561.7578125,85609.296875,85539.34375,85604.0625,0.0
2025-11-27 13:55:00+05:30,85604.6328125,85649.7265625,85583.8828125,85626.1484375,0.0
2025-11-27 14:00:00+05:30,85622.6328125,85666.2734375,85565.6875,85598.8984375,0.0
2025-11-27 14:05:00+05:30,85600.140625,85655.828125,85599.4375,85645.0,0.0
2025-11-27 14:10:00+05:30,85639.890625,85665.046875,85608.296875,85631.59375,0.0
2025-11-27 14:15:00+05:30,85629.0390625,85690.6171875,85576.6484375,85622.0703125,0.0
2025-11-27 14:20:00+05:30,85625.0234375,85699.9921875,85625.0234375,85670.953125,0.0
2025-11-27 14:25:00+05:30,85670.953125,85742.2109375,85670.953125,85689.7421875,0.0
2025-11-27 14:30:00+05:30,85681.2890625,85751.890625,85611.7890625,85703.5,0.0
2025-11-27 14:35:00+05:30,85703.5,85744.71875,85691.8515625,85743.0,0.0
2025-11-27 14:40:00+05:30,85743.640625,85746.6328125,85664.09375,85721.890625,0.0
2025-11-27 14:45:00+05:30,85714.8515625,85715.9765625,85649.2734375,85649.2734375,0.0
2025-11-27 14:50:00+05:30,85650.46875,85654.0390625,85586.8828125,85606.8828125,0.0
2025-11-27 14:55:00+05:30,85604.296875,85681.96875,85587.0234375,85628.3984375,0.0
2025-11-27 15:00:00+05:30,85635.65625,85775.96875,85617.5703125,85740.7421875,0.0
2025-11-27 15:05:00+05:30,85740.2265625,85760.4765625,85665.7578125,85713.8203125,0.0
2025-11-27 15:10:00+05:30,85710.90625,85754.84375,85659.4609375,85727.1171875,0.0
2025-11-27 15:15:00+05:30,85726.75,85726.75,85704.15625,85706.2578125,0.0
2025-11-27 15:20:00+05:30,85706.2578125,85717.2265625,85706.0703125,85717.0625,0.0
2025-11-27 15:25:00+05:30,85717.0625,85720.3828125,85717.0625,85720.3828125,0.0
2025-11-28 09:15:00+05:30,85791.546875,85806.5078125,85579.1796875,85806.5078125,0.0
2025-11-28 09:20:00+05:30,85810.953125,85823.453125,85732.5703125,85741.4375,0.0
2025-11-28 09:25:00+05:30,85739.890625,85828.9296875,85696.546875,85785.796875,0.0
2025-11-28 09:30:00+05:30,85789.5,85858.84375,85765.5234375,85858.84375,0.0
2025-11-28 09:35:00+05:30,85858.9921875,85873.15625,85696.1171875,85712.2421875,0.0
2025-11-28 09:40:00+05:30,85711.7109375,85815.03125,85711.7109375,85764.328125,0.0
2025-11-28 09:45:00+05:30,85764.78125,85838.9375,85742.390625,85822.4921875,0.0
2025-11-28 09:50:00+05:30,85821.9921875,85867.2109375,85797.3203125,85864.0,0.0
2025-11-28 09:55:00+05:30,85862.96875,85873.4296875,85826.7109375,85861.8203125,0.0
2025-11-28 10:00:00+05:30,85861.328125,85899.53125,85856.65625,85887.4375,0.0
2025-11-28 10:05:00+05:30,85887.609375,85926.671875,85881.4296875,85904.3515625,0.0
2025-11-28 10:10:00+05:30,85902.3984375,85908.4765625,85835.8671875,85835.8671875,0.0
2025-11-28 10:15:00+05:30,85834.046875,85839.4609375,85784.34375,85798.046875,0.0
2025-11-28 10:20:00+05:30,85799.203125,85812.0,85762.546875,85767.7734375,0.0
2025-11-28 10:25:00+05:30,85765.8203125,85814.9296875,85752.0390625,85807.28125,0.0
2025-11-28 10:30:00+05:30,85808.34375,85877.6015625,85808.34375,85847.6875,0.0
2025-11-28 10:35:00+05:30,85854.78125,85931.1796875,85854.78125,85918.21875,0.0
2025-11-28 10:40:00+05:30,85923.9375,85954.25,85914.859375,85951.4375,0.0
2025-11-28 10:45:00+05:30,85951.1015625,85969.890625,85941.9609375,85949.7578125,0.0
2025-11-28 10:50:00+05:30,85949.21875,85949.21875,85913.609375,85935.3203125,0.0
2025-11-28 10:55:00+05:30,85929.2109375,85942.203125,85881.9609375,85888.6875,0.0
2025-11-28 11:00:00+05:30,85888.6875,85941.6328125,85876.78125,85903.8203125,0.0
2025-11-28 11:05:00+05:30,85904.9375,85919.703125,85866.5390625,85877.703125,0.0
2025-11-28 11:10:00+05:30,85877.703125,85932.0703125,85868.421875,85925.671875,0.0
2025-11-28 11:15:00+05:30,85928.1015625,85946.84375,85910.3515625,85911.3203125,0.0
2025-11-28 11:20:00+05:30,85911.078125,85917.0,85841.2890625,85841.2890625,0.0
2025-11-28 11:25:00+05:30,85841.2890625,85862.3125,85829.1484375,85844.9921875,0.0
2025-11-28 11:30:00+05:30,85845.5234375,85868.5078125,85841.078125,85853.1796875,0.0
2025-11-28 11:35:00+05:30,85851.671875,85858.796875,85824.2265625,85849.4921875,0.0
2025-11-28 11:40:00+05:30,85850.9375,85867.6328125,85818.25,85856.0625,0.0
2025-11-28 11:45:00+05:30,85852.0078125,85880.2109375,85852.0078125,85876.84375,0.0
2025-11-28 11:50:00+05:30,85876.59375,85877.53125,85843.0390625,85853.1796875,0.0
2025-11-28 11:55:00+05:30,85853.1484375,85879.046875,85839.6328125,85856.828125,0.0
2025-11-28 12:00:00+05:30,85849.0703125,85875.859375,85846.2265625,85855.2890625,0.0
2025-11-28 12:05:00+05:30,85857.1875,85858.65625,85805.7578125,85811.1796875,0.0
2025-11-28 12:10:00+05:30,85806.4296875,85838.453125,85804.3671875,85827.2421875,0.0
2025-11-28 12:15:00+05:30,85827.2421875,85833.3125,85790.796875,85791.6875,0.0
2025-11-28 12:20:00+05:30,85790.4375,85808.5390625,85749.7265625,85757.21875,0.0
2025-11-28 12:25:00+05:30,85756.9609375,85778.3828125,85752.1328125,85770.2109375,0.0
2025-11-28 12:30:00+05:30,85770.65625,85828.6796875,85760.2109375,85824.2734375,0.0
2025-11-28 12:35:00+05:30,85826.9609375,85842.1484375,85809.75,85831.6796875,0.0
2025-11-28 12:40:00+05:30,85833.1328125,85833.2421875,85796.109375,85815.359375,0.0
2025-11-28 12:45:00+05:30,85814.9375,85816.203125,85724.4375,85734.796875,0.0
2025-11-28 12:50:00+05:30,85734.5703125,85766.9609375,85727.4921875,85746.2265625,0.0
2025-11-28 12:55:00+05:30,85751.0703125,85800.296875,85751.0703125,85795.9921875,0.0
2025-11-28 13:00:00+05:30,85795.40625,85802.4765625,85763.8125,85777.0625,0.0
2025-11-28 13:05:00+05:30,85777.7421875,85794.75,85763.546875,85781.1796875,0.0
2025-11-28 13:10:00+05:30,85779.828125,85780.8515625,85754.8515625,85759.65625,0.0
2025-11-28 13:15:00+05:30,85760.0703125,85780.328125,85755.1171875,85757.078125,0.0
2025-11-28 13:20:00+05:30,85757.78125,85795.5703125,85723.921875,85790.0078125,0.0
2025-11-28 13:25:00+05:30,85790.203125,85798.890625,85771.6796875,85789.2109375,0.0
2025-11-28 13:30:00+05:30,85797.6015625,85829.0390625,85791.8203125,85825.890625,0.0
2025-11-28 13:35:00+05:30,85825.890625,85830.9765625,85788.21875,85806.453125,0.0
2025-11-28 13:40:00+05:30,85806.578125,85815.0625,85777.2109375,85791.1484375,0.0
2025-11-28 13:45:00+05:30,85787.90625,85787.90625,85730.421875,85740.703125,0.0
2025-11-28 13:50:00+05:30,85741.15625,85746.46875,85704.8515625,85737.1015625,0.0
2025-11-28 13:55:00+05:30,85744.8984375,85760.8203125,85719.7734375,85725.9375,0.0
2025-11-28 14:00:00+05:30,85725.9375,85763.0625,85725.9375,85757.9296875,0.0
2025-11-28 14:05:00+05:30,85758.421875,85765.3125,85714.9296875,85725.671875,0.0
2025-11-28 14:10:00+05:30,85725.671875,85736.2890625,85715.359375,85715.53125,0.0
2025-11-28 14:15:00+05:30,85717.8203125,85730.9765625,85688.546875,85705.671875,0.0
2025-11-28 14:20:00+05:30,85705.671875,85716.828125,85690.40625,85709.7109375,0.0
2025-11-28 14:25:00+05:30,85705.3984375,85728.9375,85703.09375,85721.1015625,0.0
2025-11-28 14:30:00+05:30,85718.9375,85778.796875,85715.609375,85745.71875,0.0
2025-11-28 14:35:00+05:30,85745.71875,85786.59375,85740.5703125,85769.640625,0.0
2025-11-28 14:40:00+05:30,85769.1796875,85773.3671875,85718.8515625,85722.84375,0.0
2025-11-28 14:45:00+05:30,85723.0390625,85743.3125,85717.4375,85721.46875,0.0
2025-11-28 14:50:00+05:30,85719.6484375,85740.5703125,85708.4296875,85730.1796875,0.0
2025-11-28 14:55:00+05:30,85730.1796875,85755.1875,85723.53125,85746.046875,0.0
2025-11-28 15:00:00+05:30,85746.171875,85748.9375,85707.15625,85744.140625,0.0
2025-11-28 15:05:00+05:30,85743.84375,85757.90625,85711.390625,85718.953125,0.0
2025-11-28 15:10:00+05:30,85719.5625,85727.671875,85691.796875,85694.9765625,0.0
2025-11-28 15:15:00+05:30,85695.75,85714.921875,85695.75,85710.5,0.0
2025-11-28 15:20:00+05:30,85710.5,85712.03125,85705.5703125,85706.640625,0.0
2025-11-28 15:25:00+05:30,85706.640625,85709.5390625,85706.59375,85707.46875,0.0
2025-12-01 09:15:00+05:30,86104.359375,86104.359375,85933.171875,85993.828125,0.0
2025-12-01 09:20:00+05:30,85997.6796875,86029.6328125,85957.1484375,86021.4375,0.0
2025-12-01 09:25:00+05:30,86016.546875,86022.53125,85961.0234375,85977.7421875,0.0
2025-12-01 09:30:00+05:30,85971.6171875,86052.6171875,85969.65625,86048.25,0.0
2025-12-01 09:35:00+05:30,86047.7109375,86091.8515625,86018.5625,86086.1796875,0.0
2025-12-01 09:40:00+05:30,86085.5078125,86109.3984375,85982.5625,86007.7421875,0.0
2025-12-01 09:45:00+05:30,86012.7578125,86036.296875,85981.2109375,86034.0390625,0.0
2025-12-01 09:50:00+05:30,86036.0703125,86037.15625,85950.5234375,85956.890625,0.0
2025-12-01 09:55:00+05:30,85957.5625,85984.2734375,85935.0625,85935.0625,0.0
2025-12-01 10:00:00+05:30,85941.3984375,85996.796875,85940.25,85994.3828125,0.0
2025-12-01 10:05:00+05:30,85995.65625,86019.96875,85990.4609375,86008.6015625,0.0
2025-12-01 10:10:00+05:30,86005.671875,86019.1796875,85989.0703125,86005.7109375,0.0
2025-12-01 10:15:00+05:30,86007.7578125,86020.8984375,85955.359375,85977.6015625,0.0
2025-12-01 10:20:00+05:30,85986.328125,85986.328125,85960.4921875,85961.3125,0.0
2025-12-01 10:25:00+05:30,85957.3125,85978.859375,85939.78125,85976.578125,0.0
2025-12-01 10:30:00+05:30,85977.2890625,85999.7265625,85955.328125,85957.2265625,0.0
2025-12-01 10:35:00+05:30,85955.8203125,85975.9375,85911.8125,85912.9921875,0.0
2025-12-01 10:40:00+05:30,85911.109375,85940.171875,85898.796875,85903.109375,0.0
2025-12-01 10:45:00+05:30,85902.2109375,85907.21875,85868.4765625,85874.828125,0.0
2025-12-01 10:50:00+05:30,85874.828125,85875.8125,85810.6796875,85818.6015625,0.0
2025-12-01 10:55:00+05:30,85818.9765625,85849.8125,85814.6328125,85849.8125,0.0
2025-12-01 11:00:00+05:30,85849.8125,85849.921875,85786.1015625,85799.046875,0.0
2025-12-01 11:05:00+05:30,85797.3828125,85830.703125,85795.8984375,85805.140625,0.0
2025-12-01 11:10:00+05:30,85807.8515625,85859.9765625,85807.46875,85859.359375,0.0
2025-12-01 11:15:00+05:30,85860.5625,85875.0078125,85845.859375,85845.859375,0.0
2025-12-01 11:20:00+05:30,85848.296875,85876.796875,85838.1015625,85874.4921875,0.0
2025-12-01 11:25:00+05:30,85875.21875,85891.421875,85854.921875,85884.5390625,0.0
2025-12-01 11:30:00+05:30,85885.03125,85934.6015625,85872.1328125,85929.828125,0.0
2025-12-01 11:35:00+05:30,85930.4765625,85934.2421875,85896.7265625,85919.3203125,0.0
2025-12-01 11:40:00+05:30,85919.2265625,85934.6328125,85750.7578125,85757.703125,0.0
2025-12-01 11:45:00+05:30,85758.78125,85763.0078125,85649.8828125,85688.578125,0.0
2025-12-01 11:50:00+05:30,85686.390625,85737.921875,85662.96875,85719.0390625,0.0
2025-12-01 11:55:00+05:30,85719.0390625,85770.09375,85719.0390625,85755.28125,0.0
2025-12-01 12:00:00+05:30,85754.4609375,85771.7734375,85708.0078125,85717.0078125,0.0
2025-12-01 12:05:00+05:30,85711.0,85711.5625,85643.25,85643.25,0.0
2025-12-01 12:10:00+05:30,85638.03125,85662.296875,85615.90625,85637.6328125,0.0
2025-12-01 12:15:00+05:30,85639.5703125,85639.5703125,85606.84375,85613.8203125,0.0
2025-12-01 12:20:00+05:30,85614.96875,85646.7109375,85585.75,85645.6328125,0.0
2025-12-01 12:25:00+05:30,85645.2890625,85670.1875,85628.21875,85670.1875,0.0
2025-12-01 12:30:00+05:30,85667.84375,85677.5390625,85572.390625,85583.8515625,0.0
2025-12-01 12:35:00+05:30,85583.796875,85598.4296875,85557.890625,85567.546875,0.0
2025-12-01 12:40:00+05:30,85568.3984375,85620.2265625,85561.1875,85593.578125,0.0
2025-12-01 12:45:00+05:30,85594.796875,85605.4375,85550.7421875,85559.7734375,0.0
2025-12-01 12:50:00+05:30,85559.2421875,85639.203125,85559.2421875,85635.390625,0.0
2025-12-01 12:55:00+05:30,85637.03125,85668.2109375,85602.53125,85664.6875,0.0
2025-12-01 13:00:00+05:30,85668.0625,85675.0078125,85618.0,85652.046875,0.0
2025-12-01 13:05:00+05:30,85653.7265625,85660.453125,85621.0,85624.5078125,0.0
2025-12-01 13:10:00+05:30,85625.328125,85668.3984375,85623.15625,85667.65625,0.0
2025-12-01 13:15:00+05:30,85670.4375,85695.9375,85659.9765625,85691.2734375,0.0
2025-12-01 13:20:00+05:30,85691.2734375,85693.890625,85629.2265625,85631.78125,0.0
2025-12-01 13:25:00+05:30,85633.953125,85638.046875,85606.078125,85631.2890625,0.0
2025-12-01 13:30:00+05:30,85632.3515625,85644.453125,85600.578125,85602.40625,0.0
2025-12-01 13:35:00+05:30,85601.8125,85662.3515625,85599.0234375,85650.0703125,0.0
2025-12-01 13:40:00+05:30,85650.6328125,85687.6328125,85629.9765625,85685.078125,0.0
2025-12-01 13:45:00+05:30,85684.1796875,85687.0625,85647.40625,85686.140625,0.0
2025-12-01 13:50:00+05:30,85687.3515625,85695.0625,85671.59375,85683.328125,0.0
2025-12-01 13:55:00+05:30,85683.328125,85684.3671875,85647.0703125,85664.6015625,0.0
2025-12-01 14:00:00+05:30,85664.390625,85780.09375,85660.546875,85771.109375,0.0
2025-12-01 14:05:00+05:30,85769.796875,85800.3984375,85748.7421875,85749.96875,0.0
2025-12-01 14:10:00+05:30,85749.9375,85762.3203125,85726.7265625,85758.640625,0.0
2025-12-01 14:15:00+05:30,85756.09375,85765.9609375,85721.2890625,85731.921875,0.0
2025-12-01 14:20:00+05:30,85733.7421875,85745.3984375,85707.7109375,85719.4375,0.0
2025-12-01 14:25:00+05:30,85718.15625,85743.03125,85709.171875,85733.3515625,0.0
2025-12-01 14:30:00+05:30,85720.78125,85726.4765625,85675.2890625,85692.4765625,0.0
2025-12-01 14:35:00+05:30,85692.5703125,85713.1015625,85661.046875,85663.890625,0.0
2025-12-01 14:40:00+05:30,85662.078125,85676.3515625,85632.21875,85632.34375,0.0
2025-12-01 14:45:00+05:30,85632.296875,85649.0625,85629.921875,85645.9609375,0.0
2025-12-01 14:50:00+05:30,85645.9609375,85655.8125,85544.9609375,85552.2890625,0.0
2025-12-01 14:55:00+05:30,85554.0078125,85559.1015625,85490.0,85528.53125,0.0
2025-12-01 15:00:00+05:30,85551.546875,85656.4375,85518.71875,85654.7890625,0.0
2025-12-01 15:05:00+05:30,85652.7734375,85666.4765625,85628.6484375,85642.953125,0.0
2025-12-01 15:10:00+05:30,85648.21875,85684.421875,85638.828125,85640.578125,0.0
2025-12-01 15:15:00+05:30,85642.40625,85642.40625,85625.28125,85628.0,0.0
2025-12-01 15:20:00+05:30,85628.0,85634.46875,85627.7265625,85634.2578125,0.0
2025-12-01 15:25:00+05:30,85634.2578125,85642.0625,85634.109375,85641.9765625,0.0
2025-12-02 09:15:00+05:30,85265.390625,85538.03125,85265.390625,85515.2890625,0.0
2025-12-02 09:20:00+05:30,85509.8125,85551.1328125,85494.53125,85521.7890625,0.0
2025-12-02 09:25:00+05:30,85513.3828125,85524.2578125,85451.46875,85454.328125,0.0
2025-12-02 09:30:00+05:30,85454.1875,85470.53125,85401.4375,85419.7890625,0.0
2025-12-02 09:35:00+05:30,85409.4375,85426.9609375,85371.7109375,85388.453125,0.0
2025-12-02 09:40:00+05:30,85378.7109375,85394.0703125,85297.28125,85301.796875,0.0
2025-12-02 09:45:00+05:30,85299.671875,85351.0390625,85289.4921875,85290.4296875,0.0
2025-12-02 09:50:00+05:30,85289.3203125,85306.8828125,85266.3203125,85298.0,0.0
2025-12-02 09:55:00+05:30,85301.1015625,85343.8984375,85297.25,85303.7890625,0.0
2025-12-02 10:00:00+05:30,85304.25,85316.7421875,85271.6015625,85308.859375,0.0
2025-12-02 10:05:00+05:30,85313.53125,85328.4375,85290.8515625,85303.4765625,0.0
2025-12-02 10:10:00+05:30,85302.8671875,85303.5390625,85251.5,85265.1328125,0.0
2025-12-02 10:15:00+05:30,85264.8203125,85271.0,85215.53125,85253.5390625,0.0
2025-12-02 10:20:00+05:30,85254.890625,85312.078125,85253.3984375,85284.53125,0.0
2025-12-02 10:25:00+05:30,85286.1484375,85321.4921875,85285.5078125,85310.7421875,0.0
2025-12-02 10:30:00+05:30,85310.546875,85341.0,85304.4609375,85340.59375,0.0
2025-12-02 10:35:00+05:30,85342.9921875,85354.3125,85322.6796875,85333.09375,0.0
2025-12-02 10:40:00+05:30,85327.109375,85367.2734375,85298.359375,85311.640625,0.0
2025-12-02 10:45:00+05:30,85311.640625,85314.921875,85280.296875,85302.5390625,0.0
2025-12-02 10:50:00+05:30,85299.3984375,85378.34375,85299.0625,85361.9765625,0.0
2025-12-02 10:55:00+05:30,85361.3671875,85372.7421875,85340.40625,85371.8515625,0.0
2025-12-02 11:00:00+05:30,85372.7109375,85384.109375,85337.0390625,85383.0234375,0.0
2025-12-02 11:05:00+05:30,85383.0234375,85387.578125,85356.0703125,85377.609375,0.0
2025-12-02 11:10:00+05:30,85373.9765625,85380.328125,85317.546875,85317.7890625,0.0
2025-12-02 11:15:00+05:30,85312.53125,85327.203125,85296.7734375,85323.8828125,0.0
2025-12-02 11:20:00+05:30,85323.8828125,85326.640625,85278.046875,85325.3671875,0.0
2025-12-02 11:25:00+05:30,85320.859375,85337.7265625,85280.5,85280.8515625,0.0
2025-12-02 11:30:00+05:30,85282.0703125,85291.1328125,85269.25,85270.2109375,0.0
2025-12-02 11:35:00+05:30,85270.4921875,85298.703125,85265.2578125,85287.0390625,0.0
2025-12-02 11:40:00+05:30,85286.7421875,85296.9921875,85263.796875,85273.296875,0.0
2025-12-02 11:45:00+05:30,85274.4609375,85283.4921875,85253.4609375,85280.3125,0.0
2025-12-02 11:50:00+05:30,85280.3125,85292.4921875,85231.359375,85239.7109375,0.0
2025-12-02 11:55:00+05:30,85239.4921875,85247.46875,85211.0390625,85235.859375,0.0
2025-12-02 12:00:00+05:30,85235.546875,85241.8671875,85194.59375,85224.46875,0.0
2025-12-02 12:05:00+05:30,85218.65625,85244.8515625,85196.9375,85234.6875,0.0
2025-12-02 12:10:00+05:30,85233.390625,85261.171875,85221.0390625,85233.578125,0.0
2025-12-02 12:15:00+05:30,85232.859375,85260.34375,85214.25,85246.2734375,0.0
2025-12-02 12:20:00+05:30,85245.4921875,85271.296875,85236.3671875,85262.5390625,0.0
2025-12-02 12:25:00+05:30,85263.2421875,85292.84375,85246.9921875,85281.078125,0.0
2025-12-02 12:30:00+05:30,85289.421875,85305.7890625,85260.5390625,85304.9765625,0.0
2025-12-02 12:35:00+05:30,85305.1796875,85338.2578125,85295.4921875,85305.7421875,0.0
2025-12-02 12:40:00+05:30,85305.7421875,85308.71875,85252.7109375,85258.7421875,0.0
2025-12-02 12:45:00+05:30,85259.4375,85264.5078125,85225.171875,85234.6328125,0.0
2025-12-02 12:50:00+05:30,85234.0390625,85237.1328125,85211.3515625,85219.3984375,0.0
2025-12-02 12:55:00+05:30,85221.25,85221.25,85185.453125,85188.0234375,0.0
2025-12-02 13:00:00+05:30,85188.0234375,85207.859375,85185.4765625,85207.640625,0.0
2025-12-02 13:05:00+05:30,85206.0703125,85229.2890625,85169.203125,85229.2890625,0.0
2025-12-02 13:10:00+05:30,85230.28125,85232.3203125,85172.1328125,85179.3984375,0.0
2025-12-02 13:15:00+05:30,85178.578125,85183.28125,85161.5234375,85168.671875,0.0
2025-12-02 13:20:00+05:30,85169.0078125,85205.7109375,85156.6875,85203.796875,0.0
2025-12-02 13:25:00+05:30,85206.8203125,85210.921875,85160.0078125,85160.0078125,0.0
2025-12-02 13:30:00+05:30,85160.0078125,85178.7890625,85150.6796875,85178.53125,0.0
2025-12-02 13:35:00+05:30,85178.53125,85186.28125,85144.0390625,85164.8828125,0.0
2025-12-02 13:40:00+05:30,85166.171875,85173.4609375,85147.328125,85161.0,0.0
2025-12-02 13:45:00+05:30,85160.5703125,85186.7421875,85141.09375,85175.03125,0.0
2025-12-02 13:50:00+05:30,85174.421875,85211.3515625,85167.359375,85187.7890625,0.0
2025-12-02 13:55:00+05:30,85185.0078125,85227.828125,85168.3515625,85222.6484375,0.0
2025-12-02 14:00:00+05:30,85224.2890625,85231.0390625,85180.171875,85215.921875,0.0
2025-12-02 14:05:00+05:30,85217.71875,85232.3515625,85164.2421875,85223.25,0.0
2025-12-02 14:10:00+05:30,85222.4765625,85234.96875,85182.921875,85182.921875,0.0
2025-12-02 14:15:00+05:30,85188.0234375,85198.9609375,85157.3515625,85173.0390625,0.0
2025-12-02 14:20:00+05:30,85173.671875,85191.21875,85136.921875,85139.5703125,0.0
2025-12-02 14:25:00+05:30,85146.65625,85202.2265625,85138.703125,85181.3828125,0.0
2025-12-02 14:30:00+05:30,85180.65625,85183.453125,85136.4375,85169.4375,0.0
2025-12-02 14:35:00+05:30,85169.796875,85176.5390625,85053.0,85089.109375,0.0
2025-12-02 14:40:00+05:30,85089.109375,85091.3671875,85057.1484375,85070.328125,0.0
2025-12-02 14:45:00+05:30,85069.5234375,85091.6015625,85062.453125,85091.6015625,0.0
2025-12-02 14:50:00+05:30,85090.2578125,85125.7734375,85085.546875,85085.546875,0.0
2025-12-02 14:55:00+05:30,85086.4375,85095.6796875,85053.21875,85073.34375,0.0
2025-12-02 15:00:00+05:30,85085.4921875,85126.3515625,85073.390625,85123.53125,0.0
2025-12-02 15:05:00+05:30,85122.4609375,85132.3984375,85092.859375,85121.2890625,0.0
2025-12-02 15:10:00+05:30,85119.6796875,85167.0234375,85116.5390625,85149.859375,0.0
2025-12-02 15:15:00+05:30,85146.9921875,85146.9921875,85109.3828125,85114.359375,0.0
2025-12-02 15:20:00+05:30,85114.359375,85125.9765625,85113.546875,85125.859375,0.0
2025-12-02 15:25:00+05:30,85125.859375,85138.2734375,85125.546875,85138.2734375,0.0
2025-12-03 09:15:00+05:30,85116.421875,85269.6796875,85086.6328125,85189.84375,0.0
2025-12-03 09:20:00+05:30,85190.1875,85190.1875,85104.8203125,85107.8515625,0.0
2025-12-03 09:25:00+05:30,85106.7109375,85116.3984375,84932.203125,84947.6484375,0.0
2025-12-03 09:30:00+05:30,84947.5390625,84997.1171875,84865.7890625,84866.0390625,0.0
2025-12-03 09:35:00+05:30,84863.328125,84891.359375,84826.3984375,84835.3203125,0.0
2025-12-03 09:40:00+05:30,84836.9375,84924.703125,84830.203125,84897.2578125,0.0
2025-12-03 09:45:00+05:30,84903.28125,84916.03125,84870.1796875,84885.078125,0.0
2025-12-03 09:50:00+05:30,84886.296875,84908.359375,84843.0703125,84908.2265625,0.0
2025-12-03 09:55:00+05:30,84908.5234375,84943.1015625,84892.7734375,84942.671875,0.0
2025-12-03 10:00:00+05:30,84942.7109375,84943.1171875,84798.5625,84807.90625,0.0
2025-12-03 10:05:00+05:30,84806.4921875,84824.0078125,84765.3125,84802.609375,0.0
2025-12-03 10:10:00+05:30,84802.7578125,84872.1171875,84793.3125,84858.359375,0.0
2025-12-03 10:15:00+05:30,84860.5390625,84868.203125,84791.1875,84805.03125,0.0
2025-12-03 10:20:00+05:30,84807.4375,84924.84375,84804.5078125,84858.8203125,0.0
2025-12-03 10:25:00+05:30,84859.3984375,84904.296875,84845.84375,84858.65625,0.0
2025-12-03 10:30:00+05:30,84858.5234375,84883.59375,84847.78125,84881.4609375,0.0
2025-12-03 10:35:00+05:30,84882.328125,84885.2890625,84835.8515625,84851.640625,0.0
2025-12-03 10:40:00+05:30,84841.578125,84841.578125,84769.0703125,84801.53125,0.0
2025-12-03 10:45:00+05:30,84799.40625,84833.7421875,84784.4921875,84813.3203125,0.0
2025-12-03 10:50:00+05:30,84810.703125,84849.4765625,84795.421875,84847.6328125,0.0
2025-12-03 10:55:00+05:30,84847.7265625,84866.0625,84825.03125,84863.90625,0.0
2025-12-03 11:00:00+05:30,84857.828125,84884.171875,84837.609375,84853.53125,0.0
2025-12-03 11:05:00+05:30,84851.3984375,84852.0,84799.5390625,84832.28125,0.0
2025-12-03 11:10:00+05:30,84830.0,84866.3203125,84822.9609375,84860.5234375,0.0
2025-12-03 11:15:00+05:30,84860.34375,84860.34375,84831.390625,84840.3515625,0.0
2025-12-03 11:20:00+05:30,84839.0,84842.2734375,84773.203125,84782.9375,0.0
2025-12-03 11:25:00+05:30,84779.2890625,84837.796875,84779.2890625,84825.2421875,0.0
2025-12-03 11:30:00+05:30,84826.046875,84864.4765625,84820.2890625,84861.71875,0.0
2025-12-03 11:35:00+05:30,84861.6015625,84944.8671875,84860.8515625,84942.796875,0.0
2025-12-03 11:40:00+05:30,84941.65625,84951.421875,84889.5703125,84896.7421875,0.0
2025-12-03 11:45:00+05:30,84893.59375,84930.0234375,84893.59375,84922.453125,0.0
2025-12-03 11:50:00+05:30,84920.921875,84925.3984375,84896.6015625,84911.0703125,0.0
2025-12-03 11:55:00+05:30,84910.2109375,84913.9296875,84872.7578125,84875.796875,0.0
2025-12-03 12:00:00+05:30,84876.2109375,84943.3515625,84876.2109375,84930.671875,0.0
2025-12-03 12:05:00+05:30,84930.53125,84941.7265625,84907.5390625,84930.8671875,0.0
2025-12-03 12:10:00+05:30,84931.96875,84984.2578125,84918.9921875,84964.5078125,0.0
2025-12-03 12:15:00+05:30,84964.5078125,84996.5703125,84937.921875,84993.453125,0.0
2025-12-03 12:20:00+05:30,84990.640625,85003.8203125,84982.0625,84992.2109375,0.0
2025-12-03 12:25:00+05:30,84991.3984375,84991.3984375,84940.0390625,84945.65625,0.0
2025-12-03 12:30:00+05:30,84946.7109375,84947.1484375,84890.0078125,84894.0,0.0
2025-12-03 12:35:00+05:30,84891.109375,84896.0,84866.4375,84866.4375,0.0
2025-12-03 12:40:00+05:30,84860.78125,84872.953125,84832.6875,84855.609375,0.0
2025-12-03 12:45:00+05:30,84855.1015625,84885.7265625,84851.2421875,84858.96875,0.0
2025-12-03 12:50:00+05:30,84858.96875,84875.609375,84851.59375,84872.96875,0.0
2025-12-03 12:55:00+05:30,84874.078125,84897.9375,84858.7734375,84888.8671875,0.0
2025-12-03 13:00:00+05:30,84888.8671875,84909.4296875,84885.453125,84906.0,0.0
2025-12-03 13:05:00+05:30,84906.0,84910.0,84870.453125,84876.203125,0.0
2025-12-03 13:10:00+05:30,84875.40625,84904.1015625,84875.40625,84896.796875,0.0
2025-12-03 13:15:00+05:30,84896.3125,84904.296875,84848.3515625,84862.3984375,0.0
2025-12-03 13:20:00+05:30,84863.4609375,84876.6484375,84854.28125,84864.53125,0.0
2025-12-03 13:25:00+05:30,84865.7890625,84919.7265625,84862.2265625,84910.4375,0.0
2025-12-03 13:30:00+05:30,84907.40625,84947.8984375,84901.3984375,84935.3203125,0.0
2025-12-03 13:35:00+05:30,84935.3203125,84963.2421875,84900.3671875,84937.203125,0.0
2025-12-03 13:40:00+05:30,84940.8515625,84953.8125,84893.4765625,84894.8515625,0.0
2025-12-03 13:45:00+05:30,84895.3203125,84910.15625,84819.8203125,84827.671875,0.0
2025-12-03 13:50:00+05:30,84827.671875,84858.2890625,84801.9921875,84832.1484375,0.0
2025-12-03 13:55:00+05:30,84832.453125,84846.3125,84826.9921875,84837.5,0.0
2025-12-03 14:00:00+05:30,84838.09375,84845.078125,84808.2265625,84842.890625,0.0
2025-12-03 14:05:00+05:30,84845.9765625,84962.7109375,84845.9765625,84927.8515625,0.0
2025-12-03 14:10:00+05:30,84928.5703125,84959.9921875,84909.609375,84953.2421875,0.0
2025-12-03 14:15:00+05:30,84958.9765625,84966.953125,84926.546875,84940.3515625,0.0
2025-12-03 14:20:00+05:30,84940.578125,84991.9765625,84927.2265625,84990.1484375,0.0
2025-12-03 14:25:00+05:30,84988.5078125,84994.1484375,84899.0234375,84906.0234375,0.0
2025-12-03 14:30:00+05:30,84906.0234375,84944.796875,84893.9375,84919.671875,0.0
2025-12-03 14:35:00+05:30,84924.1875,84947.5625,84895.3125,84935.84375,0.0
2025-12-03 14:40:00+05:30,84933.4765625,84985.203125,84932.34375,84962.671875,0.0
2025-12-03 14:45:00+05:30,84963.59375,84992.796875,84950.4296875,84983.71875,0.0
2025-12-03 14:50:00+05:30,84980.640625,85047.1015625,84979.59375,85042.5234375,0.0
2025-12-03 14:55:00+05:30,85042.328125,85071.1015625,85032.1171875,85064.65625,0.0
2025-12-03 15:00:00+05:30,85065.140625,85111.828125,85046.3203125,85055.2265625,0.0
2025-12-03 15:05:00+05:30,85054.3515625,85123.2578125,85054.3515625,85114.4375,0.0
2025-12-03 15:10:00+05:30,85120.21875,85174.34375,85120.21875,85129.5,0.0
2025-12-03 15:15:00+05:30,85121.2890625,85121.2890625,85105.578125,85105.828125,0.0
2025-12-03 15:20:00+05:30,85105.828125,85108.0,85105.1796875,85106.6875,0.0
2025-12-03 15:25:00+05:30,85106.71875,85107.7109375,85104.90625,85106.8125,0.0
2025-12-04 09:15:00+05:30,84998.5078125,85081.2265625,84950.9921875,85003.546875,0.0
2025-12-04 09:20:00+05:30,85002.6484375,85134.578125,84965.890625,85130.8671875,0.0
2025-12-04 09:25:00+05:30,85130.71875,85148.03125,85074.3984375,85148.03125,0.0
2025-12-04 09:30:00+05:30,85147.109375,85166.34375,85097.2578125,85166.34375,0.0
2025-12-04 09:35:00+05:30,85165.2421875,85257.6171875,85165.2421875,85192.1875,0.0
2025-12-04 09:40:00+05:30,85194.2265625,85254.7109375,85148.453125,85253.78125,0.0
2025-12-04 09:45:00+05:30,85245.390625,85264.7265625,85204.5,85216.6328125,0.0
2025-12-04 09:50:00+05:30,85217.3984375,85281.296875,85205.3828125,85256.328125,0.0
2025-12-04 09:55:00+05:30,85249.578125,85297.4296875,85235.0,85235.0,0.0
2025-12-04 10:00:00+05:30,85234.8203125,85287.4921875,85219.7265625,85258.9765625,0.0
2025-12-04 10:05:00+05:30,85256.28125,85309.6796875,85218.953125,85267.9375,0.0
2025-12-04 10:10:00+05:30,85268.4921875,85324.171875,85243.4921875,85319.78125,0.0
2025-12-04 10:15:00+05:30,85321.328125,85321.8984375,85274.2578125,85304.4921875,0.0
2025-12-04 10:20:00+05:30,85309.09375,85345.03125,85293.9375,85326.03125,0.0
2025-12-04 10:25:00+05:30,85325.6796875,85405.4609375,85325.6796875,85405.3515625,0.0
2025-12-04 10:30:00+05:30,85404.4609375,85456.046875,85404.4609375,85426.6171875,0.0
2025-12-04 10:35:00+05:30,85428.4296875,85486.90625,85419.5390625,85430.9765625,0.0
2025-12-04 10:40:00+05:30,85444.640625,85480.328125,85441.9765625,85467.671875,0.0
2025-12-04 10:45:00+05:30,85467.34375,85482.7421875,85410.703125,85421.5390625,0.0
2025-12-04 10:50:00+05:30,85419.9765625,85427.9609375,85391.609375,85398.0703125,0.0
2025-12-04 10:55:00+05:30,85401.046875,85444.78125,85392.0625,85401.4296875,0.0
2025-12-04 11:00:00+05:30,85402.0078125,85438.4296875,85392.0703125,85421.8203125,0.0
2025-12-04 11:05:00+05:30,85421.6796875,85440.859375,85388.0234375,85413.4765625,0.0
2025-12-04 11:10:00+05:30,85413.5390625,85419.8671875,85375.9609375,85408.0625,0.0
2025-12-04 11:15:00+05:30,85408.6796875,85423.1796875,85361.8671875,85373.65625,0.0
2025-12-04 11:20:00+05:30,85376.890625,85394.90625,85352.21875,85366.71875,0.0
2025-12-04 11:25:00+05:30,85366.71875,85383.8828125,85340.75,85340.75,0.0
2025-12-04 11:30:00+05:30,85346.1875,85376.2578125,85330.703125,85376.2578125,0.0
2025-12-04 11:35:00+05:30,85375.71875,85376.390625,85250.0703125,85254.6015625,0.0
2025-12-04 11:40:00+05:30,85256.90625,85291.03125,85211.90625,85230.2578125,0.0
2025-12-04 11:45:00+05:30,85238.828125,85282.953125,85182.1328125,85270.4921875,0.0
2025-12-04 11:50:00+05:30,85269.3984375,85271.046875,85186.078125,85189.15625,0.0
2025-12-04 11:55:00+05:30,85189.5,85239.65625,85186.4375,85213.546875,0.0
2025-12-04 12:00:00+05:30,85213.59375,85279.5078125,85213.59375,85249.3671875,0.0
2025-12-04 12:05:00+05:30,85250.171875,85304.796875,85242.03125,85242.03125,0.0
2025-12-04 12:10:00+05:30,85242.390625,85292.5703125,85200.828125,85221.65625,0.0
2025-12-04 12:15:00+05:30,85226.0078125,85239.3203125,85190.546875,85213.046875,0.0
2025-12-04 12:20:00+05:30,85210.203125,85243.8125,85139.4609375,85214.15625,0.0
2025-12-04 12:25:00+05:30,85214.15625,85265.9296875,85210.6796875,85221.7421875,0.0
2025-12-04 12:30:00+05:30,85222.359375,85258.4921875,85215.75,85240.7265625,0.0
2025-12-04 12:35:00+05:30,85238.953125,85251.3125,85211.3828125,85215.390625,0.0
2025-12-04 12:40:00+05:30,85219.7578125,85257.4609375,85170.8828125,85173.0390625,0.0
2025-12-04 12:45:00+05:30,85173.0390625,85190.09375,85087.8125,85121.609375,0.0
2025-12-04 12:50:00+05:30,85121.703125,85154.9296875,85105.59375,85119.078125,0.0
2025-12-04 12:55:00+05:30,85115.9296875,85185.5625,85115.9296875,85158.0,0.0
2025-12-04 13:00:00+05:30,85158.3515625,85173.9921875,85124.3828125,85159.03125,0.0
2025-12-04 13:05:00+05:30,85159.75,85172.5390625,85124.0234375,85140.609375,0.0
2025-12-04 13:10:00+05:30,85139.4609375,85156.328125,85097.5703125,85125.1796875,0.0
2025-12-04 13:15:00+05:30,85123.0,85157.296875,85104.34375,85129.6484375,0.0
2025-12-04 13:20:00+05:30,85129.890625,85207.921875,85099.0390625,85180.3515625,0.0
2025-12-04 13:25:00+05:30,85182.3671875,85216.078125,85164.046875,85186.03125,0.0
2025-12-04 13:30:00+05:30,85196.53125,85215.109375,85141.1015625,85141.1015625,0.0
2025-12-04 13:35:00+05:30,85141.1015625,85141.828125,85017.6015625,85064.421875,0.0
2025-12-04 13:40:00+05:30,85067.703125,85068.8203125,85023.0703125,85051.21875,0.0
2025-12-04 13:45:00+05:30,85054.140625,85072.671875,85042.1796875,85065.921875,0.0
2025-12-04 13:50:00+05:30,85067.1484375,85097.28125,85027.03125,85052.828125,0.0
2025-12-04 13:55:00+05:30,85053.3125,85074.953125,85017.671875,85047.28125,0.0
2025-12-04 14:00:00+05:30,85047.6796875,85110.46875,85035.03125,85095.578125,0.0
2025-12-04 14:05:00+05:30,85096.046875,85145.046875,85050.4375,85138.578125,0.0
2025-12-04 14:10:00+05:30,85141.609375,85213.953125,85123.59375,85157.21875,0.0
2025-12-04 14:15:00+05:30,85154.640625,85188.203125,85116.8671875,85118.140625,0.0
2025-12-04 14:20:00+05:30,85118.1015625,85161.7734375,85104.65625,85148.21875,0.0
2025-12-04 14:25:00+05:30,85149.359375,85206.4296875,85134.078125,85178.7421875,0.0
2025-12-04 14:30:00+05:30,85175.8671875,85222.109375,85166.71875,85179.25,0.0
2025-12-04 14:35:00+05:30,85178.9921875,85202.171875,85130.0234375,85202.171875,0.0
2025-12-04 14:40:00+05:30,85202.296875,85234.0234375,85151.15625,85157.9296875,0.0
2025-12-04 14:45:00+05:30,85158.9609375,85169.0625,85107.5625,85145.0078125,0.0
2025-12-04 14:50:00+05:30,85147.2109375,85269.78125,85139.71875,85218.1484375,0.0
2025-12-04 14:55:00+05:30,85221.7890625,85296.9921875,85217.703125,85280.4375,0.0
2025-12-04 15:00:00+05:30,85281.4765625,85375.1796875,85281.4765625,85313.65625,0.0
2025-12-04 15:05:00+05:30,85319.7421875,85357.34375,85264.578125,85285.1796875,0.0
2025-12-04 15:10:00+05:30,85288.34375,85343.578125,85237.8828125,85265.828125,0.0
2025-12-04 15:15:00+05:30,85254.140625,85310.5390625,85254.140625,85288.046875,0.0
2025-12-04 15:20:00+05:30,85288.046875,85288.5078125,85270.0625,85270.78125,0.0
2025-12-04 15:25:00+05:30,85270.78125,85270.78125,85265.609375,85265.609375,0.0
2025-12-05 09:15:00+05:30,85165.640625,85286.9375,85093.296875,85278.8984375,0.0
2025-12-05 09:20:00+05:30,85283.8515625,85317.3828125,85233.6875,85261.5078125,0.0
2025-12-05 09:25:00+05:30,85267.171875,85295.4375,85215.78125,85267.4765625,0.0
2025-12-05 09:30:00+05:30,85267.53125,85295.140625,85236.5703125,85294.6171875,0.0
2025-12-05 09:35:00+05:30,85295.2265625,85325.7734375,85233.3828125,85269.0703125,0.0
2025-12-05 09:40:00+05:30,85268.4921875,85306.2578125,85246.2578125,85298.4375,0.0
2025-12-05 09:45:00+05:30,85298.796875,85351.15625,85291.3125,85332.8828125,0.0
2025-12-05 09:50:00+05:30,85332.2890625,85332.7578125,85283.09375,85290.25,0.0
2025-12-05 09:55:00+05:30,85292.7109375,85293.796875,85218.0078125,85232.859375,0.0
2025-12-05 10:00:00+05:30,85228.7265625,85448.5078125,85168.6015625,85421.8203125,0.0
2025-12-05 10:05:00+05:30,85422.84375,85495.296875,85353.46875,85412.703125,0.0
2025-12-05 10:10:00+05:30,85411.2890625,85413.890625,85360.7109375,85407.25,0.0
2025-12-05 10:15:00+05:30,85406.4375,85521.421875,85401.09375,85506.9609375,0.0
2025-12-05 10:20:00+05:30,85509.2578125,85520.53125,85440.5,85442.8828125,0.0
2025-12-05 10:25:00+05:30,85437.71875,85455.2421875,85275.78125,85280.3515625,0.0
2025-12-05 10:30:00+05:30,85284.390625,85355.0390625,85181.7421875,85308.5703125,0.0
2025-12-05 10:35:00+05:30,85315.2421875,85400.7265625,85308.9921875,85372.5703125,0.0
2025-12-05 10:40:00+05:30,85368.59375,85478.109375,85367.1484375,85476.1015625,0.0
2025-12-05 10:45:00+05:30,85476.25,85580.296875,85459.59375,85577.6484375,0.0
2025-12-05 10:50:00+05:30,85577.0625,85594.7578125,85544.7109375,85581.3984375,0.0
2025-12-05 10:55:00+05:30,85583.9765625,85600.828125,85522.25,85534.46875,0.0
2025-12-05 11:00:00+05:30,85539.7109375,85609.5390625,85534.8671875,85581.171875,0.0
2025-12-05 11:05:00+05:30,85582.1171875,85610.890625,85567.453125,85595.2421875,0.0
2025-12-05 11:10:00+05:30,85596.4921875,85620.140625,85588.4609375,85611.1328125,0.0
2025-12-05 11:15:00+05:30,85611.4921875,85632.65625,85567.2265625,85583.8984375,0.0
2025-12-05 11:20:00+05:30,85593.2890625,85657.4375,85584.3125,85623.2421875,0.0
2025-12-05 11:25:00+05:30,85623.15625,85648.6015625,85591.4296875,85603.921875,0.0
2025-12-05 11:30:00+05:30,85602.453125,85613.9375,85556.0625,85560.2265625,0.0
2025-12-05 11:35:00+05:30,85560.53125,85604.7421875,85554.8203125,85585.453125,0.0
2025-12-05 11:40:00+05:30,85585.1796875,85604.140625,85572.7421875,85600.75,0.0
2025-12-05 11:45:00+05:30,85602.4609375,85623.609375,85541.2421875,85555.0,0.0
2025-12-05 11:50:00+05:30,85557.3203125,85604.8515625,85549.546875,85591.328125,0.0
2025-12-05 11:55:00+05:30,85591.328125,85613.75,85558.3203125,85570.4375,0.0
2025-12-05 12:00:00+05:30,85570.4375,85598.2421875,85561.0625,85587.78125,0.0
2025-12-05 12:05:00+05:30,85587.7578125,85610.53125,85582.6328125,85604.578125,0.0
2025-12-05 12:10:00+05:30,85604.9375,85650.8515625,85553.3671875,85553.3671875,0.0
2025-12-05 12:15:00+05:30,85554.40625,85607.609375,85548.6328125,85598.546875,0.0
2025-12-05 12:20:00+05:30,85595.4609375,85651.1796875,85587.96875,85649.15625,0.0
2025-12-05 12:25:00+05:30,85648.703125,85678.828125,85641.59375,85663.3671875,0.0
2025-12-05 12:30:00+05:30,85663.3671875,85725.7109375,85662.140625,85723.5,0.0
2025-12-05 12:35:00+05:30,85723.5,85793.0625,85715.03125,85760.7109375,0.0
2025-12-05 12:40:00+05:30,85760.9921875,85764.1484375,85695.5234375,85747.2421875,0.0
2025-12-05 12:45:00+05:30,85745.953125,85762.0625,85737.6015625,85753.6484375,0.0
2025-12-05 12:50:00+05:30,85753.828125,85781.421875,85747.7109375,85766.34375,0.0
2025-12-05 12:55:00+05:30,85767.796875,85771.6796875,85715.9921875,85723.4609375,0.0
2025-12-05 13:00:00+05:30,85723.59375,85763.2109375,85717.7578125,85720.3828125,0.0
2025-12-05 13:05:00+05:30,85720.3828125,85727.2109375,85702.3671875,85709.6484375,0.0
2025-12-05 13:10:00+05:30,85708.7890625,85721.453125,85680.34375,85694.9921875,0.0
2025-12-05 13:15:00+05:30,85695.6875,85720.0,85692.203125,85713.71875,0.0
2025-12-05 13:20:00+05:30,85713.71875,85737.4765625,85700.8671875,85712.0,0.0
2025-12-05 13:25:00+05:30,85712.078125,85739.28125,85699.59375,85709.796875,0.0
2025-12-05 13:30:00+05:30,85709.28125,85721.28125,85690.6171875,85719.6875,0.0
2025-12-05 13:35:00+05:30,85718.9765625,85747.6796875,85718.0,85736.65625,0.0
2025-12-05 13:40:00+05:30,85736.65625,85736.65625,85714.578125,85731.671875,0.0
2025-12-05 13:45:00+05:30,85732.5234375,85745.6171875,85687.1484375,85697.3671875,0.0
2025-12-05 13:50:00+05:30,85697.1015625,85705.3515625,85651.0078125,85657.7421875,0.0
2025-12-05 13:55:00+05:30,85659.5078125,85698.109375,85614.9609375,85626.2734375,0.0
2025-12-05 14:00:00+05:30,85628.796875,85679.8203125,85623.859375,85637.5390625,0.0
2025-12-05 14:05:00+05:30,85638.2890625,85640.3515625,85579.9921875,85595.96875,0.0
2025-12-05 14:10:00+05:30,85595.96875,85689.78125,85595.96875,85638.8125,0.0
2025-12-05 14:15:00+05:30,85641.8125,85656.71875,85632.53125,85652.9609375,0.0
2025-12-05 14:20:00+05:30,85652.9609375,85655.6875,85632.2890625,85632.2890625,0.0
2025-12-05 14:25:00+05:30,85632.2890625,85662.3671875,85616.2421875,85636.40625,0.0
2025-12-05 14:30:00+05:30,85640.59375,85651.25,85566.3984375,85584.78125,0.0
2025-12-05 14:35:00+05:30,85580.8828125,85612.2265625,85575.65625,85589.3828125,0.0
2025-12-05 14:40:00+05:30,85591.0234375,85612.6875,85583.703125,85587.1875,0.0
2025-12-05 14:45:00+05:30,85590.1015625,85595.328125,85504.71875,85551.921875,0.0
2025-12-05 14:50:00+05:30,85553.2109375,85621.3671875,85553.2109375,85598.7578125,0.0
2025-12-05 14:55:00+05:30,85605.0703125,85619.3984375,85570.4765625,85614.25,0.0
2025-12-05 15:00:00+05:30,85629.7109375,85718.2421875,85629.7109375,85712.90625,0.0
2025-12-05 15:05:00+05:30,85713.5234375,85742.140625,85701.1015625,85722.921875,0.0
2025-12-05 15:10:00+05:30,85721.921875,85731.2265625,85703.53125,85723.359375,0.0
2025-12-05 15:15:00+05:30,85722.390625,85722.390625,85701.3203125,85710.2421875,0.0
2025-12-05 15:20:00+05:30,85710.6328125,85715.078125,85710.6328125,85713.796875,0.0
2025-12-05 15:25:00+05:30,85714.140625,85715.4375,85712.0625,85712.3671875,0.0
2025-12-08 09:15:00+05:30,85710.2265625,85710.2265625,85566.890625,85645.9765625,0.0
2025-12-08 09:20:00+05:30,85659.7265625,85702.4296875,85608.4765625,85670.359375,0.0
2025-12-08 09:25:00+05:30,85666.890625,85668.578125,85563.609375,85571.59375,0.0
2025-12-08 09:30:00+05:30,85573.7421875,85582.609375,85535.7578125,85546.828125,0.0
2025-12-08 09:35:00+05:30,85545.46875,85552.53125,85490.6875,85507.453125,0.0
2025-12-08 09:40:00+05:30,85507.140625,85559.796875,85479.890625,85541.25,0.0
2025-12-08 09:45:00+05:30,85540.9921875,85544.3203125,85446.3203125,85455.0625,0.0
2025-12-08 09:50:00+05:30,85454.3984375,85460.84375,85393.546875,85405.203125,0.0
2025-12-08 09:55:00+05:30,85403.9921875,85417.3125,85389.75,85412.109375,0.0
2025-12-08 10:00:00+05:30,85410.1796875,85439.7109375,85369.7890625,85377.578125,0.0
2025-12-08 10:05:00+05:30,85377.8828125,85427.703125,85361.5078125,85426.8828125,0.0
2025-12-08 10:10:00+05:30,85424.71875,85472.4765625,85398.046875,85472.4765625,0.0
2025-12-08 10:15:00+05:30,85473.2421875,85507.046875,85420.7109375,85443.4296875,0.0
2025-12-08 10:20:00+05:30,85443.109375,85498.21875,85434.96875,85479.8515625,0.0
2025-12-08 10:25:00+05:30,85480.0,85491.578125,85452.1875,85483.3671875,0.0
2025-12-08 10:30:00+05:30,85481.546875,85485.109375,85424.84375,85432.7265625,0.0
2025-12-08 10:35:00+05:30,85435.8828125,85458.0,85420.4296875,85441.7890625,0.0
2025-12-08 10:40:00+05:30,85442.3984375,85468.0703125,85439.890625,85458.3515625,0.0
2025-12-08 10:45:00+05:30,85458.3515625,85480.5703125,85428.3984375,85429.828125,0.0
2025-12-08 10:50:00+05:30,85430.7421875,85467.859375,85415.59375,85463.7734375,0.0
2025-12-08 10:55:00+05:30,85457.96875,85470.203125,85397.578125,85400.4609375,0.0
2025-12-08 11:00:00+05:30,85402.8515625,85410.03125,85356.203125,85365.703125,0.0
2025-12-08 11:05:00+05:30,85365.5234375,85368.3671875,85331.3828125,85352.296875,0.0
2025-12-08 11:10:00+05:30,85352.15625,85433.4765625,85350.1875,85389.2265625,0.0
2025-12-08 11:15:00+05:30,85390.8671875,85397.4609375,85347.0,85351.96875,0.0
2025-12-08 11:20:00+05:30,85351.96875,85406.921875,85348.65625,85405.6328125,0.0
2025-12-08 11:25:00+05:30,85406.578125,85425.53125,85388.78125,85396.921875,0.0
2025-12-08 11:30:00+05:30,85400.828125,85414.53125,85366.0,85391.2421875,0.0
2025-12-08 11:35:00+05:30,85389.390625,85390.640625,85363.3984375,85370.140625,0.0
2025-12-08 11:40:00+05:30,85370.140625,85388.171875,85331.046875,85384.1484375,0.0
2025-12-08 11:45:00+05:30,85384.7265625,85418.546875,85377.953125,85417.6875,0.0
2025-12-08 11:50:00+05:30,85416.671875,85426.421875,85383.3203125,85385.3671875,0.0
2025-12-08 11:55:00+05:30,85384.9609375,85397.6796875,85377.0625,85390.4375,0.0
2025-12-08 12:00:00+05:30,85390.4375,85401.3515625,85334.9296875,85353.03125,0.0
2025-12-08 12:05:00+05:30,85358.4921875,85367.3515625,85340.4609375,85354.546875,0.0
2025-12-08 12:10:00+05:30,85354.25,85369.3203125,85321.1015625,85321.1015625,0.0
2025-12-08 12:15:00+05:30,85321.1171875,85369.59375,85301.84375,85339.078125,0.0
2025-12-08 12:20:00+05:30,85341.203125,85353.59375,85324.1796875,85344.8515625,0.0
2025-12-08 12:25:00+05:30,85348.1875,85353.4375,85285.2578125,85288.5625,0.0
2025-12-08 12:30:00+05:30,85288.5625,85293.40625,85240.046875,85240.859375,0.0
2025-12-08 12:35:00+05:30,85242.1171875,85280.03125,85236.2265625,85265.59375,0.0
2025-12-08 12:40:00+05:30,85257.8515625,85274.7265625,85236.140625,85241.09375,0.0
2025-12-08 12:45:00+05:30,85241.328125,85269.7734375,85230.953125,85261.2578125,0.0
2025-12-08 12:50:00+05:30,85261.2578125,85276.3984375,85233.6484375,85258.796875,0.0
2025-12-08 12:55:00+05:30,85258.796875,85258.796875,85235.3125,85243.1875,0.0
2025-12-08 13:00:00+05:30,85245.5703125,85300.2890625,85241.2109375,85298.7109375,0.0
2025-12-08 13:05:00+05:30,85299.390625,85329.359375,85274.453125,85294.078125,0.0
2025-12-08 13:10:00+05:30,85292.421875,85358.4921875,85284.0390625,85331.5625,0.0
2025-12-08 13:15:00+05:30,85331.296875,85336.828125,85243.0703125,85251.6171875,0.0
2025-12-08 13:20:00+05:30,85251.6171875,85252.0390625,85113.0625,85135.6484375,0.0
2025-12-08 13:25:00+05:30,85139.6875,85140.1484375,85065.2734375,85080.140625,0.0
2025-12-08 13:30:00+05:30,85080.140625,85104.46875,84909.453125,84951.5703125,0.0
2025-12-08 13:35:00+05:30,84950.421875,84962.28125,84910.3671875,84954.296875,0.0
2025-12-08 13:40:00+05:30,84953.9296875,84993.59375,84942.078125,84964.328125,0.0
2025-12-08 13:45:00+05:30,84963.7265625,85009.640625,84951.9375,85005.4609375,0.0
2025-12-08 13:50:00+05:30,85005.4609375,85006.3125,84971.8984375,84992.9921875,0.0
2025-12-08 13:55:00+05:30,84993.8515625,84993.8515625,84935.9296875,84966.609375,0.0
2025-12-08 14:00:00+05:30,84966.65625,84976.3203125,84922.40625,84951.1015625,0.0
2025-12-08 14:05:00+05:30,84951.03125,84968.4375,84940.0078125,84959.0625,0.0
2025-12-08 14:10:00+05:30,84959.40625,85020.453125,84943.671875,84944.6171875,0.0
2025-12-08 14:15:00+05:30,84944.6171875,84974.7109375,84875.59375,84973.609375,0.0
2025-12-08 14:20:00+05:30,84972.4296875,84996.40625,84937.4375,84991.6171875,0.0
2025-12-08 14:25:00+05:30,84991.53125,84995.3515625,84942.7265625,84969.25,0.0
2025-12-08 14:30:00+05:30,84969.390625,84980.140625,84941.0390625,84952.546875,0.0
2025-12-08 14:35:00+05:30,84962.828125,84966.1171875,84913.65625,84947.796875,0.0
2025-12-08 14:40:00+05:30,84948.390625,84991.7734375,84932.9921875,84988.7578125,0.0
2025-12-08 14:45:00+05:30,84987.546875,85056.671875,84980.0078125,85056.671875,0.0
2025-12-08 14:50:00+05:30,85056.890625,85132.5234375,85054.40625,85081.5078125,0.0
2025-12-08 14:55:00+05:30,85082.0703125,85098.046875,85028.9921875,85051.25,0.0
2025-12-08 15:00:00+05:30,85046.6484375,85181.9296875,85046.6484375,85151.5703125,0.0
2025-12-08 15:05:00+05:30,85150.4609375,85197.15625,85137.546875,85185.21875,0.0
2025-12-08 15:10:00+05:30,85182.8515625,85201.5234375,85135.34375,85148.25,0.0
2025-12-08 15:15:00+05:30,85146.8828125,85150.03125,85137.0625,85137.078125,0.0
2025-12-08 15:20:00+05:30,85137.078125,85137.078125,85117.8984375,85117.8984375,0.0
2025-12-08 15:25:00+05:30,85117.8984375,85117.8984375,85102.6875,85102.6875,0.0
2025-12-09 09:15:00+05:30,84778.71875,84887.96875,84688.8984375,84691.421875,0.0
2025-12-09 09:20:00+05:30,84680.8828125,84713.328125,84600.0078125,84679.8828125,0.0
2025-12-09 09:25:00+05:30,84678.25,84696.109375,84607.53125,84619.796875,0.0
2025-12-09 09:30:00+05:30,84620.7421875,84620.7421875,84479.2265625,84523.4609375,0.0
2025-12-09 09:35:00+05:30,84521.3984375,84526.25,84455.328125,84482.609375,0.0
2025-12-09 09:40:00+05:30,84482.6328125,84507.2734375,84447.8671875,84481.90625,0.0
2025-12-09 09:45:00+05:30,84483.578125,84496.140625,84431.859375,84465.8125,0.0
2025-12-09 09:50:00+05:30,84466.1015625,84469.78125,84390.2734375,84402.2890625,0.0
2025-12-09 09:55:00+05:30,84394.25,84431.0234375,84385.953125,84396.5703125,0.0
2025-12-09 10:00:00+05:30,84397.84375,84481.359375,84382.9609375,84467.9375,0.0
2025-12-09 10:05:00+05:30,84468.453125,84574.6796875,84455.84375,84535.1171875,0.0
2025-12-09 10:10:00+05:30,84536.578125,84573.6875,84527.53125,84560.6171875,0.0
2025-12-09 10:15:00+05:30,84561.796875,84736.359375,84549.921875,84699.71875,0.0
2025-12-09 10:20:00+05:30,84697.671875,84725.5234375,84636.59375,84716.1015625,0.0
2025-12-09 10:25:00+05:30,84718.859375,84719.0390625,84636.8203125,84646.921875,0.0
2025-12-09 10:30:00+05:30,84650.03125,84689.09375,84575.890625,84577.296875,0.0
2025-12-09 10:35:00+05:30,84578.4765625,84594.65625,84526.8984375,84594.65625,0.0
2025-12-09 10:40:00+05:30,84596.3515625,84662.75,84596.3515625,84637.140625,0.0
2025-12-09 10:45:00+05:30,84638.0390625,84638.5,84583.390625,84591.3671875,0.0
2025-12-09 10:50:00+05:30,84593.2578125,84597.0078125,84566.6484375,84585.2421875,0.0
2025-12-09 10:55:00+05:30,84585.2421875,84681.25,84581.9765625,84673.0,0.0
2025-12-09 11:00:00+05:30,84673.65625,84704.953125,84637.7421875,84666.9296875,0.0
2025-12-09 11:05:00+05:30,84665.5078125,84743.0625,84663.84375,84728.8515625,0.0
2025-12-09 11:10:00+05:30,84729.84375,84792.1484375,84718.6484375,84782.8203125,0.0
2025-12-09 11:15:00+05:30,84783.7890625,84799.9375,84752.7734375,84799.9375,0.0
2025-12-09 11:20:00+05:30,84799.6328125,84800.3203125,84758.046875,84768.6015625,0.0
2025-12-09 11:25:00+05:30,84768.8984375,84816.796875,84755.046875,84774.8125,0.0
2025-12-09 11:30:00+05:30,84777.28125,84815.3125,84753.09375,84805.0,0.0
2025-12-09 11:35:00+05:30,84805.3515625,84807.3203125,84766.4765625,84794.25,0.0
2025-12-09 11:40:00+05:30,84794.859375,84799.03125,84672.453125,84672.453125,0.0
2025-12-09 11:45:00+05:30,84667.7109375,84675.7578125,84634.7890625,84639.96875,0.0
2025-12-09 11:50:00+05:30,84635.2890625,84684.453125,84630.90625,84674.3984375,0.0
2025-12-09 11:55:00+05:30,84674.3984375,84779.2109375,84673.9609375,84767.078125,0.0
2025-12-09 12:00:00+05:30,84761.21875,84816.203125,84745.9609375,84805.6328125,0.0
2025-12-09 12:05:00+05:30,84806.2421875,84874.109375,84805.8671875,84856.5390625,0.0
2025-12-09 12:10:00+05:30,84856.5390625,84877.0234375,84842.546875,84873.8203125,0.0
2025-12-09 12:15:00+05:30,84873.8203125,84873.90625,84846.6484375,84850.90625,0.0
2025-12-09 12:20:00+05:30,84851.2578125,84937.7265625,84847.2578125,84936.3984375,0.0
2025-12-09 12:25:00+05:30,84935.6484375,84946.2890625,84882.46875,84903.0625,0.0
2025-12-09 12:30:00+05:30,84903.75,84911.46875,84858.7265625,84864.3671875,0.0
2025-12-09 12:35:00+05:30,84864.3671875,84877.421875,84797.4375,84802.8515625,0.0
2025-12-09 12:40:00+05:30,84802.8515625,84847.0,84801.09375,84830.859375,0.0
2025-12-09 12:45:00+05:30,84831.8671875,84849.7109375,84822.4921875,84846.5390625,0.0
2025-12-09 12:50:00+05:30,84847.7734375,84853.0,84802.3984375,84833.71875,0.0
2025-12-09 12:55:00+05:30,84833.3671875,84833.3671875,84745.3671875,84790.5234375,0.0
2025-12-09 13:00:00+05:30,84790.2265625,84807.4921875,84752.53125,84807.4921875,0.0
2025-12-09 13:05:00+05:30,84808.859375,84851.828125,84803.96875,84838.65625,0.0
2025-12-09 13:10:00+05:30,84838.359375,84841.421875,84800.0703125,84809.8515625,0.0
2025-12-09 13:15:00+05:30,84810.59375,84837.5078125,84809.859375,84811.859375,0.0
2025-12-09 13:20:00+05:30,84811.859375,84843.0234375,84793.15625,84817.28125,0.0
2025-12-09 13:25:00+05:30,84819.203125,84854.9296875,84816.7578125,84854.9296875,0.0
2025-12-09 13:30:00+05:30,84854.9296875,84889.328125,84819.6328125,84881.3125,0.0
2025-12-09 13:35:00+05:30,84880.46875,84881.03125,84810.8671875,84867.7734375,0.0
2025-12-09 13:40:00+05:30,84867.5390625,84884.171875,84850.3828125,84853.40625,0.0
2025-12-09 13:45:00+05:30,84853.5625,84864.796875,84847.8203125,84852.7109375,0.0
2025-12-09 13:50:00+05:30,84861.03125,84875.2734375,84818.46875,84856.3125,0.0
2025-12-09 13:55:00+05:30,84854.8671875,84887.6796875,84854.2109375,84877.3671875,0.0
2025-12-09 14:00:00+05:30,84877.3671875,84898.71875,84828.2421875,84828.2421875,0.0
2025-12-09 14:05:00+05:30,84827.828125,84865.8984375,84812.3671875,84855.7890625,0.0
2025-12-09 14:10:00+05:30,84855.7734375,84856.5234375,84826.7265625,84844.859375,0.0
2025-12-09 14:15:00+05:30,85102.6875,85102.6875,84747.8671875,84776.671875,0.0
2025-12-09 14:20:00+05:30,84776.671875,84776.671875,84651.0703125,84651.0703125,0.0
2025-12-09 14:25:00+05:30,84650.921875,84672.453125,84630.453125,84646.6171875,0.0
2025-12-09 14:30:00+05:30,84645.9921875,84645.9921875,84606.1484375,84630.828125,0.0
2025-12-09 14:35:00+05:30,84626.9296875,84633.3984375,84588.6015625,84629.390625,0.0
2025-12-09 14:40:00+05:30,84629.8203125,84712.25,84628.15625,84655.9296875,0.0
2025-12-09 14:45:00+05:30,84659.2734375,84670.78125,84638.8515625,84638.8515625,0.0
2025-12-09 14:50:00+05:30,84636.9921875,84653.640625,84611.1328125,84611.1328125,0.0
2025-12-09 14:55:00+05:30,84611.1328125,84678.5,84611.1171875,84667.109375,0.0
2025-12-09 15:00:00+05:30,84675.953125,84733.9765625,84675.8515625,84677.6328125,0.0
2025-12-09 15:05:00+05:30,84680.03125,84717.4375,84671.8515625,84671.8515625,0.0
2025-12-09 15:10:00+05:30,84668.1484375,84693.203125,84626.703125,84662.859375,0.0
2025-12-09 15:15:00+05:30,84665.640625,84675.1328125,84665.640625,84671.6171875,0.0
2025-12-09 15:20:00+05:30,84671.6171875,84672.5,84667.4765625,84668.1015625,0.0
2025-12-09 15:25:00+05:30,84668.078125,84668.078125,84665.4921875,84666.28125,0.0
2025-12-10 09:15:00+05:30,84607.4921875,84869.4921875,84607.4921875,84810.078125,0.0
2025-12-10 09:20:00+05:30,84802.2265625,84824.359375,84733.7421875,84733.7421875,0.0
2025-12-10 09:25:00+05:30,84732.8203125,84850.9375,84683.8125,84830.4765625,0.0
2025-12-10 09:30:00+05:30,84830.5234375,84906.8203125,84830.09375,84904.6875,0.0
2025-12-10 09:35:00+05:30,84905.15625,84945.2578125,84890.171875,84933.203125,0.0
2025-12-10 09:40:00+05:30,84933.1796875,84936.8984375,84876.40625,84899.640625,0.0
2025-12-10 09:45:00+05:30,84899.640625,84942.0078125,84854.0234375,84854.0234375,0.0
2025-12-10 09:50:00+05:30,84854.0234375,84875.46875,84821.7890625,84830.609375,0.0
2025-12-10 09:55:00+05:30,84828.828125,84830.0703125,84773.2890625,84793.3125,0.0
2025-12-10 10:00:00+05:30,84806.6171875,84905.203125,84793.84375,84874.421875,0.0
2025-12-10 10:05:00+05:30,84874.421875,84936.8203125,84855.6796875,84889.640625,0.0
2025-12-10 10:10:00+05:30,84893.96875,84958.203125,84892.0390625,84916.71875,0.0
2025-12-10 10:15:00+05:30,84916.140625,84985.6875,84916.140625,84957.6328125,0.0
2025-12-10 10:20:00+05:30,84971.703125,84995.71875,84948.6796875,84959.65625,0.0
2025-12-10 10:25:00+05:30,84959.4921875,85019.78125,84902.71875,84905.359375,0.0
2025-12-10 10:30:00+05:30,84903.59375,84977.140625,84903.59375,84945.96875,0.0
2025-12-10 10:35:00+05:30,84944.703125,85001.0078125,84939.8828125,84943.84375,0.0
2025-12-10 10:40:00+05:30,84943.6875,84945.15625,84894.046875,84940.1875,0.0
2025-12-10 10:45:00+05:30,84940.1875,84945.890625,84823.84375,84854.2109375,0.0
2025-12-10 10:50:00+05:30,84855.9609375,84855.9609375,84722.1171875,84758.3125,0.0
2025-12-10 10:55:00+05:30,84758.890625,84758.890625,84665.96875,84665.96875,0.0
2025-12-10 11:00:00+05:30,84665.96875,84713.2265625,84606.1796875,84692.3671875,0.0
2025-12-10 11:05:00+05:30,84694.0078125,84761.96875,84694.0078125,84723.5,0.0
2025-12-10 11:10:00+05:30,84730.1484375,84775.9375,84717.53125,84765.0078125,0.0
2025-12-10 11:15:00+05:30,84772.546875,84794.859375,84735.2421875,84773.6171875,0.0
2025-12-10 11:20:00+05:30,84773.6171875,84787.6171875,84717.46875,84746.1875,0.0
2025-12-10 11:25:00+05:30,84746.140625,84767.90625,84705.390625,84724.2890625,0.0
2025-12-10 11:30:00+05:30,84724.2890625,84725.9921875,84664.8828125,84683.6171875,0.0
2025-12-10 11:35:00+05:30,84682.1796875,84714.609375,84626.8125,84649.828125,0.0
2025-12-10 11:40:00+05:30,84648.5,84694.8515625,84637.8828125,84656.3828125,0.0
2025-12-10 11:45:00+05:30,84659.7578125,84660.5078125,84597.78125,84646.96875,0.0
2025-12-10 11:50:00+05:30,84649.8984375,84650.0390625,84604.0390625,84620.0078125,0.0
2025-12-10 11:55:00+05:30,84620.0078125,84656.25,84620.0078125,84648.671875,0.0
2025-12-10 12:00:00+05:30,84648.671875,84652.1875,84573.15625,84619.3125,0.0
2025-12-10 12:05:00+05:30,84618.9765625,84713.0390625,84617.6875,84649.203125,0.0
2025-12-10 12:10:00+05:30,84647.7578125,84648.890625,84590.7890625,84619.4296875,0.0
2025-12-10 12:15:00+05:30,84619.140625,84642.703125,84572.140625,84612.2265625,0.0
2025-12-10 12:20:00+05:30,84612.828125,84644.7265625,84612.828125,84613.2109375,0.0
2025-12-10 12:25:00+05:30,84612.5703125,84621.359375,84560.140625,84580.140625,0.0
2025-12-10 12:30:00+05:30,84580.1796875,84580.1796875,84483.2734375,84513.0625,0.0
2025-12-10 12:35:00+05:30,84512.578125,84512.578125,84421.7578125,84422.5234375,0.0
2025-12-10 12:40:00+05:30,84423.84375,84457.796875,84412.390625,84450.71875,0.0
2025-12-10 12:45:00+05:30,84449.9609375,84503.0234375,84414.84375,84462.640625,0.0
2025-12-10 12:50:00+05:30,84461.4296875,84516.640625,84454.703125,84471.359375,0.0
2025-12-10 12:55:00+05:30,84471.453125,84535.15625,84471.453125,84493.78125,0.0
2025-12-10 13:00:00+05:30,84488.65625,84529.078125,84475.7265625,84502.8125,0.0
2025-12-10 13:05:00+05:30,84506.21875,84531.921875,84464.3671875,84499.8515625,0.0
2025-12-10 13:10:00+05:30,84500.1328125,84573.890625,84495.046875,84497.140625,0.0
2025-12-10 13:15:00+05:30,84497.140625,84609.421875,84497.140625,84575.671875,0.0
2025-12-10 13:20:00+05:30,84580.6875,84630.3515625,84548.6171875,84629.53125,0.0
2025-12-10 13:25:00+05:30,84627.8125,84655.203125,84560.0625,84640.15625,0.0
2025-12-10 13:30:00+05:30,84640.7734375,84643.2578125,84598.6796875,84625.328125,0.0
2025-12-10 13:35:00+05:30,84625.8515625,84684.25,84618.359375,84619.359375,0.0
2025-12-10 13:40:00+05:30,84619.9609375,84650.9765625,84616.5390625,84620.546875,0.0
2025-12-10 13:45:00+05:30,84620.546875,84622.71875,84566.4375,84574.296875,0.0
2025-12-10 13:50:00+05:30,84572.640625,84623.6015625,84515.953125,84587.953125,0.0
2025-12-10 13:55:00+05:30,84589.7734375,84594.1484375,84495.59375,84497.3515625,0.0
2025-12-10 14:00:00+05:30,84498.328125,84527.2265625,84391.6484375,84391.6484375,0.0
2025-12-10 14:05:00+05:30,84390.671875,84434.1875,84363.2890625,84384.0,0.0
2025-12-10 14:10:00+05:30,84382.640625,84428.421875,84377.4921875,84399.09375,0.0
2025-12-10 14:15:00+05:30,84398.78125,84444.8671875,84378.1484375,84398.7734375,0.0
2025-12-10 14:20:00+05:30,84402.0625,84402.3203125,84348.96875,84371.1171875,0.0
2025-12-10 14:25:00+05:30,84372.03125,84379.1796875,84313.828125,84323.1796875,0.0
2025-12-10 14:30:00+05:30,84323.078125,84493.328125,84323.078125,84490.3203125,0.0
2025-12-10 14:35:00+05:30,84494.046875,84494.046875,84370.296875,84399.703125,0.0
2025-12-10 14:40:00+05:30,84397.6796875,84419.0078125,84340.5234375,84402.8671875,0.0
2025-12-10 14:45:00+05:30,84403.1015625,84425.7421875,84380.296875,84386.953125,0.0
2025-12-10 14:50:00+05:30,84386.9375,84460.421875,84358.1015625,84361.78125,0.0
2025-12-10 14:55:00+05:30,84362.03125,84390.5625,84340.7734375,84384.40625,0.0
2025-12-10 15:00:00+05:30,84391.9921875,84445.21875,84370.8203125,84397.5234375,0.0
2025-12-10 15:05:00+05:30,84397.5234375,84441.9375,84368.75,84407.7734375,0.0
2025-12-10 15:10:00+05:30,84404.859375,84408.7890625,84387.7734375,84399.15625,0.0
2025-12-10 15:15:00+05:30,84399.453125,84407.328125,84399.453125,84404.1015625,0.0
2025-12-10 15:20:00+05:30,84404.1015625,84407.7578125,84399.4921875,84399.5390625,0.0
2025-12-10 15:25:00+05:30,84399.5390625,84400.96875,84390.6171875,84391.2734375,0.0
2025-12-11 09:15:00+05:30,84461.96875,84534.296875,84302.0234375,84370.5625,0.0
2025-12-11 09:20:00+05:30,84368.2890625,84532.3203125,84368.2890625,84426.5703125,0.0
2025-12-11 09:25:00+05:30,84428.828125,84534.921875,84401.7578125,84532.5234375,0.0
2025-12-11 09:30:00+05:30,84531.9296875,84538.1796875,84430.0234375,84462.2578125,0.0
2025-12-11 09:35:00+05:30,84461.3828125,84463.09375,84240.1484375,84240.1484375,0.0
2025-12-11 09:40:00+05:30,84237.3125,84269.34375,84161.1171875,84240.9375,0.0
2025-12-11 09:45:00+05:30,84237.90625,84311.9375,84150.1875,84308.046875,0.0
2025-12-11 09:50:00+05:30,84313.4765625,84313.4765625,84200.5390625,84241.0625,0.0
2025-12-11 09:55:00+05:30,84239.953125,84289.96875,84158.8515625,84221.5234375,0.0
2025-12-11 10:00:00+05:30,84221.21875,84327.2890625,84213.140625,84286.8203125,0.0
2025-12-11 10:05:00+05:30,84287.328125,84426.6171875,84282.8984375,84417.5,0.0
2025-12-11 10:10:00+05:30,84418.140625,84500.2109375,84375.84375,84500.2109375,0.0
2025-12-11 10:15:00+05:30,84507.6875,84570.140625,84497.71875,84504.7109375,0.0
2025-12-11 10:20:00+05:30,84505.2890625,84547.0,84435.53125,84504.9765625,0.0
2025-12-11 10:25:00+05:30,84502.09375,84549.5625,84490.796875,84514.21875,0.0
2025-12-11 10:30:00+05:30,84507.296875,84610.2421875,84460.2578125,84563.2265625,0.0
2025-12-11 10:35:00+05:30,84565.7578125,84614.421875,84537.3125,84595.8515625,0.0
2025-12-11 10:40:00+05:30,84596.640625,84626.2109375,84550.171875,84576.1875,0.0
2025-12-11 10:45:00+05:30,84575.8828125,84628.109375,84545.203125,84564.203125,0.0
2025-12-11 10:50:00+05:30,84565.34375,84626.1328125,84528.2109375,84548.9296875,0.0
2025-12-11 10:55:00+05:30,84547.828125,84547.9609375,84463.90625,84463.90625,0.0
2025-12-11 11:00:00+05:30,84463.2734375,84473.609375,84359.1015625,84359.1015625,0.0
2025-12-11 11:05:00+05:30,84358.453125,84416.6015625,84351.65625,84389.046875,0.0
2025-12-11 11:10:00+05:30,84386.3515625,84495.4375,84381.4921875,84449.8515625,0.0
2025-12-11 11:15:00+05:30,84454.8203125,84529.390625,84432.390625,84509.7265625,0.0
2025-12-11 11:20:00+05:30,84506.828125,84561.0234375,84506.828125,84554.7109375,0.0
2025-12-11 11:25:00+05:30,84553.3828125,84588.921875,84527.7578125,84560.78125,0.0
2025-12-11 11:30:00+05:30,84560.890625,84598.4609375,84543.4765625,84543.4765625,0.0
2025-12-11 11:35:00+05:30,84549.359375,84597.1015625,84521.921875,84595.0390625,0.0
2025-12-11 11:40:00+05:30,84595.0390625,84608.421875,84557.7578125,84604.78125,0.0
2025-12-11 11:45:00+05:30,84604.78125,84627.9765625,84559.8984375,84588.4375,0.0
2025-12-11 11:50:00+05:30,84586.9609375,84655.078125,84573.546875,84624.3125,0.0
2025-12-11 11:55:00+05:30,84623.5234375,84668.5078125,84601.3203125,84642.671875,0.0
2025-12-11 12:00:00+05:30,84642.671875,84772.703125,84642.671875,84772.3203125,0.0
2025-12-11 12:05:00+05:30,84773.046875,84811.9609375,84703.9765625,84763.2265625,0.0
2025-12-11 12:10:00+05:30,84763.0625,84789.7578125,84735.21875,84765.9296875,0.0
2025-12-11 12:15:00+05:30,84765.9609375,84783.8828125,84721.7109375,84762.2265625,0.0
2025-12-11 12:20:00+05:30,84763.7421875,84824.46875,84756.59375,84789.8203125,0.0
2025-12-11 12:25:00+05:30,84788.296875,84896.9609375,84770.1875,84870.75,0.0
2025-12-11 12:30:00+05:30,84870.75,84895.5078125,84812.671875,84849.8515625,0.0
2025-12-11 12:35:00+05:30,84849.15625,84849.15625,84776.59375,84802.78125,0.0
2025-12-11 12:40:00+05:30,84803.421875,84829.5625,84758.46875,84826.4375,0.0
2025-12-11 12:45:00+05:30,84826.4375,84838.0,84810.71875,84831.5234375,0.0
2025-12-11 12:50:00+05:30,84822.359375,84822.359375,84762.3203125,84796.8984375,0.0
2025-12-11 12:55:00+05:30,84797.1484375,84805.6015625,84748.859375,84768.4921875,0.0
2025-12-11 13:00:00+05:30,84768.7421875,84784.25,84696.2109375,84696.2109375,0.0
2025-12-11 13:05:00+05:30,84691.15625,84737.703125,84642.9296875,84647.90625,0.0
2025-12-11 13:10:00+05:30,84647.0078125,84690.4375,84618.7265625,84690.4375,0.0
2025-12-11 13:15:00+05:30,84685.671875,84731.703125,84669.8515625,84723.390625,0.0
2025-12-11 13:20:00+05:30,84723.2421875,84736.5078125,84666.53125,84676.796875,0.0
2025-12-11 13:25:00+05:30,84679.3984375,84720.6875,84650.7578125,84667.1015625,0.0
2025-12-11 13:30:00+05:30,84676.1015625,84771.7109375,84676.1015625,84729.8203125,0.0
2025-12-11 13:35:00+05:30,84729.4375,84776.03125,84718.796875,84756.0703125,0.0
2025-12-11 13:40:00+05:30,84760.6484375,84777.2109375,84729.9765625,84744.0390625,0.0
2025-12-11 13:45:00+05:30,84744.0390625,84806.1171875,84703.1796875,84794.2421875,0.0
2025-12-11 13:50:00+05:30,84795.1328125,84802.3671875,84741.03125,84767.1875,0.0
2025-12-11 13:55:00+05:30,84772.421875,84827.0234375,84764.6015625,84795.1796875,0.0
2025-12-11 14:00:00+05:30,84802.15625,84802.15625,84702.859375,84706.421875,0.0
2025-12-11 14:05:00+05:30,84703.953125,84746.2109375,84658.171875,84729.34375,0.0
2025-12-11 14:10:00+05:30,84729.4296875,84745.46875,84680.1875,84697.0703125,0.0
2025-12-11 14:15:00+05:30,84706.75,84769.359375,84695.3828125,84745.5703125,0.0
2025-12-11 14:20:00+05:30,84744.5390625,84804.546875,84740.0703125,84761.1328125,0.0
2025-12-11 14:25:00+05:30,84762.421875,84888.34375,84762.421875,84875.453125,0.0
2025-12-11 14:30:00+05:30,84869.046875,84906.140625,84847.2421875,84861.8828125,0.0
2025-12-11 14:35:00+05:30,84861.8828125,84877.359375,84818.90625,84833.1171875,0.0
2025-12-11 14:40:00+05:30,84834.3671875,84838.3515625,84767.28125,84787.328125,0.0
2025-12-11 14:45:00+05:30,84784.3203125,84789.296875,84691.453125,84693.7421875,0.0
2025-12-11 14:50:00+05:30,84691.5703125,84768.2265625,84647.5390625,84739.859375,0.0
2025-12-11 14:55:00+05:30,84737.6171875,84765.921875,84707.109375,84747.28125,0.0
2025-12-11 15:00:00+05:30,84748.5390625,84855.34375,84748.5390625,84853.953125,0.0
2025-12-11 15:05:00+05:30,84841.2890625,84877.2421875,84805.578125,84855.09375,0.0
2025-12-11 15:10:00+05:30,84855.4375,84857.1875,84781.8828125,84806.6796875,0.0
2025-12-11 15:15:00+05:30,84806.34375,84826.8671875,84806.34375,84819.6796875,0.0
2025-12-11 15:20:00+05:30,84819.6796875,84819.9609375,84817.6875,84818.34375,0.0
2025-12-11 15:25:00+05:30,84818.34375,84819.109375,84818.078125,84818.1328125,0.0
2025-12-12 09:15:00+05:30,85089.1328125,85186.7578125,85053.0703125,85186.453125,0.0
2025-12-12 09:20:00+05:30,85187.0234375,85220.25,85145.7734375,85148.359375,0.0
2025-12-12 09:25:00+05:30,85146.859375,85201.1796875,85095.7109375,85192.09375,0.0
2025-12-12 09:30:00+05:30,85192.09375,85282.7578125,85190.6796875,85251.5,0.0
2025-12-12 09:35:00+05:30,85251.2265625,85279.3671875,85221.3671875,85258.171875,0.0
2025-12-12 09:40:00+05:30,85259.3125,85266.109375,85213.09375,85229.1875,0.0
2025-12-12 09:45:00+05:30,85228.828125,85233.53125,85187.0,85197.25,0.0
2025-12-12 09:50:00+05:30,85199.03125,85219.4609375,85178.34375,85183.8828125,0.0
2025-12-12 09:55:00+05:30,85185.109375,85217.6015625,85152.2890625,85169.09375,0.0
2025-12-12 10:00:00+05:30,85168.671875,85177.796875,85145.75,85151.2734375,0.0
2025-12-12 10:05:00+05:30,85157.546875,85160.3984375,85050.6484375,85081.09375,0.0
2025-12-12 10:10:00+05:30,85081.09375,85116.96875,85054.15625,85116.6484375,0.0
2025-12-12 10:15:00+05:30,85112.8984375,85176.140625,85108.890625,85169.3828125,0.0
2025-12-12 10:20:00+05:30,85168.3203125,85177.5234375,85027.96875,85030.1328125,0.0
2025-12-12 10:25:00+05:30,85028.1875,85040.4375,84957.0390625,85000.0625,0.0
2025-12-12 10:30:00+05:30,84999.9921875,85088.8515625,84998.3984375,85086.9765625,0.0
2025-12-12 10:35:00+05:30,85086.7109375,85088.21875,85034.890625,85036.7578125,0.0
2025-12-12 10:40:00+05:30,85036.7578125,85036.7578125,84999.3515625,85012.671875,0.0
2025-12-12 10:45:00+05:30,85013.1328125,85049.640625,84991.546875,84997.171875,0.0
2025-12-12 10:50:00+05:30,84995.9609375,85029.0078125,84974.9765625,85014.6484375,0.0
2025-12-12 10:55:00+05:30,85014.0078125,85044.1484375,84983.46875,84990.8515625,0.0
2025-12-12 11:00:00+05:30,84992.4296875,85089.828125,84986.7109375,85080.3203125,0.0
2025-12-12 11:05:00+05:30,85078.90625,85087.4765625,85059.046875,85084.7734375,0.0
2025-12-12 11:10:00+05:30,85087.90625,85147.0625,85085.5703125,85117.3125,0.0
2025-12-12 11:15:00+05:30,85117.3125,85132.6171875,85110.9921875,85123.15625,0.0
2025-12-12 11:20:00+05:30,85123.40625,85217.03125,85122.78125,85206.828125,0.0
2025-12-12 11:25:00+05:30,85207.6484375,85211.6015625,85176.1484375,85199.140625,0.0
2025-12-12 11:30:00+05:30,85199.140625,85219.1875,85185.296875,85211.453125,0.0
2025-12-12 11:35:00+05:30,85211.453125,85227.7734375,85192.40625,85197.7265625,0.0
2025-12-12 11:40:00+05:30,85198.7890625,85211.3515625,85172.15625,85209.6171875,0.0
2025-12-12 11:45:00+05:30,85209.6171875,85223.046875,85177.0703125,85185.2890625,0.0
2025-12-12 11:50:00+05:30,85183.828125,85246.84375,85174.59375,85242.796875,0.0
2025-12-12 11:55:00+05:30,85242.796875,85253.859375,85232.109375,85240.4296875,0.0
2025-12-12 12:00:00+05:30,85239.890625,85280.6328125,85229.6328125,85233.0234375,0.0
2025-12-12 12:05:00+05:30,85233.3984375,85241.640625,85190.46875,85206.3203125,0.0
2025-12-12 12:10:00+05:30,85205.5234375,85208.8203125,85161.4765625,85193.6796875,0.0
2025-12-12 12:15:00+05:30,85193.6796875,85218.453125,85188.5234375,85196.7265625,0.0
2025-12-12 12:20:00+05:30,85196.9609375,85226.296875,85196.9609375,85223.046875,0.0
2025-12-12 12:25:00+05:30,85223.046875,85252.46875,85218.3984375,85235.03125,0.0
2025-12-12 12:30:00+05:30,85235.2265625,85262.2265625,85222.09375,85262.2265625,0.0
2025-12-12 12:35:00+05:30,85262.5390625,85271.0703125,85221.3828125,85222.4375,0.0
2025-12-12 12:40:00+05:30,85222.8828125,85235.0625,85210.7265625,85219.3125,0.0
2025-12-12 12:45:00+05:30,85214.5625,85214.5625,85189.09375,85198.046875,0.0
2025-12-12 12:50:00+05:30,85196.28125,85211.890625,85183.5,85209.9296875,0.0
2025-12-12 12:55:00+05:30,85209.9296875,85219.59375,85203.96875,85205.4921875,0.0
2025-12-12 13:00:00+05:30,85206.109375,85241.03125,85204.9921875,85220.3671875,0.0
2025-12-12 13:05:00+05:30,85220.3671875,85229.8984375,85169.4296875,85201.4296875,0.0
2025-12-12 13:10:00+05:30,85201.4296875,85246.1875,85194.8515625,85240.46875,0.0
2025-12-12 13:15:00+05:30,85240.78125,85252.7265625,85228.2734375,85235.0625,0.0
2025-12-12 13:20:00+05:30,85237.5390625,85242.546875,85219.1484375,85224.75,0.0
2025-12-12 13:25:00+05:30,85223.8203125,85232.59375,85185.3984375,85185.5703125,0.0
2025-12-12 13:30:00+05:30,85185.921875,85202.609375,85182.75,85190.90625,0.0
2025-12-12 13:35:00+05:30,85190.1796875,85222.3203125,85186.8515625,85207.59375,0.0
2025-12-12 13:40:00+05:30,85207.3984375,85236.2890625,85206.7109375,85215.2265625,0.0
2025-12-12 13:45:00+05:30,85215.2265625,85236.859375,85208.328125,85234.4921875,0.0
2025-12-12 13:50:00+05:30,85234.953125,85248.7109375,85214.7578125,85216.84375,0.0
2025-12-12 13:55:00+05:30,85216.84375,85236.3515625,85215.4296875,85222.40625,0.0
2025-12-12 14:00:00+05:30,85222.296875,85270.6171875,85220.078125,85270.6171875,0.0
2025-12-12 14:05:00+05:30,85272.0,85307.921875,85267.4296875,85302.3671875,0.0
2025-12-12 14:10:00+05:30,85302.859375,85310.7421875,85262.140625,85268.9375,0.0
2025-12-12 14:15:00+05:30,85269.109375,85277.6015625,85256.390625,85265.046875,0.0
2025-12-12 14:20:00+05:30,85262.5,85273.328125,85253.359375,85257.2578125,0.0
2025-12-12 14:25:00+05:30,85256.3515625,85263.6875,85214.2265625,85244.703125,0.0
2025-12-12 14:30:00+05:30,85241.3984375,85259.1484375,85220.7265625,85246.9296875,0.0
2025-12-12 14:35:00+05:30,85251.21875,85256.75,85199.71875,85207.6171875,0.0
2025-12-12 14:40:00+05:30,85207.7421875,85226.0234375,85196.609375,85225.7734375,0.0
2025-12-12 14:45:00+05:30,85224.03125,85227.3984375,85193.40625,85196.5234375,0.0
2025-12-12 14:50:00+05:30,85196.34375,85212.90625,85187.2109375,85200.859375,0.0
2025-12-12 14:55:00+05:30,85202.40625,85228.4765625,85199.5,85212.90625,0.0
2025-12-12 15:00:00+05:30,85224.8984375,85289.4609375,85224.8984375,85248.9921875,0.0
2025-12-12 15:05:00+05:30,85249.84375,85303.328125,85249.84375,85298.9921875,0.0
2025-12-12 15:10:00+05:30,85299.8125,85320.8203125,85288.0,85310.34375,0.0
2025-12-12 15:15:00+05:30,85307.890625,85307.890625,85273.8125,85273.8671875,0.0
2025-12-12 15:20:00+05:30,85273.8671875,85273.96875,85268.8671875,85269.171875,0.0
2025-12-12 15:25:00+05:30,85269.171875,85270.578125,85267.5234375,85267.65625,0.0
2025-12-15 09:15:00+05:30,84898.203125,85150.0390625,84898.203125,85017.6328125,0.0
2025-12-15 09:20:00+05:30,85017.0703125,85018.796875,84897.9296875,84897.9296875,0.0
2025-12-15 09:25:00+05:30,84899.5234375,84937.9921875,84868.9375,84875.4765625,0.0
2025-12-15 09:30:00+05:30,84873.953125,84915.8984375,84864.328125,84876.703125,0.0
2025-12-15 09:35:00+05:30,84878.0703125,84937.3203125,84869.359375,84919.28125,0.0
2025-12-15 09:40:00+05:30,84918.8671875,84944.15625,84868.1796875,84872.578125,0.0
2025-12-15 09:45:00+05:30,84871.3984375,84951.859375,84841.03125,84945.25,0.0
2025-12-15 09:50:00+05:30,84944.2578125,84969.8203125,84933.140625,84962.7421875,0.0
2025-12-15 09:55:00+05:30,84962.7421875,84999.328125,84942.390625,84996.8125,0.0
2025-12-15 10:00:00+05:30,84999.5234375,85027.890625,84982.28125,84994.2890625,0.0
2025-12-15 10:05:00+05:30,84996.75,85021.1171875,84972.21875,84994.65625,0.0
2025-12-15 10:10:00+05:30,84990.59375,85033.078125,84965.15625,85033.03125,0.0
2025-12-15 10:15:00+05:30,85032.671875,85066.7421875,85027.2890625,85048.9765625,0.0
2025-12-15 10:20:00+05:30,85048.8671875,85062.0390625,85030.390625,85036.7578125,0.0
2025-12-15 10:25:00+05:30,85039.2421875,85068.78125,84999.0625,85062.1484375,0.0
2025-12-15 10:30:00+05:30,85060.796875,85080.4765625,85048.2578125,85061.4609375,0.0
2025-12-15 10:35:00+05:30,85060.703125,85063.1328125,84998.2109375,85007.28125,0.0
2025-12-15 10:40:00+05:30,85006.859375,85032.1171875,84969.796875,85028.96875,0.0
2025-12-15 10:45:00+05:30,85028.0234375,85102.09375,85022.609375,85097.2890625,0.0
2025-12-15 10:50:00+05:30,85098.0625,85131.8984375,85083.5078125,85126.8203125,0.0
2025-12-15 10:55:00+05:30,85126.8984375,85129.03125,85099.7890625,85108.1015625,0.0
2025-12-15 11:00:00+05:30,85106.453125,85116.03125,85089.5234375,85099.5078125,0.0
2025-12-15 11:05:00+05:30,85097.5703125,85104.8515625,85060.9375,85068.0234375,0.0
2025-12-15 11:10:00+05:30,85068.0234375,85081.5078125,85059.3984375,85073.3203125,0.0
2025-12-15 11:15:00+05:30,85073.4765625,85078.8671875,85053.7734375,85072.0,0.0
2025-12-15 11:20:00+05:30,85071.953125,85071.953125,85024.0234375,85045.953125,0.0
2025-12-15 11:25:00+05:30,85045.953125,85102.8828125,85045.6171875,85088.421875,0.0
2025-12-15 11:30:00+05:30,85087.859375,85096.3125,85024.453125,85024.453125,0.0
2025-12-15 11:35:00+05:30,85024.6015625,85048.6015625,85005.953125,85032.2109375,0.0
2025-12-15 11:40:00+05:30,85032.2109375,85043.0390625,85015.75,85020.3125,0.0
2025-12-15 11:45:00+05:30,85020.3125,85116.28125,85020.3125,85114.3671875,0.0
2025-12-15 11:50:00+05:30,85114.328125,85182.9609375,85114.328125,85173.8125,0.0
2025-12-15 11:55:00+05:30,85173.5078125,85204.5703125,85170.59375,85192.2421875,0.0
2025-12-15 12:00:00+05:30,85194.421875,85209.328125,85182.7734375,85192.2578125,0.0
2025-12-15 12:05:00+05:30,85191.1015625,85239.09375,85176.921875,85216.8984375,0.0
2025-12-15 12:10:00+05:30,85217.6171875,85222.4375,85192.21875,85205.34375,0.0
2025-12-15 12:15:00+05:30,85205.328125,85217.046875,85192.109375,85205.578125,0.0
2025-12-15 12:20:00+05:30,85205.578125,85243.2734375,85198.3828125,85236.2890625,0.0
2025-12-15 12:25:00+05:30,85236.2890625,85238.75,85192.1171875,85220.2578125,0.0
2025-12-15 12:30:00+05:30,85220.2578125,85242.4375,85212.640625,85237.828125,0.0
2025-12-15 12:35:00+05:30,85237.828125,85247.609375,85217.8203125,85223.609375,0.0
2025-12-15 12:40:00+05:30,85222.171875,85227.6875,85168.2578125,85181.578125,0.0
2025-12-15 12:45:00+05:30,85179.9375,85185.90625,85156.640625,85181.0390625,0.0
2025-12-15 12:50:00+05:30,85180.5234375,85217.3984375,85174.03125,85204.7890625,0.0
2025-12-15 12:55:00+05:30,85204.3828125,85204.546875,85164.703125,85180.3203125,0.0
2025-12-15 13:00:00+05:30,85181.3203125,85213.328125,85181.3203125,85210.2578125,0.0
2025-12-15 13:05:00+05:30,85214.7734375,85247.28125,85214.7734375,85241.5390625,0.0
2025-12-15 13:10:00+05:30,85243.6796875,85274.53125,85240.5078125,85272.9921875,0.0
2025-12-15 13:15:00+05:30,85270.9375,85275.4609375,85239.671875,85248.28125,0.0
2025-12-15 13:20:00+05:30,85248.28125,85249.703125,85227.7578125,85243.15625,0.0
2025-12-15 13:25:00+05:30,85242.3984375,85246.7890625,85204.96875,85206.4921875,0.0
2025-12-15 13:30:00+05:30,85205.65625,85220.7421875,85204.4375,85220.1796875,0.0
2025-12-15 13:35:00+05:30,85220.59375,85249.1875,85216.890625,85225.1328125,0.0
2025-12-15 13:40:00+05:30,85224.6328125,85245.5078125,85205.1796875,85210.0703125,0.0
2025-12-15 13:45:00+05:30,85208.78125,85237.0,85207.09375,85231.8515625,0.0
2025-12-15 13:50:00+05:30,85231.8515625,85240.4609375,85211.28125,85232.578125,0.0
2025-12-15 13:55:00+05:30,85232.171875,85232.859375,85185.78125,85202.359375,0.0
2025-12-15 14:00:00+05:30,85202.2421875,85255.2421875,85197.359375,85236.0625,0.0
2025-12-15 14:05:00+05:30,85234.3671875,85240.3203125,85152.671875,85158.9765625,0.0
2025-12-15 14:10:00+05:30,85152.6171875,85160.5078125,85108.53125,85148.40625,0.0
2025-12-15 14:15:00+05:30,85152.5390625,85188.0234375,85144.6328125,85165.78125,0.0
2025-12-15 14:20:00+05:30,85164.9296875,85185.6015625,85151.328125,85159.8203125,0.0
2025-12-15 14:25:00+05:30,85162.3515625,85180.40625,85159.9765625,85165.9921875,0.0
2025-12-15 14:30:00+05:30,85167.0078125,85188.0703125,85166.40625,85170.859375,0.0
2025-12-15 14:35:00+05:30,85172.25,85184.3828125,85159.7109375,85165.53125,0.0
2025-12-15 14:40:00+05:30,85165.0234375,85238.15625,85163.46875,85236.453125,0.0
2025-12-15 14:45:00+05:30,85237.2265625,85278.5078125,85215.0625,85215.65625,0.0
2025-12-15 14:50:00+05:30,85215.4921875,85246.328125,85215.40625,85234.1015625,0.0
2025-12-15 14:55:00+05:30,85234.59375,85248.5703125,85222.6328125,85242.75,0.0
2025-12-15 15:00:00+05:30,85250.6796875,85251.53125,85207.5234375,85210.7890625,0.0
2025-12-15 15:05:00+05:30,85214.6796875,85232.6484375,85194.7265625,85227.4296875,0.0
2025-12-15 15:10:00+05:30,85227.6796875,85256.8203125,85215.1484375,85221.1796875,0.0
2025-12-15 15:15:00+05:30,85221.03125,85230.5,85221.03125,85224.390625,0.0
2025-12-15 15:20:00+05:30,85224.390625,85224.390625,85217.6796875,85218.8984375,0.0
2025-12-15 15:25:00+05:30,85218.8984375,85218.8984375,85213.9609375,85213.9609375,0.0
2025-12-16 09:15:00+05:30,85010.3671875,85033.8828125,84874.703125,84923.03125,0.0
2025-12-16 09:20:00+05:30,84919.390625,84939.359375,84871.2734375,84878.7890625,0.0
2025-12-16 09:25:00+05:30,84871.7578125,84892.0,84847.84375,84852.9296875,0.0
2025-12-16 09:30:00+05:30,84852.5625,84861.1171875,84797.078125,84831.0,0.0
2025-12-16 09:35:00+05:30,84825.9296875,84839.6171875,84796.59375,84834.5390625,0.0
2025-12-16 09:40:00+05:30,84835.9296875,84882.9921875,84823.5703125,84851.953125,0.0
2025-12-16 09:45:00+05:30,84857.4765625,84904.3515625,84846.1484375,84892.3203125,0.0
2025-12-16 09:50:00+05:30,84890.4375,84911.3203125,84871.703125,84897.4296875,0.0
2025-12-16 09:55:00+05:30,84901.3828125,84907.7890625,84787.5625,84790.9609375,0.0
2025-12-16 10:00:00+05:30,84791.34375,84795.359375,84717.078125,84744.2734375,0.0
2025-12-16 10:05:00+05:30,84745.78125,84781.1484375,84739.453125,84750.5625,0.0
2025-12-16 10:10:00+05:30,84749.40625,84755.796875,84720.8828125,84750.3671875,0.0
2025-12-16 10:15:00+05:30,84752.5078125,84817.359375,84738.15625,84817.1171875,0.0
2025-12-16 10:20:00+05:30,84816.6796875,84832.171875,84801.1015625,84813.1328125,0.0
2025-12-16 10:25:00+05:30,84815.03125,84848.03125,84808.5703125,84818.8828125,0.0
2025-12-16 10:30:00+05:30,84818.359375,84851.0234375,84808.578125,84833.15625,0.0
2025-12-16 10:35:00+05:30,84829.5234375,84829.5234375,84773.84375,84794.8828125,0.0
2025-12-16 10:40:00+05:30,84794.8828125,84806.3984375,84763.8125,84785.0390625,0.0
2025-12-16 10:45:00+05:30,84785.0390625,84790.5390625,84761.4765625,84780.703125,0.0
2025-12-16 10:50:00+05:30,84782.0625,84788.9609375,84749.53125,84783.921875,0.0
2025-12-16 10:55:00+05:30,84783.921875,84804.6171875,84744.078125,84765.0703125,0.0
2025-12-16 11:00:00+05:30,84766.390625,84774.671875,84734.1171875,84771.0390625,0.0
2025-12-16 11:05:00+05:30,84769.59375,84788.4609375,84753.8125,84767.5390625,0.0
2025-12-16 11:10:00+05:30,84767.859375,84782.3125,84747.3828125,84754.140625,0.0
2025-12-16 11:15:00+05:30,84754.140625,84774.1875,84737.2578125,84773.28125,0.0
2025-12-16 11:20:00+05:30,84768.7734375,84808.5078125,84763.3671875,84774.8203125,0.0
2025-12-16 11:25:00+05:30,84771.9765625,84806.2734375,84762.1171875,84803.7265625,0.0
2025-12-16 11:30:00+05:30,84803.7265625,84804.09375,84746.2734375,84758.140625,0.0
2025-12-16 11:35:00+05:30,84758.046875,84758.046875,84700.359375,84725.0625,0.0
2025-12-16 11:40:00+05:30,84724.53125,84725.6015625,84695.0078125,84708.2890625,0.0
2025-12-16 11:45:00+05:30,84708.09375,84724.5390625,84684.1875,84709.3984375,0.0
2025-12-16 11:50:00+05:30,84709.078125,84749.96875,84707.6015625,84749.7421875,0.0
2025-12-16 11:55:00+05:30,84747.3671875,84755.2421875,84710.1015625,84714.5625,0.0
2025-12-16 12:00:00+05:30,84716.9609375,84736.9296875,84708.4765625,84730.21875,0.0
2025-12-16 12:05:00+05:30,84730.5234375,84757.1015625,84721.953125,84733.7265625,0.0
2025-12-16 12:10:00+05:30,84737.0,84760.4921875,84725.2734375,84746.53125,0.0
2025-12-16 12:15:00+05:30,84745.0703125,84771.78125,84728.53125,84771.109375,0.0
2025-12-16 12:20:00+05:30,84771.109375,84779.4609375,84758.3515625,84770.2578125,0.0
2025-12-16 12:25:00+05:30,84770.25,84825.046875,84769.6328125,84818.078125,0.0
2025-12-16 12:30:00+05:30,84815.90625,84845.3125,84803.203125,84817.2890625,0.0
2025-12-16 12:35:00+05:30,84817.2890625,84822.703125,84741.53125,84759.1796875,0.0
2025-12-16 12:40:00+05:30,84759.1796875,84793.65625,84744.421875,84779.71875,0.0
2025-12-16 12:45:00+05:30,84779.3671875,84780.5703125,84725.0078125,84727.9296875,0.0
2025-12-16 12:50:00+05:30,84729.453125,84805.6875,84727.15625,84756.4375,0.0
2025-12-16 12:55:00+05:30,84755.2578125,84805.4609375,84719.4765625,84805.1484375,0.0
2025-12-16 13:00:00+05:30,84804.796875,84804.796875,84756.0234375,84758.4921875,0.0
2025-12-16 13:05:00+05:30,84753.8828125,84753.8828125,84721.7109375,84740.1171875,0.0
2025-12-16 13:10:00+05:30,84740.1171875,84778.6171875,84735.0078125,84764.71875,0.0
2025-12-16 13:15:00+05:30,84766.2421875,84800.8515625,84737.5625,84745.5703125,0.0
2025-12-16 13:20:00+05:30,84745.5703125,84773.8203125,84744.7265625,84764.140625,0.0
2025-12-16 13:25:00+05:30,84764.03125,84770.7890625,84741.4609375,84743.296875,0.0
2025-12-16 13:30:00+05:30,84743.2109375,84788.4765625,84738.9375,84781.75,0.0
2025-12-16 13:35:00+05:30,84781.75,84826.1328125,84779.890625,84826.1328125,0.0
2025-12-16 13:40:00+05:30,84825.796875,84862.078125,84809.0,84817.2734375,0.0
2025-12-16 13:45:00+05:30,84817.796875,84904.2421875,84816.09375,84884.1015625,0.0
2025-12-16 13:50:00+05:30,84884.5078125,84901.2109375,84862.9609375,84867.6484375,0.0
2025-12-16 13:55:00+05:30,84866.59375,84868.171875,84800.2109375,84810.4921875,0.0
2025-12-16 14:00:00+05:30,84811.4296875,84811.5,84787.4609375,84801.6171875,0.0
2025-12-16 14:05:00+05:30,84801.6171875,84842.0390625,84751.171875,84776.453125,0.0
2025-12-16 14:10:00+05:30,84776.6328125,84778.40625,84747.8984375,84767.5703125,0.0
2025-12-16 14:15:00+05:30,84763.703125,84768.4375,84699.8515625,84699.8515625,0.0
2025-12-16 14:20:00+05:30,84698.5703125,84720.3515625,84655.0078125,84716.3203125,0.0
2025-12-16 14:25:00+05:30,84716.3203125,84729.3828125,84672.0,84720.921875,0.0
2025-12-16 14:30:00+05:30,84716.8984375,84718.8671875,84660.2109375,84668.25,0.0
2025-12-16 14:35:00+05:30,84669.921875,84697.6875,84665.578125,84667.0078125,0.0
2025-12-16 14:40:00+05:30,84668.59375,84713.7109375,84667.671875,84710.5234375,0.0
2025-12-16 14:45:00+05:30,84709.5234375,84743.2265625,84680.25,84691.859375,0.0
2025-12-16 14:50:00+05:30,84699.8828125,84769.40625,84699.8828125,84754.8125,0.0
2025-12-16 14:55:00+05:30,84760.3671875,84802.828125,84731.53125,84742.078125,0.0
2025-12-16 15:00:00+05:30,84755.5703125,84789.6484375,84718.2890625,84721.203125,0.0
2025-12-16 15:05:00+05:30,84720.71875,84745.703125,84685.078125,84689.96875,0.0
2025-12-16 15:10:00+05:30,84692.3125,84713.7578125,84672.71875,84685.3203125,0.0
2025-12-16 15:15:00+05:30,84685.7578125,84710.6484375,84685.7578125,84696.5703125,0.0
2025-12-16 15:20:00+05:30,84696.5703125,84696.5703125,84685.21875,84685.5625,0.0
2025-12-16 15:25:00+05:30,84685.5625,84685.5625,84680.1875,84680.1875,0.0
2025-12-17 09:15:00+05:30,84830.9296875,84830.9296875,84652.8203125,84703.671875,0.0
2025-12-17 09:20:00+05:30,84710.3515625,84871.59375,84686.1875,84866.7578125,0.0
2025-12-17 09:25:00+05:30,84868.6328125,84879.3125,84811.96875,84822.546875,0.0
2025-12-17 09:30:00+05:30,84821.65625,84868.359375,84785.1875,84867.6875,0.0
2025-12-17 09:35:00+05:30,84868.03125,84889.046875,84838.0625,84848.890625,0.0
2025-12-17 09:40:00+05:30,84849.03125,84857.1796875,84717.046875,84730.796875,0.0
2025-12-17 09:45:00+05:30,84730.796875,84761.2890625,84677.03125,84684.28125,0.0
2025-12-17 09:50:00+05:30,84679.4609375,84685.7578125,84639.109375,84681.3984375,0.0
2025-12-17 09:55:00+05:30,84676.140625,84729.2578125,84669.96875,84696.8671875,0.0
2025-12-17 10:00:00+05:30,84696.7421875,84702.828125,84631.9609375,84631.9609375,0.0
2025-12-17 10:05:00+05:30,84634.4609375,84636.296875,84570.7109375,84613.8984375,0.0
2025-12-17 10:10:00+05:30,84613.8984375,84628.8828125,84586.2109375,84614.1796875,0.0
2025-12-17 10:15:00+05:30,84615.0625,84650.078125,84583.5625,84649.90625,0.0
2025-12-17 10:20:00+05:30,84645.46875,84646.3203125,84575.0625,84577.5625,0.0
2025-12-17 10:25:00+05:30,84576.78125,84590.6328125,84522.75,84532.578125,0.0
2025-12-17 10:30:00+05:30,84532.09375,84576.3515625,84514.109375,84564.7734375,0.0
2025-12-17 10:35:00+05:30,84560.25,84567.34375,84529.2578125,84545.9765625,0.0
2025-12-17 10:40:00+05:30,84544.7734375,84563.9375,84528.890625,84551.421875,0.0
2025-12-17 10:45:00+05:30,84551.03125,84594.578125,84533.65625,84581.2890625,0.0
2025-12-17 10:50:00+05:30,84581.2890625,84589.1328125,84543.1875,84543.1875,0.0
2025-12-17 10:55:00+05:30,84540.8671875,84549.34375,84491.953125,84544.5625,0.0
2025-12-17 11:00:00+05:30,84544.7421875,84577.0625,84516.4921875,84554.8828125,0.0
2025-12-17 11:05:00+05:30,84555.1484375,84615.7265625,84547.4765625,84592.78125,0.0
2025-12-17 11:10:00+05:30,84587.1171875,84619.4296875,84572.3125,84616.09375,0.0
2025-12-17 11:15:00+05:30,84616.09375,84646.9296875,84601.703125,84604.078125,0.0
2025-12-17 11:20:00+05:30,84604.078125,84609.1328125,84559.203125,84567.1015625,0.0
2025-12-17 11:25:00+05:30,84566.1328125,84571.921875,84520.53125,84529.75,0.0
2025-12-17 11:30:00+05:30,84532.703125,84565.4296875,84492.53125,84520.203125,0.0
2025-12-17 11:35:00+05:30,84519.3828125,84547.8125,84512.96875,84545.5234375,0.0
2025-12-17 11:40:00+05:30,84545.2421875,84582.9921875,84540.03125,84570.21875,0.0
2025-12-17 11:45:00+05:30,84570.34375,84632.9921875,84558.1015625,84626.1015625,0.0
2025-12-17 11:50:00+05:30,84625.1015625,84650.53125,84551.609375,84571.578125,0.0
2025-12-17 11:55:00+05:30,84574.1796875,84588.3984375,84525.28125,84528.0078125,0.0
2025-12-17 12:00:00+05:30,84528.0078125,84528.0078125,84454.171875,84459.2265625,0.0
2025-12-17 12:05:00+05:30,84458.8828125,84497.640625,84440.4609375,84441.921875,0.0
2025-12-17 12:10:00+05:30,84442.5,84500.9609375,84437.90625,84460.1875,0.0
2025-12-17 12:15:00+05:30,84460.890625,84501.96875,84452.546875,84500.921875,0.0
2025-12-17 12:20:00+05:30,84501.0078125,84501.0078125,84458.5078125,84462.7265625,0.0
2025-12-17 12:25:00+05:30,84467.53125,84473.0,84417.9765625,84436.203125,0.0
2025-12-17 12:30:00+05:30,84436.4296875,84467.921875,84429.171875,84460.6875,0.0
2025-12-17 12:35:00+05:30,84461.578125,84473.3671875,84438.296875,84451.9375,0.0
2025-12-17 12:40:00+05:30,84451.9375,84468.3984375,84430.8984375,84463.7109375,0.0
2025-12-17 12:45:00+05:30,84463.7109375,84491.9921875,84463.7109375,84479.7734375,0.0
2025-12-17 12:50:00+05:30,84480.2734375,84534.96875,84465.96875,84471.9765625,0.0
2025-12-17 12:55:00+05:30,84471.9765625,84471.9765625,84429.9921875,84438.4921875,0.0
2025-12-17 13:00:00+05:30,84439.2109375,84482.25,84430.859375,84482.25,0.0
2025-12-17 13:05:00+05:30,84485.9375,84498.4609375,84461.6796875,84461.6796875,0.0
2025-12-17 13:10:00+05:30,84462.3984375,84491.7421875,84445.53125,84469.53125,0.0
2025-12-17 13:15:00+05:30,84469.7109375,84541.75,84462.1796875,84524.9921875,0.0
2025-12-17 13:20:00+05:30,84519.2734375,84526.671875,84498.09375,84525.9375,0.0
2025-12-17 13:25:00+05:30,84520.4765625,84578.96875,84520.4765625,84543.6875,0.0
2025-12-17 13:30:00+05:30,84541.046875,84549.0703125,84499.703125,84500.0,0.0
2025-12-17 13:35:00+05:30,84500.0,84502.9609375,84461.34375,84465.546875,0.0
2025-12-17 13:40:00+05:30,84466.78125,84490.5234375,84440.6015625,84450.9765625,0.0
2025-12-17 13:45:00+05:30,84450.9765625,84484.5078125,84450.9765625,84470.59375,0.0
2025-12-17 13:50:00+05:30,84470.2890625,84479.9375,84458.0390625,84475.171875,0.0
2025-12-17 13:55:00+05:30,84476.8984375,84484.6875,84436.7890625,84478.21875,0.0
2025-12-17 14:00:00+05:30,84478.078125,84489.78125,84460.2734375,84480.2265625,0.0
2025-12-17 14:05:00+05:30,84480.2265625,84491.6484375,84467.828125,84471.8125,0.0
2025-12-17 14:10:00+05:30,84471.71875,84499.5390625,84459.578125,84496.9609375,0.0
2025-12-17 14:15:00+05:30,84496.046875,84582.171875,84488.921875,84582.171875,0.0
2025-12-17 14:20:00+05:30,84582.1015625,84593.4375,84497.2421875,84498.25,0.0
2025-12-17 14:25:00+05:30,84498.25,84498.25,84465.46875,84468.6171875,0.0
2025-12-17 14:30:00+05:30,84468.6171875,84531.8515625,84468.4921875,84531.8515625,0.0
2025-12-17 14:35:00+05:30,84534.9296875,84564.65625,84426.421875,84438.421875,0.0
2025-12-17 14:40:00+05:30,84439.8984375,84472.46875,84421.7265625,84467.5,0.0
2025-12-17 14:45:00+05:30,84467.5,84539.9375,84467.34375,84521.5234375,0.0
2025-12-17 14:50:00+05:30,84521.4296875,84547.09375,84501.3203125,84541.2109375,0.0
2025-12-17 14:55:00+05:30,84537.40625,84544.953125,84512.25,84530.328125,0.0
2025-12-17 15:00:00+05:30,84536.2890625,84582.8125,84536.2890625,84565.2265625,0.0
2025-12-17 15:05:00+05:30,84563.90625,84576.828125,84541.6484375,84543.0390625,0.0
2025-12-17 15:10:00+05:30,84543.0390625,84553.890625,84527.4921875,84538.96875,0.0
2025-12-17 15:15:00+05:30,84538.6328125,84554.5390625,84538.6328125,84545.921875,0.0
2025-12-17 15:20:00+05:30,84545.921875,84548.90625,84543.7109375,84548.90625,0.0
2025-12-17 15:25:00+05:30,84548.90625,84560.7890625,84548.90625,84559.6484375,0.0
2025-12-18 09:15:00+05:30,84451.65625,84557.6484375,84344.953125,84399.0625,0.0
2025-12-18 09:20:00+05:30,84397.7578125,84493.671875,84388.7890625,84483.40625,0.0
2025-12-18 09:25:00+05:30,84483.0390625,84495.7578125,84435.0234375,84444.96875,0.0
2025-12-18 09:30:00+05:30,84436.6171875,84467.4765625,84384.0625,84412.9609375,0.0
2025-12-18 09:35:00+05:30,84413.1328125,84457.28125,84360.0390625,84403.4765625,0.0
2025-12-18 09:40:00+05:30,84405.1875,84405.1875,84309.953125,84316.6484375,0.0
2025-12-18 09:45:00+05:30,84316.0234375,84330.5,84238.4296875,84283.390625,0.0
2025-12-18 09:50:00+05:30,84282.1875,84336.1171875,84272.5703125,84321.109375,0.0
2025-12-18 09:55:00+05:30,84321.53125,84365.9296875,84306.21875,84319.5390625,0.0
2025-12-18 10:00:00+05:30,84321.078125,84352.4921875,84274.1796875,84322.1875,0.0
2025-12-18 10:05:00+05:30,84323.3828125,84427.5625,84305.5625,84404.8671875,0.0
2025-12-18 10:10:00+05:30,84410.3671875,84487.578125,84383.8203125,84456.8828125,0.0
2025-12-18 10:15:00+05:30,84457.2578125,84563.90625,84422.5390625,84563.90625,0.0
2025-12-18 10:20:00+05:30,84568.578125,84606.2109375,84525.921875,84585.203125,0.0
2025-12-18 10:25:00+05:30,84585.59375,84600.0078125,84531.65625,84549.4296875,0.0
2025-12-18 10:30:00+05:30,84551.046875,84654.59375,84542.2421875,84631.1171875,0.0
2025-12-18 10:35:00+05:30,84627.703125,84653.0,84587.1875,84623.6484375,0.0
2025-12-18 10:40:00+05:30,84621.2421875,84673.4609375,84611.7421875,84637.5390625,0.0
2025-12-18 10:45:00+05:30,84637.5390625,84675.3828125,84616.4765625,84620.1171875,0.0
2025-12-18 10:50:00+05:30,84613.78125,84639.9296875,84596.171875,84624.8125,0.0
2025-12-18 10:55:00+05:30,84624.4609375,84636.9765625,84610.0,84632.71875,0.0
2025-12-18 11:00:00+05:30,84632.71875,84639.9921875,84548.8203125,84566.3125,0.0
2025-12-18 11:05:00+05:30,84566.6328125,84601.1796875,84549.828125,84579.28125,0.0
2025-12-18 11:10:00+05:30,84552.8671875,84577.9765625,84540.5234375,84542.921875,0.0
2025-12-18 11:15:00+05:30,84542.7421875,84561.609375,84510.3125,84512.03125,0.0
2025-12-18 11:20:00+05:30,84513.890625,84631.3203125,84513.0390625,84625.296875,0.0
2025-12-18 11:25:00+05:30,84622.3125,84644.2421875,84595.140625,84615.703125,0.0
2025-12-18 11:30:00+05:30,84616.78125,84661.09375,84616.359375,84629.2109375,0.0
2025-12-18 11:35:00+05:30,84627.6875,84647.8203125,84614.6875,84645.7109375,0.0
2025-12-18 11:40:00+05:30,84645.0,84647.671875,84600.578125,84602.1484375,0.0
2025-12-18 11:45:00+05:30,84603.2265625,84630.6484375,84576.296875,84601.078125,0.0
2025-12-18 11:50:00+05:30,84602.40625,84682.2421875,84596.953125,84669.7109375,0.0
2025-12-18 11:55:00+05:30,84669.7109375,84681.7265625,84650.09375,84670.453125,0.0
2025-12-18 12:00:00+05:30,84668.7734375,84693.640625,84635.9921875,84662.1328125,0.0
2025-12-18 12:05:00+05:30,84659.3671875,84695.140625,84591.7890625,84686.46875,0.0
2025-12-18 12:10:00+05:30,84687.5078125,84718.8203125,84649.109375,84713.203125,0.0
2025-12-18 12:15:00+05:30,84714.2421875,84744.2109375,84661.0,84667.1015625,0.0
2025-12-18 12:20:00+05:30,84670.46875,84697.1171875,84639.9296875,84662.25,0.0
2025-12-18 12:25:00+05:30,84662.71875,84722.5390625,84643.8828125,84713.640625,0.0
2025-12-18 12:30:00+05:30,84718.2109375,84734.2734375,84689.8515625,84730.6015625,0.0
2025-12-18 12:35:00+05:30,84731.15625,84756.046875,84706.0703125,84747.6875,0.0
2025-12-18 12:40:00+05:30,84746.25,84770.4375,84716.1796875,84738.25,0.0
2025-12-18 12:45:00+05:30,84734.1796875,84778.796875,84710.453125,84746.8984375,0.0
2025-12-18 12:50:00+05:30,84746.78125,84746.78125,84685.78125,84692.609375,0.0
2025-12-18 12:55:00+05:30,84698.7109375,84737.2109375,84667.2265625,84682.1015625,0.0
2025-12-18 13:00:00+05:30,84681.6875,84718.59375,84681.6875,84712.296875,0.0
2025-12-18 13:05:00+05:30,84713.828125,84718.9921875,84671.3671875,84686.2578125,0.0
2025-12-18 13:10:00+05:30,84689.046875,84717.53125,84653.8671875,84695.4375,0.0
2025-12-18 13:15:00+05:30,84699.328125,84704.859375,84642.578125,84669.921875,0.0
2025-12-18 13:20:00+05:30,84671.2890625,84673.8203125,84619.703125,84657.6796875,0.0
2025-12-18 13:25:00+05:30,84659.828125,84702.15625,84626.140625,84655.59375,0.0
2025-12-18 13:30:00+05:30,84652.5390625,84660.3828125,84579.328125,84581.046875,0.0
2025-12-18 13:35:00+05:30,84596.1875,84647.3203125,84548.9921875,84629.6171875,0.0
2025-12-18 13:40:00+05:30,84629.6171875,84629.6171875,84574.8125,84576.6171875,0.0
2025-12-18 13:45:00+05:30,84576.75,84617.7421875,84552.8671875,84617.3984375,0.0
2025-12-18 13:50:00+05:30,84617.1796875,84655.1484375,84589.8671875,84622.1875,0.0
2025-12-18 13:55:00+05:30,84622.09375,84638.0703125,84572.90625,84579.7734375,0.0
2025-12-18 14:00:00+05:30,84580.2265625,84589.9765625,84527.90625,84548.3203125,0.0
2025-12-18 14:05:00+05:30,84547.96875,84557.78125,84465.421875,84476.0234375,0.0
2025-12-18 14:10:00+05:30,84475.3671875,84480.8203125,84443.828125,84472.34375,0.0
2025-12-18 14:15:00+05:30,84469.890625,84498.171875,84418.0703125,84482.7109375,0.0
2025-12-18 14:20:00+05:30,84483.7578125,84521.25,84378.359375,84378.359375,0.0
2025-12-18 14:25:00+05:30,84377.7578125,84421.25,84371.0234375,84408.609375,0.0
2025-12-18 14:30:00+05:30,84413.0234375,84551.84375,84409.96875,84465.84375,0.0
2025-12-18 14:35:00+05:30,84462.78125,84477.2421875,84398.546875,84414.8125,0.0
2025-12-18 14:40:00+05:30,84415.859375,84456.8125,84396.1796875,84418.5390625,0.0
2025-12-18 14:45:00+05:30,84418.5,84459.578125,84410.28125,84444.28125,0.0
2025-12-18 14:50:00+05:30,84445.3515625,84450.4921875,84359.7890625,84428.5078125,0.0
2025-12-18 14:55:00+05:30,84424.71875,84485.8125,84381.0703125,84404.5390625,0.0
2025-12-18 15:00:00+05:30,84402.71875,84537.5625,84402.71875,84534.6015625,0.0
2025-12-18 15:05:00+05:30,84539.4765625,84539.4765625,84422.703125,84477.78125,0.0
2025-12-18 15:10:00+05:30,84487.21875,84535.84375,84459.2109375,84518.6796875,0.0
2025-12-18 15:15:00+05:30,84525.3125,84525.3125,84479.6875,84480.671875,0.0
2025-12-18 15:20:00+05:30,84480.671875,84481.15625,84480.546875,84480.84375,0.0
2025-12-18 15:25:00+05:30,84480.84375,84481.8125,84480.4765625,84481.8125,0.0
2025-12-19 09:15:00+05:30,84756.7890625,84886.8828125,84756.7890625,84847.96875,0.0
2025-12-19 09:20:00+05:30,84851.96875,84922.390625,84841.828125,84921.2265625,0.0
2025-12-19 09:25:00+05:30,84916.0078125,84934.96875,84890.5,84928.7890625,0.0
2025-12-19 09:30:00+05:30,84932.15625,85006.1171875,84932.15625,84990.2421875,0.0
2025-12-19 09:35:00+05:30,84990.2421875,85013.03125,84962.828125,85004.328125,0.0
2025-12-19 09:40:00+05:30,85004.59375,85006.21875,84973.171875,84980.90625,0.0
2025-12-19 09:45:00+05:30,84980.90625,85014.828125,84919.046875,84920.1875,0.0
2025-12-19 09:50:00+05:30,84920.1015625,84950.09375,84907.0078125,84950.09375,0.0
2025-12-19 09:55:00+05:30,84948.28125,84984.15625,84939.5078125,84978.1328125,0.0
2025-12-19 10:00:00+05:30,84979.84375,85002.09375,84968.828125,84975.8828125,0.0
2025-12-19 10:05:00+05:30,84975.921875,84975.921875,84886.21875,84938.7109375,0.0
2025-12-19 10:10:00+05:30,84938.7109375,84959.328125,84897.6328125,84899.9765625,0.0
2025-12-19 10:15:00+05:30,84899.9765625,84939.15625,84890.03125,84931.5703125,0.0
2025-12-19 10:20:00+05:30,84930.3828125,84948.4609375,84921.890625,84948.4609375,0.0
2025-12-19 10:25:00+05:30,84946.65625,84996.3828125,84936.09375,84980.25,0.0
2025-12-19 10:30:00+05:30,84977.5234375,84985.84375,84965.078125,84969.3671875,0.0
2025-12-19 10:35:00+05:30,84969.3671875,84994.6796875,84967.6171875,84994.4609375,0.0
2025-12-19 10:40:00+05:30,84993.0703125,85049.578125,84989.2265625,85045.8984375,0.0
2025-12-19 10:45:00+05:30,85047.71875,85067.5,85016.609375,85029.109375,0.0
2025-12-19 10:50:00+05:30,85029.8671875,85060.890625,85019.4375,85039.1796875,0.0
2025-12-19 10:55:00+05:30,85034.2265625,85054.609375,85006.4765625,85019.25,0.0
2025-12-19 11:00:00+05:30,85016.59375,85037.078125,84957.53125,84960.96875,0.0
2025-12-19 11:05:00+05:30,84960.96875,84971.4296875,84938.546875,84953.3515625,0.0
2025-12-19 11:10:00+05:30,84946.0625,84969.09375,84943.546875,84967.34375,0.0
2025-12-19 11:15:00+05:30,84969.3984375,84983.2578125,84948.75,84962.7578125,0.0
2025-12-19 11:20:00+05:30,84962.359375,84977.46875,84941.4296875,84945.1015625,0.0
2025-12-19 11:25:00+05:30,84949.9921875,84949.9921875,84882.3203125,84893.328125,0.0
2025-12-19 11:30:00+05:30,84886.296875,84892.6875,84867.4375,84882.0,0.0
2025-12-19 11:35:00+05:30,84880.2578125,84904.296875,84869.09375,84898.1484375,0.0
2025-12-19 11:40:00+05:30,84898.1484375,84898.1484375,84825.453125,84828.96875,0.0
2025-12-19 11:45:00+05:30,84827.28125,84834.3984375,84792.421875,84820.03125,0.0
2025-12-19 11:50:00+05:30,84821.4609375,84861.8515625,84821.3125,84827.3203125,0.0
2025-12-19 11:55:00+05:30,84826.03125,84845.7109375,84798.296875,84818.40625,0.0
2025-12-19 12:00:00+05:30,84817.7109375,84916.921875,84817.46875,84891.8125,0.0
2025-12-19 12:05:00+05:30,84896.15625,84948.296875,84888.2890625,84937.0078125,0.0
2025-12-19 12:10:00+05:30,84937.953125,84944.046875,84909.046875,84916.4609375,0.0
2025-12-19 12:15:00+05:30,84916.9921875,84934.8984375,84895.2109375,84900.9296875,0.0
2025-12-19 12:20:00+05:30,84900.4296875,84900.4296875,84858.3515625,84862.0078125,0.0
2025-12-19 12:25:00+05:30,84861.7890625,84873.6875,84845.1875,84856.921875,0.0
2025-12-19 12:30:00+05:30,84857.328125,84904.4375,84849.6484375,84902.7421875,0.0
2025-12-19 12:35:00+05:30,84903.796875,84925.7109375,84895.5,84925.0078125,0.0
2025-12-19 12:40:00+05:30,84924.7109375,84933.4375,84909.9765625,84913.2890625,0.0
2025-12-19 12:45:00+05:30,84913.2890625,84929.328125,84885.7265625,84898.0078125,0.0
2025-12-19 12:50:00+05:30,84897.7421875,84923.6328125,84887.6796875,84888.6875,0.0
2025-12-19 12:55:00+05:30,84887.921875,84909.4375,84887.921875,84900.5078125,0.0
2025-12-19 13:00:00+05:30,84900.5078125,84902.2578125,84880.5234375,84893.703125,0.0
2025-12-19 13:05:00+05:30,84897.171875,84901.03125,84848.9609375,84850.078125,0.0
2025-12-19 13:10:00+05:30,84850.828125,84864.4921875,84797.296875,84807.203125,0.0
2025-12-19 13:15:00+05:30,84810.140625,84896.1171875,84806.84375,84896.1015625,0.0
2025-12-19 13:20:00+05:30,84896.8671875,84912.671875,84880.46875,84897.7421875,0.0
2025-12-19 13:25:00+05:30,84894.921875,84898.4609375,84860.1796875,84875.84375,0.0
2025-12-19 13:30:00+05:30,84875.84375,84952.3125,84875.84375,84939.296875,0.0
2025-12-19 13:35:00+05:30,84938.0078125,84964.703125,84926.28125,84931.21875,0.0
2025-12-19 13:40:00+05:30,84932.2265625,84967.2890625,84932.2265625,84957.7578125,0.0
2025-12-19 13:45:00+05:30,84957.6171875,84991.953125,84955.53125,84974.2890625,0.0
2025-12-19 13:50:00+05:30,84974.2890625,84979.75,84956.3671875,84963.65625,0.0
2025-12-19 13:55:00+05:30,84966.0390625,84975.65625,84947.7578125,84965.4296875,0.0
2025-12-19 14:00:00+05:30,84965.578125,84984.8203125,84926.0703125,84932.421875,0.0
2025-12-19 14:05:00+05:30,84933.03125,84948.59375,84917.3671875,84942.8203125,0.0
2025-12-19 14:10:00+05:30,84939.890625,84957.40625,84921.4375,84950.25,0.0
2025-12-19 14:15:00+05:30,84946.1171875,84977.9375,84935.90625,84977.9375,0.0
2025-12-19 14:20:00+05:30,84977.9296875,85016.96875,84970.0703125,85006.59375,0.0
2025-12-19 14:25:00+05:30,85012.8984375,85030.3125,84954.40625,84954.40625,0.0
2025-12-19 14:30:00+05:30,84954.6171875,84972.53125,84944.8203125,84955.96875,0.0
2025-12-19 14:35:00+05:30,84950.1015625,84975.7578125,84941.921875,84968.8671875,0.0
2025-12-19 14:40:00+05:30,84970.9921875,84976.9609375,84951.34375,84969.2890625,0.0
2025-12-19 14:45:00+05:30,84967.4609375,84982.5390625,84948.859375,84971.078125,0.0
2025-12-19 14:50:00+05:30,84970.3203125,84970.3203125,84935.109375,84937.921875,0.0
2025-12-19 14:55:00+05:30,84936.7265625,84941.671875,84914.7734375,84914.7734375,0.0
2025-12-19 15:00:00+05:30,84912.4765625,84916.9375,84858.546875,84916.34375,0.0
2025-12-19 15:05:00+05:30,84916.140625,84957.328125,84904.1796875,84937.3671875,0.0
2025-12-19 15:10:00+05:30,84935.7265625,84943.65625,84913.1015625,84939.0625,0.0
2025-12-19 15:15:00+05:30,84930.7734375,84930.7734375,84924.0234375,84925.65625,0.0
2025-12-19 15:20:00+05:30,84925.65625,84930.6328125,84925.640625,84930.546875,0.0
2025-12-19 15:25:00+05:30,84930.546875,84934.0078125,84929.421875,84929.421875,0.0
2025-12-22 09:15:00+05:30,85197.0703125,85342.703125,85182.9765625,85307.46875,0.0
2025-12-22 09:20:00+05:30,85305.7890625,85409.34375,85305.7890625,85382.109375,0.0
2025-12-22 09:25:00+05:30,85381.34375,85438.6484375,85366.3984375,85405.8203125,0.0
2025-12-22 09:30:00+05:30,85413.0625,85460.25,85401.671875,85412.6484375,0.0
2025-12-22 09:35:00+05:30,85412.796875,85425.1796875,85369.078125,85373.90625,0.0
2025-12-22 09:40:00+05:30,85370.1796875,85399.09375,85357.4921875,85388.046875,0.0
2025-12-22 09:45:00+05:30,85386.0,85432.9921875,85350.859375,85354.71875,0.0
2025-12-22 09:50:00+05:30,85354.2421875,85403.8671875,85354.2421875,85389.859375,0.0
2025-12-22 09:55:00+05:30,85393.59375,85435.5703125,85371.8125,85423.71875,0.0
2025-12-22 10:00:00+05:30,85423.1484375,85446.6015625,85417.859375,85445.21875,0.0
2025-12-22 10:05:00+05:30,85440.2734375,85455.2265625,85403.03125,85404.5234375,0.0
2025-12-22 10:10:00+05:30,85402.4296875,85420.8828125,85386.3984375,85405.0625,0.0
2025-12-22 10:15:00+05:30,85401.3984375,85419.09375,85383.4375,85403.0625,0.0
2025-12-22 10:20:00+05:30,85405.40625,85414.5390625,85386.53125,85404.6796875,0.0
2025-12-22 10:25:00+05:30,85403.21875,85415.2421875,85384.640625,85394.9921875,0.0
2025-12-22 10:30:00+05:30,85394.2578125,85406.9609375,85368.25,85400.5234375,0.0
2025-12-22 10:35:00+05:30,85397.203125,85415.078125,85362.2578125,85384.9375,0.0
2025-12-22 10:40:00+05:30,85384.71875,85400.3671875,85368.96875,85387.2109375,0.0
2025-12-22 10:45:00+05:30,85387.7890625,85430.671875,85373.53125,85427.7578125,0.0
2025-12-22 10:50:00+05:30,85426.3125,85450.6328125,85419.7578125,85433.3515625,0.0
2025-12-22 10:55:00+05:30,85428.671875,85447.9609375,85422.828125,85444.7734375,0.0
2025-12-22 11:00:00+05:30,85444.953125,85459.140625,85398.0390625,85409.0703125,0.0
2025-12-22 11:05:00+05:30,85409.109375,85416.65625,85386.0625,85390.296875,0.0
2025-12-22 11:10:00+05:30,85390.296875,85398.359375,85368.3203125,85379.21875,0.0
2025-12-22 11:15:00+05:30,85380.3828125,85383.859375,85354.5234375,85368.34375,0.0
2025-12-22 11:20:00+05:30,85368.7421875,85382.3828125,85351.1015625,85365.8515625,0.0
2025-12-22 11:25:00+05:30,85366.2265625,85417.7890625,85356.3828125,85412.7109375,0.0
2025-12-22 11:30:00+05:30,85406.9921875,85415.453125,85394.078125,85398.5,0.0
2025-12-22 11:35:00+05:30,85397.8203125,85415.1875,85387.5703125,85390.796875,0.0
2025-12-22 11:40:00+05:30,85390.796875,85411.6796875,85390.640625,85408.359375,0.0
2025-12-22 11:45:00+05:30,85406.78125,85431.90625,85400.25,85431.90625,0.0
2025-12-22 11:50:00+05:30,85421.8671875,85441.2734375,85417.4765625,85435.2109375,0.0
2025-12-22 11:55:00+05:30,85435.2109375,85437.3515625,85399.546875,85426.84375,0.0
2025-12-22 12:00:00+05:30,85428.6171875,85430.2421875,85406.640625,85422.09375,0.0
2025-12-22 12:05:00+05:30,85419.96875,85448.4609375,85413.953125,85432.5078125,0.0
2025-12-22 12:10:00+05:30,85432.0,85440.453125,85388.84375,85400.6015625,0.0
2025-12-22 12:15:00+05:30,85399.609375,85444.6328125,85399.609375,85444.15625,0.0
2025-12-22 12:20:00+05:30,85444.7265625,85466.140625,85432.4921875,85436.109375,0.0
2025-12-22 12:25:00+05:30,85436.78125,85451.3125,85426.15625,85428.640625,0.0
2025-12-22 12:30:00+05:30,85427.34375,85442.5,85411.3125,85418.203125,0.0
2025-12-22 12:35:00+05:30,85418.84375,85437.6875,85408.953125,85423.421875,0.0
2025-12-22 12:40:00+05:30,85423.09375,85434.8671875,85374.640625,85376.578125,0.0
2025-12-22 12:45:00+05:30,85376.578125,85388.15625,85335.8125,85363.9609375,0.0
2025-12-22 12:50:00+05:30,85362.890625,85458.7421875,85357.921875,85453.3828125,0.0
2025-12-22 12:55:00+05:30,85456.703125,85472.078125,85419.6484375,85433.8984375,0.0
2025-12-22 13:00:00+05:30,85433.8984375,85448.2890625,85428.34375,85443.7734375,0.0
2025-12-22 13:05:00+05:30,85436.390625,85454.1796875,85424.03125,85439.4765625,0.0
2025-12-22 13:10:00+05:30,85433.6015625,85455.71875,85433.2734375,85448.5,0.0
2025-12-22 13:15:00+05:30,85449.2265625,85473.5625,85442.3203125,85454.6015625,0.0
2025-12-22 13:20:00+05:30,85455.8125,85473.390625,85451.7890625,85468.21875,0.0
2025-12-22 13:25:00+05:30,85467.7109375,85484.4296875,85453.0625,85465.7578125,0.0
2025-12-22 13:30:00+05:30,85469.953125,85496.6328125,85467.6328125,85496.6328125,0.0
2025-12-22 13:35:00+05:30,85495.4921875,85499.5625,85442.8828125,85449.546875,0.0
2025-12-22 13:40:00+05:30,85447.078125,85483.2890625,85434.28125,85467.453125,0.0
2025-12-22 13:45:00+05:30,85466.9375,85487.8828125,85459.5625,85477.859375,0.0
2025-12-22 13:50:00+05:30,85474.03125,85486.7421875,85461.0703125,85461.4296875,0.0
2025-12-22 13:55:00+05:30,85462.640625,85479.3671875,85459.1328125,85466.25,0.0
2025-12-22 14:00:00+05:30,85466.25,85495.1171875,85466.25,85485.75,0.0
2025-12-22 14:05:00+05:30,85485.75,85491.09375,85424.921875,85428.0390625,0.0
2025-12-22 14:10:00+05:30,85427.359375,85461.296875,85416.9375,85461.296875,0.0
2025-12-22 14:15:00+05:30,85461.328125,85479.1328125,85436.9609375,85438.5703125,0.0
2025-12-22 14:20:00+05:30,85438.0390625,85482.859375,85418.6484375,85479.6328125,0.0
2025-12-22 14:25:00+05:30,85481.8125,85515.8671875,85473.2421875,85515.8671875,0.0
2025-12-22 14:30:00+05:30,85514.890625,85533.046875,85488.9375,85528.8828125,0.0
2025-12-22 14:35:00+05:30,85528.8828125,85582.21875,85528.8828125,85551.0078125,0.0
2025-12-22 14:40:00+05:30,85550.71875,85554.703125,85520.6484375,85535.03125,0.0
2025-12-22 14:45:00+05:30,85535.03125,85535.9765625,85505.3828125,85518.6875,0.0
2025-12-22 14:50:00+05:30,85519.96875,85528.65625,85504.0390625,85520.6484375,0.0
2025-12-22 14:55:00+05:30,85519.328125,85545.9921875,85514.8671875,85531.2265625,0.0
2025-12-22 15:00:00+05:30,85545.6875,85595.828125,85543.5,85591.3203125,0.0
2025-12-22 15:05:00+05:30,85592.0078125,85600.2421875,85567.9921875,85573.5703125,0.0
2025-12-22 15:10:00+05:30,85573.84375,85589.1875,85559.890625,85581.6015625,0.0
2025-12-22 15:15:00+05:30,85583.5703125,85583.5703125,85579.25,85579.25,0.0
2025-12-22 15:20:00+05:30,85579.25,85579.25,85573.203125,85573.25,0.0
2025-12-22 15:25:00+05:30,85573.25,85573.25,85567.3515625,85567.6015625,0.0
2025-12-23 09:15:00+05:30,85667.28125,85667.28125,85458.2265625,85515.9375,0.0
2025-12-23 09:20:00+05:30,85516.9296875,85526.1875,85450.90625,85478.5390625,0.0
2025-12-23 09:25:00+05:30,85482.90625,85482.90625,85429.7734375,85445.2890625,0.0
2025-12-23 09:30:00+05:30,85447.5234375,85466.5703125,85397.0234375,85410.03125,0.0
2025-12-23 09:35:00+05:30,85410.359375,85459.3125,85404.5078125,85418.71875,0.0
2025-12-23 09:40:00+05:30,85420.5,85429.1875,85345.296875,85385.28125,0.0
2025-12-23 09:45:00+05:30,85386.5078125,85445.3125,85343.0234375,85403.7890625,0.0
2025-12-23 09:50:00+05:30,85401.7265625,85469.21875,85392.1875,85469.21875,0.0
2025-12-23 09:55:00+05:30,85468.90625,85540.1328125,85442.9921875,85539.0390625,0.0
2025-12-23 10:00:00+05:30,85539.4921875,85584.2890625,85517.203125,85563.15625,0.0
2025-12-23 10:05:00+05:30,85562.453125,85577.2421875,85532.9765625,85570.2109375,0.0
2025-12-23 10:10:00+05:30,85569.390625,85605.7890625,85541.7734375,85574.2578125,0.0
2025-12-23 10:15:00+05:30,85575.6875,85575.8515625,85522.046875,85528.2265625,0.0
2025-12-23 10:20:00+05:30,85525.2421875,85529.609375,85476.6171875,85492.8203125,0.0
2025-12-23 10:25:00+05:30,85494.03125,85523.171875,85487.5078125,85507.0390625,0.0
2025-12-23 10:30:00+05:30,85507.9375,85529.21875,85494.4765625,85494.4765625,0.0
2025-12-23 10:35:00+05:30,85494.4765625,85508.1484375,85465.28125,85475.6015625,0.0
2025-12-23 10:40:00+05:30,85474.90625,85539.796875,85470.34375,85539.796875,0.0
2025-12-23 10:45:00+05:30,85539.84375,85557.328125,85528.6015625,85543.5,0.0
2025-12-23 10:50:00+05:30,85543.5,85572.5625,85537.078125,85544.140625,0.0
2025-12-23 10:55:00+05:30,85543.3203125,85549.9765625,85527.15625,85534.453125,0.0
2025-12-23 11:00:00+05:30,85537.9296875,85562.8203125,85510.0703125,85513.0078125,0.0
2025-12-23 11:05:00+05:30,85512.8828125,85563.8984375,85512.6796875,85555.3515625,0.0
2025-12-23 11:10:00+05:30,85558.96875,85584.8125,85557.3671875,85579.96875,0.0
2025-12-23 11:15:00+05:30,85579.96875,85587.8671875,85554.359375,85584.5234375,0.0
2025-12-23 11:20:00+05:30,85582.78125,85587.75,85569.078125,85578.0078125,0.0
2025-12-23 11:25:00+05:30,85578.0078125,85585.3203125,85556.53125,85570.78125,0.0
2025-12-23 11:30:00+05:30,85571.8125,85573.9609375,85531.8671875,85539.2890625,0.0
2025-12-23 11:35:00+05:30,85539.2890625,85539.2890625,85485.4375,85514.5703125,0.0
2025-12-23 11:40:00+05:30,85514.59375,85516.0625,85466.828125,85483.2421875,0.0
2025-12-23 11:45:00+05:30,85482.53125,85514.4296875,85460.6328125,85491.34375,0.0
2025-12-23 11:50:00+05:30,85491.4375,85544.53125,85470.7578125,85540.7421875,0.0
2025-12-23 11:55:00+05:30,85540.7421875,85544.390625,85514.3984375,85521.296875,0.0
2025-12-23 12:00:00+05:30,85521.0703125,85568.7890625,85521.0703125,85542.953125,0.0
2025-12-23 12:05:00+05:30,85548.25,85579.40625,85520.0234375,85578.671875,0.0
2025-12-23 12:10:00+05:30,85580.0234375,85583.03125,85549.3125,85553.2734375,0.0
2025-12-23 12:15:00+05:30,85553.2734375,85566.7109375,85530.9296875,85534.421875,0.0
2025-12-23 12:20:00+05:30,85533.8828125,85559.15625,85516.6796875,85558.578125,0.0
2025-12-23 12:25:00+05:30,85559.9609375,85560.8203125,85521.609375,85526.7265625,0.0
2025-12-23 12:30:00+05:30,85526.109375,85533.9765625,85489.640625,85492.8671875,0.0
2025-12-23 12:35:00+05:30,85492.671875,85535.3671875,85486.1484375,85517.4921875,0.0
2025-12-23 12:40:00+05:30,85516.3515625,85528.671875,85504.2734375,85513.7109375,0.0
2025-12-23 12:45:00+05:30,85513.1328125,85570.65625,85511.5,85566.3203125,0.0
2025-12-23 12:50:00+05:30,85568.078125,85581.8671875,85554.46875,85566.7890625,0.0
2025-12-23 12:55:00+05:30,85566.7890625,85569.828125,85554.171875,85554.171875,0.0
2025-12-23 13:00:00+05:30,85550.8515625,85598.4375,85550.8515625,85571.109375,0.0
2025-12-23 13:05:00+05:30,85571.109375,85571.6875,85547.96875,85556.0390625,0.0
2025-12-23 13:10:00+05:30,85557.1875,85575.6328125,85557.1875,85570.578125,0.0
2025-12-23 13:15:00+05:30,85569.71875,85587.4765625,85548.6875,85570.34375,0.0
2025-12-23 13:20:00+05:30,85570.34375,85579.453125,85560.7734375,85561.109375,0.0
2025-12-23 13:25:00+05:30,85565.1171875,85584.4609375,85565.03125,85579.1484375,0.0
2025-12-23 13:30:00+05:30,85578.5703125,85584.7734375,85565.5,85572.4921875,0.0
2025-12-23 13:35:00+05:30,85572.4921875,85579.359375,85543.6015625,85558.8203125,0.0
2025-12-23 13:40:00+05:30,85558.8203125,85583.7890625,85545.359375,85550.34375,0.0
2025-12-23 13:45:00+05:30,85550.34375,85583.4765625,85543.5078125,85582.3671875,0.0
2025-12-23 13:50:00+05:30,85581.5703125,85585.6171875,85552.421875,85568.296875,0.0
2025-12-23 13:55:00+05:30,85570.4921875,85593.25,85563.2109375,85576.2734375,0.0
2025-12-23 14:00:00+05:30,85576.2734375,85607.0625,85570.0,85605.359375,0.0
2025-12-23 14:05:00+05:30,85605.359375,85605.8828125,85559.4296875,85574.828125,0.0
2025-12-23 14:10:00+05:30,85574.34375,85621.046875,85571.046875,85607.6015625,0.0
2025-12-23 14:15:00+05:30,85609.2265625,85704.1171875,85603.7421875,85681.09375,0.0
2025-12-23 14:20:00+05:30,85680.8671875,85684.8125,85629.546875,85665.3203125,0.0
2025-12-23 14:25:00+05:30,85665.3203125,85693.140625,85647.34375,85649.4375,0.0
2025-12-23 14:30:00+05:30,85651.0703125,85656.703125,85581.46875,85618.2890625,0.0
2025-12-23 14:35:00+05:30,85620.4296875,85648.7421875,85578.0703125,85634.640625,0.0
2025-12-23 14:40:00+05:30,85633.09375,85633.671875,85503.3203125,85503.3203125,0.0
2025-12-23 14:45:00+05:30,85503.6171875,85565.1484375,85486.46875,85542.671875,0.0
2025-12-23 14:50:00+05:30,85543.0703125,85584.046875,85507.046875,85567.4375,0.0
2025-12-23 14:55:00+05:30,85567.890625,85587.5234375,85532.9296875,85556.34375,0.0
2025-12-23 15:00:00+05:30,85564.7421875,85629.2734375,85504.7265625,85547.65625,0.0
2025-12-23 15:05:00+05:30,85548.0390625,85593.2734375,85498.5078125,85523.75,0.0
2025-12-23 15:10:00+05:30,85523.6015625,85560.2265625,85496.5390625,85546.21875,0.0
2025-12-23 15:15:00+05:30,85542.453125,85542.453125,85532.3203125,85532.3203125,0.0
2025-12-23 15:20:00+05:30,85532.3203125,85532.5078125,85530.0234375,85530.0234375,0.0
2025-12-23 15:25:00+05:30,85530.0234375,85530.0234375,85524.546875,85524.546875,0.0
2025-12-24 09:15:00+05:30,85519.953125,85599.5703125,85389.1484375,85595.6171875,0.0
2025-12-24 09:20:00+05:30,85595.109375,85638.4921875,85558.796875,85599.5390625,0.0
2025-12-24 09:25:00+05:30,85600.7265625,85638.171875,85572.5078125,85629.328125,0.0
2025-12-24 09:30:00+05:30,85629.8671875,85677.7578125,85624.859375,85661.5625,0.0
2025-12-24 09:35:00+05:30,85665.8515625,85676.0,85609.5703125,85614.9765625,0.0
2025-12-24 09:40:00+05:30,85613.96875,85649.96875,85589.328125,85625.1171875,0.0
2025-12-24 09:45:00+05:30,85631.953125,85654.46875,85581.1015625,85592.390625,0.0
2025-12-24 09:50:00+05:30,85595.9375,85671.28125,85595.9375,85636.3828125,0.0
2025-12-24 09:55:00+05:30,85636.0390625,85678.7890625,85605.9609375,85643.7109375,0.0
2025-12-24 10:00:00+05:30,85644.25,85680.390625,85607.21875,85644.5703125,0.0
2025-12-24 10:05:00+05:30,85645.2421875,85646.0390625,85598.078125,85643.0,0.0
2025-12-24 10:10:00+05:30,85642.421875,85685.6484375,85624.171875,85678.71875,0.0
2025-12-24 10:15:00+05:30,85678.8984375,85734.296875,85672.671875,85672.9765625,0.0
2025-12-24 10:20:00+05:30,85676.1484375,85710.671875,85657.9375,85657.9375,0.0
2025-12-24 10:25:00+05:30,85659.3515625,85692.7265625,85648.9921875,85684.546875,0.0
2025-12-24 10:30:00+05:30,85688.953125,85722.7421875,85677.25,85688.7734375,0.0
2025-12-24 10:35:00+05:30,85688.71875,85705.9609375,85638.09375,85639.671875,0.0
2025-12-24 10:40:00+05:30,85641.171875,85664.1796875,85621.5078125,85653.1328125,0.0
2025-12-24 10:45:00+05:30,85650.28125,85660.5,85574.9921875,85578.328125,0.0
2025-12-24 10:50:00+05:30,85578.0234375,85622.2421875,85572.3828125,85597.6484375,0.0
2025-12-24 10:55:00+05:30,85596.2578125,85632.21875,85571.59375,85625.9921875,0.0
2025-12-24 11:00:00+05:30,85628.09375,85635.0390625,85566.9921875,85581.7421875,0.0
2025-12-24 11:05:00+05:30,85578.0,85618.71875,85570.640625,85576.0390625,0.0
2025-12-24 11:10:00+05:30,85580.2734375,85618.0703125,85564.9765625,85613.6015625,0.0
2025-12-24 11:15:00+05:30,85616.359375,85635.3125,85589.7109375,85604.2265625,0.0
2025-12-24 11:20:00+05:30,85608.8515625,85641.7890625,85590.1875,85626.7109375,0.0
2025-12-24 11:25:00+05:30,85627.2734375,85629.3984375,85589.9296875,85617.6171875,0.0
2025-12-24 11:30:00+05:30,85616.4375,85624.3828125,85601.8828125,85615.8671875,0.0
2025-12-24 11:35:00+05:30,85615.8671875,85628.0390625,85587.546875,85600.640625,0.0
2025-12-24 11:40:00+05:30,85601.3515625,85605.890625,85520.5,85549.5,0.0
2025-12-24 11:45:00+05:30,85549.8671875,85555.1875,85483.6875,85504.3203125,0.0
2025-12-24 11:50:00+05:30,85503.1875,85540.0390625,85499.0625,85511.65625,0.0
2025-12-24 11:55:00+05:30,85509.2890625,85566.5703125,85509.2890625,85562.2890625,0.0
2025-12-24 12:00:00+05:30,85561.671875,85569.7265625,85523.4921875,85554.5234375,0.0
2025-12-24 12:05:00+05:30,85554.5234375,85566.1171875,85514.890625,85517.9921875,0.0
2025-12-24 12:10:00+05:30,85518.0078125,85548.2578125,85501.9609375,85544.46875,0.0
2025-12-24 12:15:00+05:30,85545.109375,85570.2734375,85525.6484375,85559.7265625,0.0
2025-12-24 12:20:00+05:30,85559.53125,85567.390625,85515.9609375,85546.390625,0.0
2025-12-24 12:25:00+05:30,85548.390625,85585.4609375,85519.8125,85580.046875,0.0
2025-12-24 12:30:00+05:30,85583.03125,85588.6796875,85555.1875,85581.71875,0.0
2025-12-24 12:35:00+05:30,85574.2734375,85591.8125,85545.890625,85547.578125,0.0
2025-12-24 12:40:00+05:30,85548.8125,85558.2890625,85514.4765625,85524.90625,0.0
2025-12-24 12:45:00+05:30,85523.921875,85561.7109375,85517.4296875,85525.078125,0.0
2025-12-24 12:50:00+05:30,85525.1484375,85557.390625,85517.21875,85537.296875,0.0
2025-12-24 12:55:00+05:30,85536.671875,85564.609375,85536.3203125,85555.3125,0.0
2025-12-24 13:00:00+05:30,85554.8125,85559.7265625,85513.640625,85526.7890625,0.0
2025-12-24 13:05:00+05:30,85525.7890625,85532.7265625,85494.8125,85495.3828125,0.0
2025-12-24 13:10:00+05:30,85495.5,85516.140625,85491.5703125,85516.0234375,0.0
2025-12-24 13:15:00+05:30,85516.0234375,85523.3984375,85479.53125,85512.59375,0.0
2025-12-24 13:20:00+05:30,85512.4609375,85513.2578125,85480.9375,85487.1015625,0.0
2025-12-24 13:25:00+05:30,85486.921875,85503.6796875,85462.640625,85467.2265625,0.0
2025-12-24 13:30:00+05:30,85467.390625,85486.6484375,85407.421875,85438.34375,0.0
2025-12-24 13:35:00+05:30,85440.203125,85466.0625,85431.8828125,85445.1484375,0.0
2025-12-24 13:40:00+05:30,85445.1484375,85469.0390625,85423.0625,85469.0390625,0.0
2025-12-24 13:45:00+05:30,85469.109375,85469.109375,85416.53125,85457.0078125,0.0
2025-12-24 13:50:00+05:30,85457.921875,85489.5390625,85429.75,85478.1328125,0.0
2025-12-24 13:55:00+05:30,85477.78125,85486.1328125,85410.0625,85438.359375,0.0
2025-12-24 14:00:00+05:30,85437.890625,85449.9375,85401.328125,85448.25,0.0
2025-12-24 14:05:00+05:30,85448.3515625,85478.5078125,85395.0625,85478.5078125,0.0
2025-12-24 14:10:00+05:30,85479.0390625,85495.0234375,85419.0234375,85451.34375,0.0
2025-12-24 14:15:00+05:30,85453.078125,85478.3828125,85438.296875,85439.390625,0.0
2025-12-24 14:20:00+05:30,85446.0390625,85456.2578125,85401.171875,85415.0625,0.0
2025-12-24 14:25:00+05:30,85417.453125,85419.9296875,85365.8203125,85395.578125,0.0
2025-12-24 14:30:00+05:30,85397.7734375,85432.390625,85375.9296875,85403.0,0.0
2025-12-24 14:35:00+05:30,85400.78125,85418.09375,85344.34375,85388.7734375,0.0
2025-12-24 14:40:00+05:30,85395.1875,85423.171875,85357.3203125,85416.2890625,0.0
2025-12-24 14:45:00+05:30,85417.6328125,85452.078125,85394.8125,85394.8125,0.0
2025-12-24 14:50:00+05:30,85395.46875,85421.0,85345.5,85417.6484375,0.0
2025-12-24 14:55:00+05:30,85414.75,85448.9375,85391.5,85437.5625,0.0
2025-12-24 15:00:00+05:30,85439.046875,85453.859375,85345.546875,85448.0625,0.0
2025-12-24 15:05:00+05:30,85449.0,85487.859375,85395.0234375,85395.0234375,0.0
2025-12-24 15:10:00+05:30,85390.9609375,85464.8828125,85355.3515625,85464.8828125,0.0
2025-12-24 15:15:00+05:30,85459.7421875,85459.7421875,85411.71875,85411.71875,0.0
2025-12-24 15:20:00+05:30,85411.71875,85411.71875,85407.4765625,85407.4765625,0.0
2025-12-24 15:25:00+05:30,85407.4765625,85408.9296875,85404.5703125,85408.8125,0.0
2025-12-26 09:15:00+05:30,85295.90625,85375.921875,85247.5390625,85352.65625,0.0
2025-12-26 09:20:00+05:30,85345.8984375,85362.65625,85327.5234375,85352.1015625,0.0
2025-12-26 09:25:00+05:30,85353.0390625,85374.0703125,85330.8828125,85341.2890625,0.0
2025-12-26 09:30:00+05:30,85341.9296875,85367.1484375,85257.546875,85278.109375,0.0
2025-12-26 09:35:00+05:30,85278.0390625,85279.0390625,85216.890625,85226.0,0.0
2025-12-26 09:40:00+05:30,85222.328125,85234.4921875,85189.8828125,85205.140625,0.0
2025-12-26 09:45:00+05:30,85203.1328125,85219.59375,85183.1875,85207.2265625,0.0
2025-12-26 09:50:00+05:30,85205.8203125,85220.6015625,85166.90625,85183.2578125,0.0
2025-12-26 09:55:00+05:30,85184.1875,85228.359375,85175.0078125,85225.9375,0.0
2025-12-26 10:00:00+05:30,85219.75,85232.21875,85184.609375,85232.21875,0.0
2025-12-26 10:05:00+05:30,85229.640625,85273.1328125,85229.640625,85241.6875,0.0
2025-12-26 10:10:00+05:30,85241.046875,85242.6796875,85213.9375,85239.7890625,0.0
2025-12-26 10:15:00+05:30,85240.1875,85241.4375,85212.0625,85219.9296875,0.0
2025-12-26 10:20:00+05:30,85219.3828125,85219.53125,85183.2578125,85196.7109375,0.0
2025-12-26 10:25:00+05:30,85195.5703125,85224.84375,85181.9609375,85216.53125,0.0
2025-12-26 10:30:00+05:30,85214.6015625,85229.9296875,85201.8828125,85219.1875,0.0
2025-12-26 10:35:00+05:30,85219.3203125,85228.9375,85197.9296875,85223.78125,0.0
2025-12-26 10:40:00+05:30,85225.171875,85247.84375,85218.078125,85223.6484375,0.0
2025-12-26 10:45:00+05:30,85222.75,85228.6796875,85209.0703125,85221.453125,0.0
2025-12-26 10:50:00+05:30,85216.890625,85230.5390625,85200.0703125,85217.1171875,0.0
2025-12-26 10:55:00+05:30,85216.671875,85228.859375,85186.5625,85211.1796875,0.0
2025-12-26 11:00:00+05:30,85209.703125,85227.4921875,85197.9296875,85209.0,0.0
2025-12-26 11:05:00+05:30,85205.2578125,85209.8828125,85169.0703125,85182.7734375,0.0
2025-12-26 11:10:00+05:30,85181.359375,85189.6875,85153.859375,85171.0703125,0.0
2025-12-26 11:15:00+05:30,85171.0234375,85173.15625,85137.6015625,85149.2421875,0.0
2025-12-26 11:20:00+05:30,85145.8671875,85150.53125,85129.203125,85141.859375,0.0
2025-12-26 11:25:00+05:30,85142.5703125,85157.2890625,85133.90625,85143.2578125,0.0
2025-12-26 11:30:00+05:30,85144.6484375,85154.4375,85105.859375,85106.578125,0.0
2025-12-26 11:35:00+05:30,85105.4375,85107.5703125,85087.5703125,85097.9609375,0.0
2025-12-26 11:40:00+05:30,85098.4609375,85107.7109375,85076.3515625,85093.1328125,0.0
2025-12-26 11:45:00+05:30,85092.9765625,85097.0703125,85071.6796875,85093.0625,0.0
2025-12-26 11:50:00+05:30,85092.7734375,85101.6484375,85080.78125,85089.0625,0.0
2025-12-26 11:55:00+05:30,85089.1015625,85112.328125,85076.46875,85089.203125,0.0
2025-12-26 12:00:00+05:30,85089.203125,85097.078125,85075.7109375,85077.2265625,0.0
2025-12-26 12:05:00+05:30,85072.21875,85096.546875,85067.6484375,85082.8203125,0.0
2025-12-26 12:10:00+05:30,85082.8203125,85098.2734375,85076.8125,85086.21875,0.0
2025-12-26 12:15:00+05:30,85086.71875,85117.140625,85080.6171875,85117.140625,0.0
2025-12-26 12:20:00+05:30,85118.421875,85118.421875,85074.4609375,85089.7265625,0.0
2025-12-26 12:25:00+05:30,85090.0078125,85113.7890625,85083.7734375,85092.640625,0.0
2025-12-26 12:30:00+05:30,85093.15625,85096.7421875,85033.2421875,85047.2890625,0.0
2025-12-26 12:35:00+05:30,85047.4765625,85060.03125,85021.6484375,85044.0078125,0.0
2025-12-26 12:40:00+05:30,85044.0078125,85047.6171875,85021.4609375,85032.1015625,0.0
2025-12-26 12:45:00+05:30,85027.453125,85041.1171875,85019.5703125,85024.34375,0.0
2025-12-26 12:50:00+05:30,85023.578125,85041.46875,85011.6875,85020.8125,0.0
2025-12-26 12:55:00+05:30,85020.8125,85028.9609375,85013.5390625,85015.65625,0.0
2025-12-26 13:00:00+05:30,85015.65625,85038.46875,85013.2421875,85021.796875,0.0
2025-12-26 13:05:00+05:30,85020.8828125,85023.578125,85000.21875,85012.7109375,0.0
2025-12-26 13:10:00+05:30,85013.203125,85044.3515625,85010.5625,85034.421875,0.0
2025-12-26 13:15:00+05:30,85034.71875,85061.328125,85033.828125,85056.609375,0.0
2025-12-26 13:20:00+05:30,85056.21875,85069.28125,85044.59375,85054.390625,0.0
2025-12-26 13:25:00+05:30,85055.7734375,85070.9609375,85050.140625,85061.046875,0.0
2025-12-26 13:30:00+05:30,85060.84375,85071.859375,85042.953125,85063.296875,0.0
2025-12-26 13:35:00+05:30,85061.4765625,85061.7734375,85041.09375,85061.25,0.0
2025-12-26 13:40:00+05:30,85061.25,85064.21875,85039.703125,85052.109375,0.0
2025-12-26 13:45:00+05:30,85052.546875,85072.890625,85052.546875,85065.4375,0.0
2025-12-26 13:50:00+05:30,85065.40625,85070.0234375,85042.6171875,85045.0234375,0.0
2025-12-26 13:55:00+05:30,85044.75,85070.046875,85037.0078125,85058.6328125,0.0
2025-12-26 14:00:00+05:30,85058.6328125,85071.4765625,85058.109375,85066.21875,0.0
2025-12-26 14:05:00+05:30,85065.890625,85068.8671875,85027.78125,85032.859375,0.0
2025-12-26 14:10:00+05:30,85034.71875,85041.7890625,85006.2421875,85034.859375,0.0
2025-12-26 14:15:00+05:30,85036.0703125,85049.859375,84986.78125,84998.2890625,0.0
2025-12-26 14:20:00+05:30,84994.71875,84994.71875,84957.5,84976.0390625,0.0
2025-12-26 14:25:00+05:30,84974.1015625,84993.296875,84955.21875,84987.46875,0.0
2025-12-26 14:30:00+05:30,84986.296875,84995.859375,84962.140625,84972.25,0.0
2025-12-26 14:35:00+05:30,84976.4765625,84982.4609375,84961.046875,84981.8515625,0.0
2025-12-26 14:40:00+05:30,84978.6796875,84984.21875,84955.5703125,84963.8203125,0.0
2025-12-26 14:45:00+05:30,84963.3671875,84980.78125,84947.9765625,84953.3828125,0.0
2025-12-26 14:50:00+05:30,84949.09375,84979.7421875,84937.8203125,84968.2734375,0.0
2025-12-26 14:55:00+05:30,84974.0625,85020.3671875,84967.7734375,85020.3671875,0.0
2025-12-26 15:00:00+05:30,85018.9375,85039.296875,85015.5234375,85023.78125,0.0
2025-12-26 15:05:00+05:30,85022.609375,85053.296875,85018.828125,85052.953125,0.0
2025-12-26 15:10:00+05:30,85053.0,85075.2265625,85043.578125,85073.8984375,0.0
2025-12-26 15:15:00+05:30,85066.75,85066.75,85041.6328125,85042.4375,0.0
2025-12-26 15:20:00+05:30,85042.4375,85042.53125,85039.7421875,85040.1015625,0.0
2025-12-26 15:25:00+05:30,85040.1171875,85042.2265625,85039.7421875,85041.203125,0.0
2025-12-29 09:15:00+05:30,85127.3203125,85248.9921875,85051.1328125,85058.046875,0.0
2025-12-29 09:20:00+05:30,85067.5390625,85080.84375,85042.4375,85072.3203125,0.0
2025-12-29 09:25:00+05:30,85069.3515625,85097.9609375,85049.6015625,85060.578125,0.0
2025-12-29 09:30:00+05:30,85056.4765625,85130.65625,85056.4765625,85123.6484375,0.0
2025-12-29 09:35:00+05:30,85120.8515625,85141.46875,85108.75,85130.0703125,0.0
2025-12-29 09:40:00+05:30,85131.0703125,85154.7734375,85103.6015625,85149.0234375,0.0
2025-12-29 09:45:00+05:30,85148.5234375,85171.09375,85133.796875,85143.5390625,0.0
2025-12-29 09:50:00+05:30,85143.6484375,85144.296875,85092.9921875,85095.703125,0.0
2025-12-29 09:55:00+05:30,85094.7578125,85098.359375,85003.390625,85004.3515625,0.0
2025-12-29 10:00:00+05:30,85001.8203125,85014.921875,84982.109375,84998.140625,0.0
2025-12-29 10:05:00+05:30,84998.8515625,84998.8515625,84975.0390625,84990.3671875,0.0
2025-12-29 10:10:00+05:30,84990.953125,85009.1875,84982.1328125,84994.40625,0.0
2025-12-29 10:15:00+05:30,84991.9375,85003.7578125,84966.9375,84970.5078125,0.0
2025-12-29 10:20:00+05:30,84974.6328125,84987.21875,84946.4375,84980.0,0.0
2025-12-29 10:25:00+05:30,84979.6484375,84999.3203125,84963.9609375,84974.4921875,0.0
2025-12-29 10:30:00+05:30,84971.90625,84972.9765625,84919.0078125,84939.2890625,0.0
2025-12-29 10:35:00+05:30,84940.2265625,84944.9921875,84923.40625,84938.3203125,0.0
2025-12-29 10:40:00+05:30,84937.40625,84942.6328125,84879.7109375,84879.7109375,0.0
2025-12-29 10:45:00+05:30,84879.0078125,84890.6796875,84858.2890625,84876.671875,0.0
2025-12-29 10:50:00+05:30,84876.671875,84903.0078125,84859.4921875,84899.5234375,0.0
2025-12-29 10:55:00+05:30,84898.5390625,84900.7265625,84873.9765625,84879.59375,0.0
2025-12-29 11:00:00+05:30,84873.5703125,84887.9375,84822.7578125,84831.96875,0.0
2025-12-29 11:05:00+05:30,84831.96875,84840.96875,84806.03125,84810.3828125,0.0
2025-12-29 11:10:00+05:30,84809.6796875,84822.2890625,84802.9765625,84815.46875,0.0
2025-12-29 11:15:00+05:30,84814.3671875,84814.3984375,84782.296875,84783.40625,0.0
2025-12-29 11:20:00+05:30,84784.546875,84785.671875,84754.8828125,84759.7421875,0.0
2025-12-29 11:25:00+05:30,84759.34375,84788.6015625,84755.5234375,84788.0,0.0
2025-12-29 11:30:00+05:30,84788.0,84791.703125,84763.4609375,84789.6875,0.0
2025-12-29 11:35:00+05:30,84791.421875,84795.109375,84771.2734375,84782.65625,0.0
2025-12-29 11:40:00+05:30,84782.65625,84795.140625,84773.7578125,84786.8125,0.0
2025-12-29 11:45:00+05:30,84786.8125,84835.71875,84785.6796875,84826.2890625,0.0
2025-12-29 11:50:00+05:30,84826.34375,84837.953125,84798.8984375,84816.359375,0.0
2025-12-29 11:55:00+05:30,84815.3203125,84815.6171875,84787.84375,84796.78125,0.0
2025-12-29 12:00:00+05:30,84796.703125,84802.9375,84766.6796875,84780.1484375,0.0
2025-12-29 12:05:00+05:30,84780.1484375,84800.1484375,84765.359375,84798.65625,0.0
2025-12-29 12:10:00+05:30,84798.65625,84821.8671875,84789.390625,84803.4921875,0.0
2025-12-29 12:15:00+05:30,84803.4921875,84814.2734375,84788.1875,84795.3671875,0.0
2025-12-29 12:20:00+05:30,84791.53125,84797.4296875,84746.859375,84761.921875,0.0
2025-12-29 12:25:00+05:30,84756.7265625,84778.8125,84746.796875,84770.0078125,0.0
2025-12-29 12:30:00+05:30,84772.21875,84785.1328125,84750.0,84751.1171875,0.0
2025-12-29 12:35:00+05:30,84751.828125,84763.15625,84739.8515625,84745.8671875,0.0
2025-12-29 12:40:00+05:30,84746.0625,84757.7421875,84733.90625,84747.59375,0.0
2025-12-29 12:45:00+05:30,84746.9375,84756.0,84734.7890625,84746.3671875,0.0
2025-12-29 12:50:00+05:30,84743.046875,84748.2109375,84725.609375,84727.171875,0.0
2025-12-29 12:55:00+05:30,84732.5390625,84762.703125,84727.4296875,84761.0703125,0.0
2025-12-29 13:00:00+05:30,84759.9921875,84778.0,84754.2890625,84775.703125,0.0
2025-12-29 13:05:00+05:30,84775.2890625,84789.140625,84764.5390625,84782.8828125,0.0
2025-12-29 13:10:00+05:30,84783.0234375,84791.75,84738.6875,84738.6875,0.0
2025-12-29 13:15:00+05:30,84739.75,84747.28125,84685.3203125,84707.6875,0.0
2025-12-29 13:20:00+05:30,84709.8671875,84719.78125,84688.6328125,84698.46875,0.0
2025-12-29 13:25:00+05:30,84703.4609375,84716.3125,84693.203125,84716.3125,0.0
2025-12-29 13:30:00+05:30,84716.703125,84724.0234375,84701.078125,84709.7109375,0.0
2025-12-29 13:35:00+05:30,84709.7109375,84709.7109375,84662.140625,84663.9609375,0.0
2025-12-29 13:40:00+05:30,84665.109375,84686.28125,84650.1171875,84682.3671875,0.0
2025-12-29 13:45:00+05:30,84682.3671875,84713.5234375,84676.4296875,84712.296875,0.0
2025-12-29 13:50:00+05:30,84712.578125,84734.171875,84701.8828125,84732.5,0.0
2025-12-29 13:55:00+05:30,84732.3203125,84732.3203125,84698.796875,84718.6171875,0.0
2025-12-29 14:00:00+05:30,84718.6484375,84734.7890625,84710.7890625,84713.9921875,0.0
2025-12-29 14:05:00+05:30,84712.78125,84749.296875,84710.4375,84739.5078125,0.0
2025-12-29 14:10:00+05:30,84739.5078125,84759.453125,84712.59375,84713.546875,0.0
2025-12-29 14:15:00+05:30,84713.2578125,84716.2890625,84650.8828125,84665.1796875,0.0
2025-12-29 14:20:00+05:30,84664.140625,84746.6875,84657.6328125,84746.6875,0.0
2025-12-29 14:25:00+05:30,84747.3671875,84800.5,84743.3828125,84752.15625,0.0
2025-12-29 14:30:00+05:30,84754.546875,84766.3828125,84724.1328125,84765.75,0.0
2025-12-29 14:35:00+05:30,84765.75,84765.75,84709.796875,84733.65625,0.0
2025-12-29 14:40:00+05:30,84731.84375,84736.8125,84686.5078125,84693.1875,0.0
2025-12-29 14:45:00+05:30,84696.3828125,84715.6328125,84680.90625,84708.7109375,0.0
2025-12-29 14:50:00+05:30,84709.359375,84721.3125,84689.203125,84690.15625,0.0
2025-12-29 14:55:00+05:30,84690.1796875,84698.8828125,84662.6015625,84678.078125,0.0
2025-12-29 15:00:00+05:30,84682.3984375,84717.6171875,84641.5078125,84675.3125,0.0
2025-12-29 15:05:00+05:30,84675.3125,84718.9296875,84671.9375,84697.390625,0.0
2025-12-29 15:10:00+05:30,84696.6875,84717.6328125,84691.671875,84702.359375,0.0
2025-12-29 15:15:00+05:30,84695.34375,84695.34375,84680.640625,84685.109375,0.0
2025-12-29 15:20:00+05:30,84685.109375,84690.1015625,84685.109375,84690.0625,0.0
2025-12-29 15:25:00+05:30,84690.0625,84695.890625,84690.0625,84695.5390625,0.0
2025-12-30 09:15:00+05:30,84686.1328125,84686.1328125,84523.890625,84561.21875,0.0
2025-12-30 09:20:00+05:30,84560.46875,84569.3515625,84487.203125,84492.5078125,0.0
2025-12-30 09:25:00+05:30,84489.796875,84508.28125,84471.2265625,84491.890625,0.0
2025-12-30 09:30:00+05:30,84492.390625,84555.78125,84489.6171875,84555.78125,0.0
2025-12-30 09:35:00+05:30,84555.3203125,84623.2421875,84552.8203125,84618.46875,0.0
2025-12-30 09:40:00+05:30,84619.46875,84684.5703125,84606.796875,84681.40625,0.0
2025-12-30 09:45:00+05:30,84681.8828125,84688.9296875,84575.328125,84578.96875,0.0
2025-12-30 09:50:00+05:30,84578.96875,84662.2578125,84567.390625,84646.8984375,0.0
2025-12-30 09:55:00+05:30,84648.6875,84709.3515625,84646.9921875,84658.78125,0.0
2025-12-30 10:00:00+05:30,84656.1171875,84659.2578125,84614.6328125,84649.9375,0.0
2025-12-30 10:05:00+05:30,84649.7421875,84651.203125,84620.1875,84623.3671875,0.0
2025-12-30 10:10:00+05:30,84622.796875,84704.1484375,84618.5625,84684.328125,0.0
2025-12-30 10:15:00+05:30,84684.78125,84725.0078125,84684.78125,84723.34375,0.0
2025-12-30 10:20:00+05:30,84723.4921875,84767.3828125,84721.6796875,84765.4609375,0.0
2025-12-30 10:25:00+05:30,84766.5,84788.5703125,84763.8125,84770.4296875,0.0
2025-12-30 10:30:00+05:30,84773.2109375,84802.640625,84771.921875,84793.6015625,0.0
2025-12-30 10:35:00+05:30,84793.6015625,84794.3984375,84711.5390625,84719.6171875,0.0
2025-12-30 10:40:00+05:30,84718.921875,84718.921875,84695.09375,84703.90625,0.0
2025-12-30 10:45:00+05:30,84704.7890625,84704.7890625,84667.03125,84682.328125,0.0
2025-12-30 10:50:00+05:30,84681.1171875,84705.1328125,84639.6015625,84650.453125,0.0
2025-12-30 10:55:00+05:30,84651.2265625,84662.359375,84632.5078125,84646.7109375,0.0
2025-12-30 11:00:00+05:30,84646.953125,84656.1875,84631.078125,84636.2578125,0.0
2025-12-30 11:05:00+05:30,84637.21875,84662.0234375,84636.0390625,84650.28125,0.0
2025-12-30 11:10:00+05:30,84649.8671875,84652.859375,84595.7578125,84624.25,0.0
2025-12-30 11:15:00+05:30,84624.25,84631.2265625,84611.6171875,84622.9375,0.0
2025-12-30 11:20:00+05:30,84621.71875,84638.640625,84597.390625,84599.8125,0.0
2025-12-30 11:25:00+05:30,84600.2890625,84617.0,84593.046875,84594.75,0.0
2025-12-30 11:30:00+05:30,84594.3984375,84594.859375,84551.0390625,84551.6015625,0.0
2025-12-30 11:35:00+05:30,84551.6015625,84558.9296875,84538.3203125,84549.890625,0.0
2025-12-30 11:40:00+05:30,84550.3828125,84592.25,84536.5703125,84592.25,0.0
2025-12-30 11:45:00+05:30,84591.2578125,84609.34375,84582.0234375,84602.65625,0.0
2025-12-30 11:50:00+05:30,84603.15625,84603.8828125,84573.0703125,84577.7421875,0.0
2025-12-30 11:55:00+05:30,84577.21875,84577.21875,84532.25,84544.21875,0.0
2025-12-30 12:00:00+05:30,84542.7109375,84567.140625,84535.9375,84537.2421875,0.0
2025-12-30 12:05:00+05:30,84538.5078125,84570.2734375,84529.9375,84567.9765625,0.0
2025-12-30 12:10:00+05:30,84566.46875,84575.703125,84506.859375,84518.1875,0.0
2025-12-30 12:15:00+05:30,84518.1875,84539.3203125,84513.2578125,84532.7578125,0.0
2025-12-30 12:20:00+05:30,84533.1796875,84540.1015625,84507.3984375,84516.8828125,0.0
2025-12-30 12:25:00+05:30,84510.453125,84534.359375,84501.546875,84515.8984375,0.0
2025-12-30 12:30:00+05:30,84513.796875,84556.9296875,84510.5703125,84554.6484375,0.0
2025-12-30 12:35:00+05:30,84547.6484375,84586.53125,84541.6484375,84578.0,0.0
2025-12-30 12:40:00+05:30,84578.0,84593.2578125,84567.90625,84582.5625,0.0
2025-12-30 12:45:00+05:30,84582.7109375,84605.890625,84560.65625,84605.0390625,0.0
2025-12-30 12:50:00+05:30,84605.0390625,84610.3671875,84554.453125,84569.75,0.0
2025-12-30 12:55:00+05:30,84571.9296875,84577.2890625,84539.796875,84542.84375,0.0
2025-12-30 13:00:00+05:30,84544.0234375,84558.03125,84528.1484375,84537.2734375,0.0
2025-12-30 13:05:00+05:30,84537.59375,84548.25,84521.9765625,84521.9765625,0.0
2025-12-30 13:10:00+05:30,84518.6484375,84553.3671875,84514.1484375,84544.046875,0.0
2025-12-30 13:15:00+05:30,84543.7109375,84568.3671875,84540.7890625,84564.0703125,0.0
2025-12-30 13:20:00+05:30,84564.84375,84578.3515625,84539.25,84542.0390625,0.0
2025-12-30 13:25:00+05:30,84542.4609375,84569.109375,84531.421875,84567.1328125,0.0
2025-12-30 13:30:00+05:30,84567.59375,84604.3125,84552.5703125,84604.3125,0.0
2025-12-30 13:35:00+05:30,84606.296875,84629.0703125,84602.40625,84618.9375,0.0
2025-12-30 13:40:00+05:30,84620.0625,84678.5625,84617.2421875,84673.4375,0.0
2025-12-30 13:45:00+05:30,84674.3203125,84749.5625,84672.5078125,84748.640625,0.0
2025-12-30 13:50:00+05:30,84748.640625,84748.640625,84661.40625,84676.9375,0.0
2025-12-30 13:55:00+05:30,84676.9375,84685.96875,84656.5234375,84665.7890625,0.0
2025-12-30 14:00:00+05:30,84663.171875,84709.4921875,84662.328125,84688.390625,0.0
2025-12-30 14:05:00+05:30,84688.9921875,84696.9765625,84659.3671875,84665.296875,0.0
2025-12-30 14:10:00+05:30,84666.703125,84689.171875,84666.703125,84679.4765625,0.0
2025-12-30 14:15:00+05:30,84679.4765625,84726.4375,84679.4765625,84696.7421875,0.0
2025-12-30 14:20:00+05:30,84696.140625,84698.546875,84648.6796875,84654.296875,0.0
2025-12-30 14:25:00+05:30,84656.3125,84664.7109375,84590.25,84601.2578125,0.0
2025-12-30 14:30:00+05:30,84598.0625,84666.4765625,84593.2734375,84664.28125,0.0
2025-12-30 14:35:00+05:30,84664.28125,84665.75,84614.546875,84636.140625,0.0
2025-12-30 14:40:00+05:30,84636.140625,84691.1875,84621.8984375,84682.1171875,0.0
2025-12-30 14:45:00+05:30,84679.28125,84696.296875,84641.59375,84696.296875,0.0
2025-12-30 14:50:00+05:30,84696.1171875,84715.1796875,84671.296875,84676.4296875,0.0
2025-12-30 14:55:00+05:30,84677.671875,84689.140625,84647.8203125,84669.5078125,0.0
2025-12-30 15:00:00+05:30,84664.3515625,84671.46875,84583.828125,84668.96875,0.0
2025-12-30 15:05:00+05:30,84668.96875,84737.9375,84603.3984375,84668.390625,0.0
2025-12-30 15:10:00+05:30,84660.5234375,84680.3828125,84618.9375,84665.296875,0.0
2025-12-30 15:15:00+05:30,84667.6875,84667.6875,84660.296875,84662.7265625,0.0
2025-12-30 15:20:00+05:30,84662.3828125,84666.9921875,84662.25,84666.9921875,0.0
2025-12-30 15:25:00+05:30,84667.1328125,84675.078125,84666.78125,84675.078125,0.0
2025-12-31 09:15:00+05:30,84793.578125,84922.28125,84793.578125,84882.6484375,0.0
2025-12-31 09:20:00+05:30,84888.8203125,84888.8203125,84826.53125,84826.53125,0.0
2025-12-31 09:25:00+05:30,84832.5078125,84889.9765625,84748.1015625,84882.546875,0.0
2025-12-31 09:30:00+05:30,84872.5703125,84910.8203125,84815.7734375,84849.328125,0.0
2025-12-31 09:35:00+05:30,84847.828125,84860.1015625,84784.0625,84817.390625,0.0
2025-12-31 09:40:00+05:30,84814.1875,84838.1796875,84723.0234375,84725.828125,0.0
2025-12-31 09:45:00+05:30,84726.0703125,84786.15625,84709.9609375,84748.09375,0.0
2025-12-31 09:50:00+05:30,84749.203125,84788.640625,84733.546875,84771.4765625,0.0
2025-12-31 09:55:00+05:30,84769.703125,84806.5390625,84730.8984375,84772.0390625,0.0
2025-12-31 10:00:00+05:30,84779.3203125,84796.0625,84721.09375,84760.5078125,0.0
2025-12-31 10:05:00+05:30,84760.34375,84802.2890625,84706.4296875,84802.2890625,0.0
2025-12-31 10:10:00+05:30,84802.703125,84811.953125,84758.6171875,84811.953125,0.0
2025-12-31 10:15:00+05:30,84811.4375,84834.1015625,84794.34375,84807.7578125,0.0
2025-12-31 10:20:00+05:30,84810.3125,84850.640625,84806.1328125,84833.6015625,0.0
2025-12-31 10:25:00+05:30,84834.6328125,84853.171875,84800.3515625,84823.4375,0.0
2025-12-31 10:30:00+05:30,84824.2265625,84908.8125,84819.078125,84900.9609375,0.0
2025-12-31 10:35:00+05:30,84900.9609375,84901.75,84864.0078125,84864.0078125,0.0
2025-12-31 10:40:00+05:30,84866.2265625,84939.4296875,84859.1875,84932.03125,0.0
2025-12-31 10:45:00+05:30,84927.203125,84953.6015625,84890.7421875,84918.59375,0.0
2025-12-31 10:50:00+05:30,84918.3984375,84930.3125,84891.8203125,84925.2109375,0.0
2025-12-31 10:55:00+05:30,84927.9375,84942.0703125,84907.703125,84940.9609375,0.0
2025-12-31 11:00:00+05:30,84943.0703125,84960.0390625,84927.203125,84948.7109375,0.0
2025-12-31 11:05:00+05:30,84952.671875,84974.15625,84937.2734375,84944.84375,0.0
2025-12-31 11:10:00+05:30,84938.9921875,84972.5625,84938.59375,84965.296875,0.0
2025-12-31 11:15:00+05:30,84963.28125,85012.140625,84959.5390625,84995.03125,0.0
2025-12-31 11:20:00+05:30,84997.78125,85000.7421875,84935.4296875,84942.8203125,0.0
2025-12-31 11:25:00+05:30,84942.8203125,84965.0703125,84914.359375,84939.7265625,0.0
2025-12-31 11:30:00+05:30,84926.859375,84951.8984375,84909.921875,84930.9375,0.0
2025-12-31 11:35:00+05:30,84928.5390625,84993.890625,84928.078125,84981.1171875,0.0
2025-12-31 11:40:00+05:30,84981.1171875,85028.453125,84979.3515625,85019.8515625,0.0
2025-12-31 11:45:00+05:30,85013.296875,85027.0234375,84977.25,85024.2109375,0.0
2025-12-31 11:50:00+05:30,85025.3515625,85067.421875,85016.75,85028.65625,0.0
2025-12-31 11:55:00+05:30,85025.671875,85044.6171875,85002.8828125,85037.7890625,0.0
2025-12-31 12:00:00+05:30,85036.46875,85054.671875,84987.609375,85040.4375,0.0
2025-12-31 12:05:00+05:30,85040.5,85071.5,85006.546875,85060.15625,0.0
2025-12-31 12:10:00+05:30,85060.5703125,85087.671875,85053.5625,85085.6171875,0.0
2025-12-31 12:15:00+05:30,85085.4375,85089.03125,85066.546875,85077.3671875,0.0
2025-12-31 12:20:00+05:30,85074.75,85121.859375,85071.9921875,85118.5078125,0.0
2025-12-31 12:25:00+05:30,85120.53125,85122.4296875,85068.890625,85104.65625,0.0
2025-12-31 12:30:00+05:30,85104.4921875,85156.203125,85101.3125,85155.453125,0.0
2025-12-31 12:35:00+05:30,85149.7265625,85171.5703125,85144.046875,85158.8984375,0.0
2025-12-31 12:40:00+05:30,85159.78125,85201.328125,85157.3984375,85200.8515625,0.0
2025-12-31 12:45:00+05:30,85200.6328125,85257.3828125,85200.6328125,85251.546875,0.0
2025-12-31 12:50:00+05:30,85252.140625,85288.0,85246.46875,85285.3515625,0.0
2025-12-31 12:55:00+05:30,85289.078125,85310.6484375,85281.0,85291.5390625,0.0
2025-12-31 13:00:00+05:30,85292.0625,85320.046875,85289.2734375,85296.6171875,0.0
2025-12-31 13:05:00+05:30,85296.3203125,85301.6875,85279.5703125,85289.6171875,0.0
2025-12-31 13:10:00+05:30,85289.4375,85313.546875,85283.859375,85312.2265625,0.0
2025-12-31 13:15:00+05:30,85312.2265625,85315.8515625,85259.328125,85291.0703125,0.0
2025-12-31 13:20:00+05:30,85291.0703125,85346.0703125,85287.5625,85311.5703125,0.0
2025-12-31 13:25:00+05:30,85311.6796875,85335.828125,85302.8125,85304.859375,0.0
2025-12-31 13:30:00+05:30,85304.96875,85351.7578125,85285.2265625,85309.890625,0.0
2025-12-31 13:35:00+05:30,85313.078125,85322.0703125,85255.953125,85268.46875,0.0
2025-12-31 13:40:00+05:30,85269.1171875,85314.40625,85257.421875,85292.0390625,0.0
2025-12-31 13:45:00+05:30,85288.46875,85332.65625,85279.7265625,85311.5,0.0
2025-12-31 13:50:00+05:30,85315.1796875,85335.546875,85296.59375,85312.3671875,0.0
2025-12-31 13:55:00+05:30,85309.90625,85400.140625,85297.9765625,85374.359375,0.0
2025-12-31 14:00:00+05:30,85374.828125,85376.859375,85299.8671875,85327.90625,0.0
2025-12-31 14:05:00+05:30,85328.6015625,85377.2421875,85319.5625,85353.75,0.0
2025-12-31 14:10:00+05:30,85352.796875,85370.59375,85346.3828125,85348.0,0.0
2025-12-31 14:15:00+05:30,85348.0,85353.1875,85318.359375,85322.671875,0.0
2025-12-31 14:20:00+05:30,85322.4765625,85358.0625,85285.6875,85300.421875,0.0
2025-12-31 14:25:00+05:30,85304.1484375,85367.7265625,85304.1484375,85328.21875,0.0
2025-12-31 14:30:00+05:30,85327.65625,85374.5625,85321.8828125,85329.7890625,0.0
2025-12-31 14:35:00+05:30,85328.890625,85399.53125,85318.2890625,85394.859375,0.0
2025-12-31 14:40:00+05:30,85398.0703125,85432.828125,85365.34375,85417.296875,0.0
2025-12-31 14:45:00+05:30,85417.9375,85437.1171875,85405.7421875,85424.0703125,0.0
2025-12-31 14:50:00+05:30,85424.6015625,85424.6015625,85365.546875,85392.078125,0.0
2025-12-31 14:55:00+05:30,85386.203125,85418.71875,85368.1015625,85385.09375,0.0
2025-12-31 15:00:00+05:30,85379.4921875,85379.953125,85218.8203125,85227.046875,0.0
2025-12-31 15:05:00+05:30,85223.2109375,85253.140625,85209.5234375,85235.4921875,0.0
2025-12-31 15:10:00+05:30,85235.0390625,85235.328125,85154.171875,85193.109375,0.0
2025-12-31 15:15:00+05:30,85196.859375,85232.5,85196.859375,85231.546875,0.0
2025-12-31 15:20:00+05:30,85231.546875,85231.640625,85226.03125,85226.1875,0.0
2025-12-31 15:25:00+05:30,85226.1875,85226.3125,85220.6484375,85220.65625,0.0
2026-01-01 09:15:00+05:30,85293.84375,85443.078125,85293.84375,85335.3984375,0.0
2026-01-01 09:20:00+05:30,85329.6875,85382.8125,85302.59375,85316.4765625,0.0
2026-01-01 09:25:00+05:30,85313.578125,85424.1171875,85289.2734375,85422.71875,0.0
2026-01-01 09:30:00+05:30,85424.53125,85424.53125,85349.140625,85380.34375,0.0
2026-01-01 09:35:00+05:30,85382.7890625,85408.921875,85332.46875,85345.7734375,0.0
2026-01-01 09:40:00+05:30,85350.828125,85417.578125,85333.0078125,85410.4765625,0.0
2026-01-01 09:45:00+05:30,85415.109375,85418.1171875,85337.890625,85413.9921875,0.0
2026-01-01 09:50:00+05:30,85419.0078125,85448.421875,85408.6484375,85409.5078125,0.0
2026-01-01 09:55:00+05:30,85407.921875,85415.03125,85293.203125,85318.0390625,0.0
2026-01-01 10:00:00+05:30,85317.3984375,85380.5078125,85298.1875,85369.21875,0.0
2026-01-01 10:05:00+05:30,85365.2890625,85402.9609375,85343.3125,85362.8125,0.0
2026-01-01 10:10:00+05:30,85361.21875,85361.21875,85276.7578125,85301.3515625,0.0
2026-01-01 10:15:00+05:30,85302.6328125,85302.703125,85211.7890625,85226.25,0.0
2026-01-01 10:20:00+05:30,85221.21875,85266.0703125,85172.421875,85263.0234375,0.0
2026-01-01 10:25:00+05:30,85254.7265625,85340.328125,85240.9765625,85339.453125,0.0
2026-01-01 10:30:00+05:30,85339.6484375,85360.359375,85268.6875,85360.359375,0.0
2026-01-01 10:35:00+05:30,85362.2734375,85380.6171875,85309.359375,85347.5078125,0.0
2026-01-01 10:40:00+05:30,85346.5703125,85347.1875,85285.59375,85321.8203125,0.0
2026-01-01 10:45:00+05:30,85320.6328125,85398.9765625,85319.84375,85394.78125,0.0
2026-01-01 10:50:00+05:30,85396.7109375,85412.6484375,85369.3828125,85371.140625,0.0
2026-01-01 10:55:00+05:30,85371.1796875,85402.078125,85326.9609375,85360.8203125,0.0
2026-01-01 11:00:00+05:30,85360.7734375,85401.34375,85311.2890625,85319.5625,0.0
2026-01-01 11:05:00+05:30,85319.8671875,85381.2421875,85316.5078125,85335.921875,0.0
2026-01-01 11:10:00+05:30,85335.921875,85368.859375,85301.59375,85365.078125,0.0
2026-01-01 11:15:00+05:30,85362.9765625,85364.0625,85295.9375,85330.96875,0.0
2026-01-01 11:20:00+05:30,85331.8515625,85355.71875,85322.640625,85328.6015625,0.0
2026-01-01 11:25:00+05:30,85329.9375,85364.6796875,85294.0234375,85343.203125,0.0
2026-01-01 11:30:00+05:30,85340.1015625,85344.0703125,85284.140625,85293.8203125,0.0
2026-01-01 11:35:00+05:30,85289.953125,85321.890625,85270.3515625,85284.25,0.0
2026-01-01 11:40:00+05:30,85283.078125,85314.15625,85238.3671875,85255.796875,0.0
2026-01-01 11:45:00+05:30,85255.9765625,85262.4921875,85208.1484375,85239.140625,0.0
2026-01-01 11:50:00+05:30,85239.7109375,85257.6796875,85186.921875,85255.0625,0.0
2026-01-01 11:55:00+05:30,85254.890625,85269.0,85208.3828125,85259.109375,0.0
2026-01-01 12:00:00+05:30,85255.1015625,85276.7265625,85210.0,85212.59375,0.0
2026-01-01 12:05:00+05:30,85214.453125,85242.609375,85163.5078125,85172.3828125,0.0
2026-01-01 12:10:00+05:30,85171.921875,85208.0,85166.671875,85181.8828125,0.0
2026-01-01 12:15:00+05:30,85183.859375,85206.2734375,85118.8203125,85185.2890625,0.0
2026-01-01 12:20:00+05:30,85184.78125,85225.0,85163.609375,85216.2421875,0.0
2026-01-01 12:25:00+05:30,85218.21875,85290.96875,85216.546875,85247.203125,0.0
2026-01-01 12:30:00+05:30,85246.1796875,85260.421875,85205.1171875,85251.390625,0.0
2026-01-01 12:35:00+05:30,85251.1015625,85270.140625,85168.7109375,85193.6484375,0.0
2026-01-01 12:40:00+05:30,85194.3515625,85234.0390625,85167.2734375,85218.328125,0.0
2026-01-01 12:45:00+05:30,85216.2890625,85291.546875,85209.1015625,85280.1328125,0.0
2026-01-01 12:50:00+05:30,85281.5390625,85281.671875,85220.546875,85264.078125,0.0
2026-01-01 12:55:00+05:30,85259.1484375,85276.796875,85243.1875,85262.25,0.0
2026-01-01 13:00:00+05:30,85262.546875,85274.0078125,85231.890625,85254.140625,0.0
2026-01-01 13:05:00+05:30,85254.953125,85288.46875,85245.046875,85256.8203125,0.0
2026-01-01 13:10:00+05:30,85257.7109375,85292.2890625,85226.6875,85269.3984375,0.0
2026-01-01 13:15:00+05:30,85275.46875,85312.109375,85253.328125,85305.0390625,0.0
2026-01-01 13:20:00+05:30,85305.90625,85311.2109375,85182.1796875,85209.0078125,0.0
2026-01-01 13:25:00+05:30,85209.3828125,85280.453125,85177.1484375,85269.4921875,0.0
2026-01-01 13:30:00+05:30,85268.5625,85293.7734375,85245.3515625,85251.296875,0.0
2026-01-01 13:35:00+05:30,85250.390625,85286.046875,85225.671875,85239.9765625,0.0
2026-01-01 13:40:00+05:30,85241.1484375,85259.6171875,85227.0,85245.8671875,0.0
2026-01-01 13:45:00+05:30,85244.7734375,85261.203125,85230.4921875,85260.921875,0.0
2026-01-01 13:50:00+05:30,85260.84375,85292.859375,85254.3828125,85288.1015625,0.0
2026-01-01 13:55:00+05:30,85288.1015625,85299.546875,85274.25,85291.03125,0.0
2026-01-01 14:00:00+05:30,85290.578125,85335.671875,85254.1875,85322.7265625,0.0
2026-01-01 14:05:00+05:30,85325.1796875,85345.390625,85290.9765625,85292.1484375,0.0
2026-01-01 14:10:00+05:30,85294.609375,85328.0703125,85284.8125,85307.65625,0.0
2026-01-01 14:15:00+05:30,85308.046875,85336.3515625,85296.53125,85323.15625,0.0
2026-01-01 14:20:00+05:30,85320.8984375,85340.171875,85267.5234375,85298.7578125,0.0
2026-01-01 14:25:00+05:30,85297.9375,85297.9375,85243.5625,85253.2734375,0.0
2026-01-01 14:30:00+05:30,85247.25,85297.3984375,85243.828125,85297.15625,0.0
2026-01-01 14:35:00+05:30,85297.15625,85304.203125,85275.9921875,85297.2109375,0.0
2026-01-01 14:40:00+05:30,85297.2109375,85297.5390625,85263.828125,85269.3203125,0.0
2026-01-01 14:45:00+05:30,85268.5625,85307.2578125,85246.328125,85270.171875,0.0
2026-01-01 14:50:00+05:30,85273.6875,85291.203125,85224.40625,85235.1484375,0.0
2026-01-01 14:55:00+05:30,85238.25,85294.5625,85227.1328125,85269.40625,0.0
2026-01-01 15:00:00+05:30,85270.390625,85283.0390625,85153.4375,85281.09375,0.0
2026-01-01 15:05:00+05:30,85277.9609375,85285.640625,85225.6875,85230.328125,0.0
2026-01-01 15:10:00+05:30,85227.6015625,85233.7421875,85154.796875,85180.65625,0.0
2026-01-01 15:15:00+05:30,85170.0390625,85210.78125,85170.0390625,85189.9296875,0.0
2026-01-01 15:20:00+05:30,85189.9296875,85190.2734375,85189.140625,85190.2421875,0.0
2026-01-01 15:25:00+05:30,85189.6171875,85189.6171875,85188.4921875,85188.6171875,0.0
2026-01-01 15:30:00+05:30,85188.6015625,85188.6015625,85188.6015625,85188.6015625,0.0
